region,period,indicator,group,label,value_type,n_woreda,n_reported,n_pairs,num_sum,denom_sum,pct_reported,value_pct,value_pct_capped
Addis Ababa,2025-Wk03-15,EBS_PPV,Identifying,Confirmed outbreaks among suspected events (EBS sensitivity),proportion,11,11,0,0,0,100,NA,NA
Addis Ababa,2025-Wk16-27,EBS_PPV,Identifying,Confirmed outbreaks among suspected events (EBS sensitivity),proportion,120,120,15,0,42,100,0,0
Addis Ababa,2025-Wk28-52,EBS_PPV,Identifying,Confirmed outbreaks among suspected events (EBS sensitivity),proportion,119,119,15,0,42,100,0,0
Afar,2025-Wk03-15,EBS_PPV,Identifying,Confirmed outbreaks among suspected events (EBS sensitivity),proportion,40,40,0,0,0,100,NA,NA
Afar,2025-Wk16-27,EBS_PPV,Identifying,Confirmed outbreaks among suspected events (EBS sensitivity),proportion,40,40,0,0,0,100,NA,NA
Afar,2025-Wk28-52,EBS_PPV,Identifying,Confirmed outbreaks among suspected events (EBS sensitivity),proportion,40,40,0,0,0,100,NA,NA
Amhara,2025-Wk03-15,EBS_PPV,Identifying,Confirmed outbreaks among suspected events (EBS sensitivity),proportion,221,0,0,0,0,0,NA,NA
Amhara,2025-Wk16-27,EBS_PPV,Identifying,Confirmed outbreaks among suspected events (EBS sensitivity),proportion,221,0,0,0,0,0,NA,NA
Amhara,2025-Wk28-52,EBS_PPV,Identifying,Confirmed outbreaks among suspected events (EBS sensitivity),proportion,221,0,0,0,0,0,NA,NA
Benishangul Gumuz,2025-Wk03-15,EBS_PPV,Identifying,Confirmed outbreaks among suspected events (EBS sensitivity),proportion,23,23,11,14,14,100,100,100
Benishangul Gumuz,2025-Wk16-27,EBS_PPV,Identifying,Confirmed outbreaks among suspected events (EBS sensitivity),proportion,23,23,1,1,1,100,100,100
Benishangul Gumuz,2025-Wk28-52,EBS_PPV,Identifying,Confirmed outbreaks among suspected events (EBS sensitivity),proportion,23,23,4,4,4,100,100,100
Central Ethiopia,2025-Wk03-15,EBS_PPV,Identifying,Confirmed outbreaks among suspected events (EBS sensitivity),proportion,82,82,82,97,97,100,100,100
Dire Dawa,2025-Wk03-15,EBS_PPV,Identifying,Confirmed outbreaks among suspected events (EBS sensitivity),proportion,18,18,0,0,0,100,NA,NA
Dire Dawa,2025-Wk16-27,EBS_PPV,Identifying,Confirmed outbreaks among suspected events (EBS sensitivity),proportion,18,18,0,0,0,100,NA,NA
Dire Dawa,2025-Wk28-52,EBS_PPV,Identifying,Confirmed outbreaks among suspected events (EBS sensitivity),proportion,18,18,0,0,0,100,NA,NA
Gambella,2025-Wk03-15,EBS_PPV,Identifying,Confirmed outbreaks among suspected events (EBS sensitivity),proportion,14,14,1,1,1,100,100,100
Gambella,2025-Wk16-27,EBS_PPV,Identifying,Confirmed outbreaks among suspected events (EBS sensitivity),proportion,14,14,0,0,0,100,NA,NA
Gambella,2025-Wk28-52,EBS_PPV,Identifying,Confirmed outbreaks among suspected events (EBS sensitivity),proportion,14,14,1,0,1,100,0,0
Harari,2025-Wk03-15,EBS_PPV,Identifying,Confirmed outbreaks among suspected events (EBS sensitivity),proportion,9,9,9,3,9,100,33.333333333333336,33.333333333333336
Harari,2025-Wk16-27,EBS_PPV,Identifying,Confirmed outbreaks among suspected events (EBS sensitivity),proportion,9,9,3,0,3,100,0,0
Harari,2025-Wk28-52,EBS_PPV,Identifying,Confirmed outbreaks among suspected events (EBS sensitivity),proportion,1,1,0,0,0,100,NA,NA
Oromia,2025-Wk03-15,EBS_PPV,Identifying,Confirmed outbreaks among suspected events (EBS sensitivity),proportion,444,444,0,0,0,100,NA,NA
Oromia,2025-Wk16-27,EBS_PPV,Identifying,Confirmed outbreaks among suspected events (EBS sensitivity),proportion,430,430,0,0,0,100,NA,NA
Oromia,2025-Wk28-52,EBS_PPV,Identifying,Confirmed outbreaks among suspected events (EBS sensitivity),proportion,8,8,0,0,0,100,NA,NA
Sidama,2025-Wk03-15,EBS_PPV,Identifying,Confirmed outbreaks among suspected events (EBS sensitivity),proportion,38,38,0,0,0,100,NA,NA
Sidama,2025-Wk16-27,EBS_PPV,Identifying,Confirmed outbreaks among suspected events (EBS sensitivity),proportion,38,38,0,0,0,100,NA,NA
Sidama,2025-Wk28-52,EBS_PPV,Identifying,Confirmed outbreaks among suspected events (EBS sensitivity),proportion,38,38,0,0,0,100,NA,NA
Somali,2025-Wk03-15,EBS_PPV,Identifying,Confirmed outbreaks among suspected events (EBS sensitivity),proportion,118,118,0,0,0,100,NA,NA
Somali,2025-Wk16-27,EBS_PPV,Identifying,Confirmed outbreaks among suspected events (EBS sensitivity),proportion,118,118,0,0,0,100,NA,NA
Somali,2025-Wk28-52,EBS_PPV,Identifying,Confirmed outbreaks among suspected events (EBS sensitivity),proportion,118,118,0,0,0,100,NA,NA
South Ethiopia,2025-Wk03-15,EBS_PPV,Identifying,Confirmed outbreaks among suspected events (EBS sensitivity),proportion,96,96,3,3,6,100,50,50
South Ethiopia,2025-Wk16-27,EBS_PPV,Identifying,Confirmed outbreaks among suspected events (EBS sensitivity),proportion,96,96,9,0,11,100,0,0
South Ethiopia,2025-Wk28-52,EBS_PPV,Identifying,Confirmed outbreaks among suspected events (EBS sensitivity),proportion,96,96,12,1,17,100,5.882352941176471,5.882352941176471
Tigray,2025-Wk03-15,EBS_PPV,Identifying,Confirmed outbreaks among suspected events (EBS sensitivity),proportion,84,81,8,0,8,96.4,0,0
Addis Ababa,2025-Wk03-15,EBS_DETECT,Identifying,Outbreaks detected through event-based surveillance,proportion,11,11,0,0,0,100,NA,NA
Addis Ababa,2025-Wk16-27,EBS_DETECT,Identifying,Outbreaks detected through event-based surveillance,proportion,120,120,0,0,0,100,NA,NA
Addis Ababa,2025-Wk28-52,EBS_DETECT,Identifying,Outbreaks detected through event-based surveillance,proportion,119,119,0,0,0,100,NA,NA
Afar,2025-Wk03-15,EBS_DETECT,Identifying,Outbreaks detected through event-based surveillance,proportion,40,40,2,0,2,100,0,0
Afar,2025-Wk16-27,EBS_DETECT,Identifying,Outbreaks detected through event-based surveillance,proportion,40,40,6,3,6,100,50,50
Afar,2025-Wk28-52,EBS_DETECT,Identifying,Outbreaks detected through event-based surveillance,proportion,40,40,0,0,0,100,NA,NA
Amhara,2025-Wk03-15,EBS_DETECT,Identifying,Outbreaks detected through event-based surveillance,proportion,221,18,0,0,0,8.1,NA,NA
Amhara,2025-Wk16-27,EBS_DETECT,Identifying,Outbreaks detected through event-based surveillance,proportion,221,0,0,0,0,0,NA,NA
Amhara,2025-Wk28-52,EBS_DETECT,Identifying,Outbreaks detected through event-based surveillance,proportion,221,0,0,0,0,0,NA,NA
Benishangul Gumuz,2025-Wk03-15,EBS_DETECT,Identifying,Outbreaks detected through event-based surveillance,proportion,23,23,9,9,9,100,100,100
Benishangul Gumuz,2025-Wk16-27,EBS_DETECT,Identifying,Outbreaks detected through event-based surveillance,proportion,23,23,1,1,1,100,100,100
Benishangul Gumuz,2025-Wk28-52,EBS_DETECT,Identifying,Outbreaks detected through event-based surveillance,proportion,23,23,4,4,4,100,100,100
Central Ethiopia,2025-Wk03-15,EBS_DETECT,Identifying,Outbreaks detected through event-based surveillance,proportion,82,82,82,97,97,100,100,100
Dire Dawa,2025-Wk03-15,EBS_DETECT,Identifying,Outbreaks detected through event-based surveillance,proportion,18,18,18,0,18,100,0,0
Dire Dawa,2025-Wk16-27,EBS_DETECT,Identifying,Outbreaks detected through event-based surveillance,proportion,18,18,0,0,0,100,NA,NA
Dire Dawa,2025-Wk28-52,EBS_DETECT,Identifying,Outbreaks detected through event-based surveillance,proportion,18,18,0,0,0,100,NA,NA
Gambella,2025-Wk03-15,EBS_DETECT,Identifying,Outbreaks detected through event-based surveillance,proportion,14,14,9,1,9,100,11.11111111111111,11.11111111111111
Gambella,2025-Wk16-27,EBS_DETECT,Identifying,Outbreaks detected through event-based surveillance,proportion,14,14,0,0,0,100,NA,NA
Gambella,2025-Wk28-52,EBS_DETECT,Identifying,Outbreaks detected through event-based surveillance,proportion,14,14,0,0,0,100,NA,NA
Harari,2025-Wk03-15,EBS_DETECT,Identifying,Outbreaks detected through event-based surveillance,proportion,9,9,3,3,4,100,75,75
Harari,2025-Wk16-27,EBS_DETECT,Identifying,Outbreaks detected through event-based surveillance,proportion,9,9,1,0,1,100,0,0
Harari,2025-Wk28-52,EBS_DETECT,Identifying,Outbreaks detected through event-based surveillance,proportion,1,1,0,0,0,100,NA,NA
Oromia,2025-Wk03-15,EBS_DETECT,Identifying,Outbreaks detected through event-based surveillance,proportion,444,444,0,0,0,100,NA,NA
Oromia,2025-Wk16-27,EBS_DETECT,Identifying,Outbreaks detected through event-based surveillance,proportion,430,430,0,0,0,100,NA,NA
Oromia,2025-Wk28-52,EBS_DETECT,Identifying,Outbreaks detected through event-based surveillance,proportion,8,8,0,0,0,100,NA,NA
Sidama,2025-Wk03-15,EBS_DETECT,Identifying,Outbreaks detected through event-based surveillance,proportion,38,38,0,0,0,100,NA,NA
Sidama,2025-Wk16-27,EBS_DETECT,Identifying,Outbreaks detected through event-based surveillance,proportion,38,38,0,0,0,100,NA,NA
Sidama,2025-Wk28-52,EBS_DETECT,Identifying,Outbreaks detected through event-based surveillance,proportion,38,38,0,0,0,100,NA,NA
Somali,2025-Wk03-15,EBS_DETECT,Identifying,Outbreaks detected through event-based surveillance,proportion,118,118,0,0,0,100,NA,NA
Somali,2025-Wk16-27,EBS_DETECT,Identifying,Outbreaks detected through event-based surveillance,proportion,118,118,0,0,0,100,NA,NA
Somali,2025-Wk28-52,EBS_DETECT,Identifying,Outbreaks detected through event-based surveillance,proportion,118,118,0,0,0,100,NA,NA
South Ethiopia,2025-Wk03-15,EBS_DETECT,Identifying,Outbreaks detected through event-based surveillance,proportion,96,96,96,3,96,100,3.125,3.125
South Ethiopia,2025-Wk16-27,EBS_DETECT,Identifying,Outbreaks detected through event-based surveillance,proportion,96,96,1,0,1,100,0,0
South Ethiopia,2025-Wk28-52,EBS_DETECT,Identifying,Outbreaks detected through event-based surveillance,proportion,96,96,3,1,5,100,20,20
Tigray,2025-Wk03-15,EBS_DETECT,Identifying,Outbreaks detected through event-based surveillance,proportion,84,81,4,0,4,96.4,0,0
Addis Ababa,2025-Wk03-15,DETECT_7D,Identifying,Outbreaks detected within 7 days,proportion,11,11,0,0,0,100,NA,NA
Addis Ababa,2025-Wk16-27,DETECT_7D,Identifying,Outbreaks detected within 7 days,proportion,120,120,0,0,0,100,NA,NA
Addis Ababa,2025-Wk28-52,DETECT_7D,Identifying,Outbreaks detected within 7 days,proportion,119,119,0,0,0,100,NA,NA
Afar,2025-Wk03-15,DETECT_7D,Identifying,Outbreaks detected within 7 days,proportion,40,40,2,2,2,100,100,100
Afar,2025-Wk16-27,DETECT_7D,Identifying,Outbreaks detected within 7 days,proportion,40,40,6,6,6,100,100,100
Afar,2025-Wk28-52,DETECT_7D,Identifying,Outbreaks detected within 7 days,proportion,40,40,0,0,0,100,NA,NA
Amhara,2025-Wk03-15,DETECT_7D,Identifying,Outbreaks detected within 7 days,proportion,221,18,18,1193,1193,8.1,100,100
Amhara,2025-Wk16-27,DETECT_7D,Identifying,Outbreaks detected within 7 days,proportion,221,0,0,0,0,0,NA,NA
Amhara,2025-Wk28-52,DETECT_7D,Identifying,Outbreaks detected within 7 days,proportion,221,0,0,0,0,0,NA,NA
Benishangul Gumuz,2025-Wk03-15,DETECT_7D,Identifying,Outbreaks detected within 7 days,proportion,23,23,9,7,9,100,77.77777777777777,77.77777777777777
Benishangul Gumuz,2025-Wk16-27,DETECT_7D,Identifying,Outbreaks detected within 7 days,proportion,23,23,1,1,1,100,100,100
Benishangul Gumuz,2025-Wk28-52,DETECT_7D,Identifying,Outbreaks detected within 7 days,proportion,23,23,4,4,4,100,100,100
Central Ethiopia,2025-Wk03-15,DETECT_7D,Identifying,Outbreaks detected within 7 days,proportion,82,82,82,97,97,100,100,100
Dire Dawa,2025-Wk03-15,DETECT_7D,Identifying,Outbreaks detected within 7 days,proportion,18,18,18,18,18,100,100,100
Dire Dawa,2025-Wk16-27,DETECT_7D,Identifying,Outbreaks detected within 7 days,proportion,18,18,0,0,0,100,NA,NA
Dire Dawa,2025-Wk28-52,DETECT_7D,Identifying,Outbreaks detected within 7 days,proportion,18,18,9,15,15,100,100,100
Gambella,2025-Wk03-15,DETECT_7D,Identifying,Outbreaks detected within 7 days,proportion,14,9,9,9,9,64.3,100,100
Gambella,2025-Wk16-27,DETECT_7D,Identifying,Outbreaks detected within 7 days,proportion,14,14,0,0,0,100,NA,NA
Gambella,2025-Wk28-52,DETECT_7D,Identifying,Outbreaks detected within 7 days,proportion,14,14,0,0,0,100,NA,NA
Harari,2025-Wk03-15,DETECT_7D,Identifying,Outbreaks detected within 7 days,proportion,9,9,3,3,4,100,75,75
Harari,2025-Wk16-27,DETECT_7D,Identifying,Outbreaks detected within 7 days,proportion,9,9,1,1,1,100,100,100
Harari,2025-Wk28-52,DETECT_7D,Identifying,Outbreaks detected within 7 days,proportion,1,1,0,0,0,100,NA,NA
Oromia,2025-Wk03-15,DETECT_7D,Identifying,Outbreaks detected within 7 days,proportion,444,48,37,35,43,10.8,81.3953488372093,81.3953488372093
Oromia,2025-Wk16-27,DETECT_7D,Identifying,Outbreaks detected within 7 days,proportion,430,30,29,26,29,7,89.65517241379311,89.65517241379311
Oromia,2025-Wk28-52,DETECT_7D,Identifying,Outbreaks detected within 7 days,proportion,8,8,8,7,8,100,87.5,87.5
Sidama,2025-Wk03-15,DETECT_7D,Identifying,Outbreaks detected within 7 days,proportion,38,38,6,6,6,100,100,100
Sidama,2025-Wk16-27,DETECT_7D,Identifying,Outbreaks detected within 7 days,proportion,38,38,1,1,1,100,100,100
Sidama,2025-Wk28-52,DETECT_7D,Identifying,Outbreaks detected within 7 days,proportion,38,38,3,3,3,100,100,100
Somali,2025-Wk03-15,DETECT_7D,Identifying,Outbreaks detected within 7 days,proportion,118,118,0,0,0,100,NA,NA
Somali,2025-Wk16-27,DETECT_7D,Identifying,Outbreaks detected within 7 days,proportion,118,118,0,0,0,100,NA,NA
Somali,2025-Wk28-52,DETECT_7D,Identifying,Outbreaks detected within 7 days,proportion,118,118,0,0,0,100,NA,NA
South Ethiopia,2025-Wk03-15,DETECT_7D,Identifying,Outbreaks detected within 7 days,proportion,96,96,6,5,6,100,83.33333333333333,83.33333333333333
South Ethiopia,2025-Wk16-27,DETECT_7D,Identifying,Outbreaks detected within 7 days,proportion,96,96,7,5,7,100,71.42857142857143,71.42857142857143
South Ethiopia,2025-Wk28-52,DETECT_7D,Identifying,Outbreaks detected within 7 days,proportion,96,96,9,8,10,100,80,80
Tigray,2025-Wk03-15,DETECT_7D,Identifying,Outbreaks detected within 7 days,proportion,84,4,4,2,4,4.8,50,50
Addis Ababa,2025-Wk03-15,RPT_TIMELY,Reporting,Surveillance reports submitted on time (timeliness),proportion,11,11,11,120,120,100,100,100
Addis Ababa,2025-Wk16-27,RPT_TIMELY,Reporting,Surveillance reports submitted on time (timeliness),proportion,120,120,110,110,110,100,100,100
Addis Ababa,2025-Wk28-52,RPT_TIMELY,Reporting,Surveillance reports submitted on time (timeliness),proportion,119,119,109,109,109,100,100,100
Afar,2025-Wk03-15,RPT_TIMELY,Reporting,Surveillance reports submitted on time (timeliness),proportion,40,40,40,485,520,100,93.26923076923077,93.26923076923077
Afar,2025-Wk16-27,RPT_TIMELY,Reporting,Surveillance reports submitted on time (timeliness),proportion,40,40,40,457,520,100,87.88461538461539,87.88461538461539
Afar,2025-Wk28-52,RPT_TIMELY,Reporting,Surveillance reports submitted on time (timeliness),proportion,40,40,40,850,1000,100,85,85
Amhara,2025-Wk03-15,RPT_TIMELY,Reporting,Surveillance reports submitted on time (timeliness),proportion,221,221,212,4596.692307692308,5040,100,91.20421245421245,91.20421245421245
Amhara,2025-Wk16-27,RPT_TIMELY,Reporting,Surveillance reports submitted on time (timeliness),proportion,221,221,200,4139.833333333333,4770,100,86.78895877009084,86.78895877009084
Amhara,2025-Wk28-52,RPT_TIMELY,Reporting,Surveillance reports submitted on time (timeliness),proportion,221,221,213,4521.333333333333,4949,100,91.35852360746279,91.35852360746279
Benishangul Gumuz,2025-Wk03-15,RPT_TIMELY,Reporting,Surveillance reports submitted on time (timeliness),proportion,23,23,23,299,299,100,100,100
Benishangul Gumuz,2025-Wk16-27,RPT_TIMELY,Reporting,Surveillance reports submitted on time (timeliness),proportion,23,23,23,270,299,100,90.3010033444816,90.3010033444816
Benishangul Gumuz,2025-Wk28-52,RPT_TIMELY,Reporting,Surveillance reports submitted on time (timeliness),proportion,23,23,23,536,575,100,93.21739130434783,93.21739130434783
Central Ethiopia,2025-Wk03-15,RPT_TIMELY,Reporting,Surveillance reports submitted on time (timeliness),proportion,82,82,82,82,82,100,100,100
Dire Dawa,2025-Wk03-15,RPT_TIMELY,Reporting,Surveillance reports submitted on time (timeliness),proportion,18,18,18,102,105,100,97.14285714285714,97.14285714285714
Dire Dawa,2025-Wk16-27,RPT_TIMELY,Reporting,Surveillance reports submitted on time (timeliness),proportion,18,18,18,100,105,100,95.23809523809524,95.23809523809524
Dire Dawa,2025-Wk28-52,RPT_TIMELY,Reporting,Surveillance reports submitted on time (timeliness),proportion,18,18,18,18,18,100,100,100
Gambella,2025-Wk03-15,RPT_TIMELY,Reporting,Surveillance reports submitted on time (timeliness),proportion,14,14,14,142,182,100,78.02197802197803,78.02197802197803
Gambella,2025-Wk16-27,RPT_TIMELY,Reporting,Surveillance reports submitted on time (timeliness),proportion,14,14,14,129,182,100,70.87912087912088,70.87912087912088
Gambella,2025-Wk28-52,RPT_TIMELY,Reporting,Surveillance reports submitted on time (timeliness),proportion,14,14,14,293,350,100,83.71428571428571,83.71428571428571
Harari,2025-Wk03-15,RPT_TIMELY,Reporting,Surveillance reports submitted on time (timeliness),proportion,9,9,9,117,117,100,100,100
Harari,2025-Wk16-27,RPT_TIMELY,Reporting,Surveillance reports submitted on time (timeliness),proportion,9,9,9,59,59,100,100,100
Harari,2025-Wk28-52,RPT_TIMELY,Reporting,Surveillance reports submitted on time (timeliness),proportion,1,1,1,9,9,100,100,100
Oromia,2025-Wk03-15,RPT_TIMELY,Reporting,Surveillance reports submitted on time (timeliness),proportion,444,439,437,1375,1554,98.9,88.48133848133848,88.48133848133848
Oromia,2025-Wk16-27,RPT_TIMELY,Reporting,Surveillance reports submitted on time (timeliness),proportion,430,426,424,1346,1523,99.1,88.37820091923834,88.37820091923834
Oromia,2025-Wk28-52,RPT_TIMELY,Reporting,Surveillance reports submitted on time (timeliness),proportion,8,8,8,44,45,100,97.77777777777777,97.77777777777777
Sidama,2025-Wk03-15,RPT_TIMELY,Reporting,Surveillance reports submitted on time (timeliness),proportion,38,38,38,488,494,100,98.78542510121457,98.78542510121457
Sidama,2025-Wk16-27,RPT_TIMELY,Reporting,Surveillance reports submitted on time (timeliness),proportion,38,38,38,444,456,100,97.36842105263158,97.36842105263158
Sidama,2025-Wk28-52,RPT_TIMELY,Reporting,Surveillance reports submitted on time (timeliness),proportion,38,38,38,969,988,100,98.07692307692308,98.07692307692308
Somali,2025-Wk03-15,RPT_TIMELY,Reporting,Surveillance reports submitted on time (timeliness),proportion,118,118,117,137,195,100,70.25641025641026,70.25641025641026
Somali,2025-Wk16-27,RPT_TIMELY,Reporting,Surveillance reports submitted on time (timeliness),proportion,118,118,117,137,195,100,70.25641025641026,70.25641025641026
Somali,2025-Wk28-52,RPT_TIMELY,Reporting,Surveillance reports submitted on time (timeliness),proportion,118,118,117,141,202,100,69.8019801980198,69.8019801980198
South Ethiopia,2025-Wk03-15,RPT_TIMELY,Reporting,Surveillance reports submitted on time (timeliness),proportion,96,96,96,1224,1248,100,98.07692307692308,98.07692307692308
South Ethiopia,2025-Wk16-27,RPT_TIMELY,Reporting,Surveillance reports submitted on time (timeliness),proportion,96,96,96,1224,1248,100,98.07692307692308,98.07692307692308
South Ethiopia,2025-Wk28-52,RPT_TIMELY,Reporting,Surveillance reports submitted on time (timeliness),proportion,96,96,96,2488,2496,100,99.67948717948718,99.67948717948718
Tigray,2025-Wk03-15,RPT_TIMELY,Reporting,Surveillance reports submitted on time (timeliness),proportion,84,12,11,31,36,14.3,86.11111111111111,86.11111111111111
Addis Ababa,2025-Wk03-15,RPT_COMPLETE,Reporting,Surveillance reports submitted completely (completeness),proportion,11,11,11,120,120,100,100,100
Addis Ababa,2025-Wk16-27,RPT_COMPLETE,Reporting,Surveillance reports submitted completely (completeness),proportion,120,120,119,119,119,100,100,100
Addis Ababa,2025-Wk28-52,RPT_COMPLETE,Reporting,Surveillance reports submitted completely (completeness),proportion,119,119,118,118,118,100,100,100
Afar,2025-Wk03-15,RPT_COMPLETE,Reporting,Surveillance reports submitted completely (completeness),proportion,40,40,40,497,520,100,95.57692307692308,95.57692307692308
Afar,2025-Wk16-27,RPT_COMPLETE,Reporting,Surveillance reports submitted completely (completeness),proportion,40,40,39,488,507,100,96.25246548323472,96.25246548323472
Afar,2025-Wk28-52,RPT_COMPLETE,Reporting,Surveillance reports submitted completely (completeness),proportion,40,40,40,1000,1000,100,100,100
Amhara,2025-Wk03-15,RPT_COMPLETE,Reporting,Surveillance reports submitted completely (completeness),proportion,221,221,213,4639.538461538462,5076,100,91.40146693338183,91.40146693338183
Amhara,2025-Wk16-27,RPT_COMPLETE,Reporting,Surveillance reports submitted completely (completeness),proportion,221,221,213,4683.333333333333,5076,100,92.2642500656685,92.2642500656685
Amhara,2025-Wk28-52,RPT_COMPLETE,Reporting,Surveillance reports submitted completely (completeness),proportion,221,221,213,4521.333333333333,4949,100,91.35852360746279,91.35852360746279
Benishangul Gumuz,2025-Wk03-15,RPT_COMPLETE,Reporting,Surveillance reports submitted completely (completeness),proportion,23,23,23,299,299,100,100,100
Benishangul Gumuz,2025-Wk16-27,RPT_COMPLETE,Reporting,Surveillance reports submitted completely (completeness),proportion,23,23,23,279,299,100,93.31103678929766,93.31103678929766
Benishangul Gumuz,2025-Wk28-52,RPT_COMPLETE,Reporting,Surveillance reports submitted completely (completeness),proportion,23,23,23,536,575,100,93.21739130434783,93.21739130434783
Central Ethiopia,2025-Wk03-15,RPT_COMPLETE,Reporting,Surveillance reports submitted completely (completeness),proportion,82,82,82,82,82,100,100,100
Dire Dawa,2025-Wk03-15,RPT_COMPLETE,Reporting,Surveillance reports submitted completely (completeness),proportion,18,18,18,104,105,100,99.04761904761905,99.04761904761905
Dire Dawa,2025-Wk16-27,RPT_COMPLETE,Reporting,Surveillance reports submitted completely (completeness),proportion,18,18,18,105,105,100,100,100
Dire Dawa,2025-Wk28-52,RPT_COMPLETE,Reporting,Surveillance reports submitted completely (completeness),proportion,18,18,18,18,18,100,100,100
Gambella,2025-Wk03-15,RPT_COMPLETE,Reporting,Surveillance reports submitted completely (completeness),proportion,14,14,14,182,182,100,100,100
Gambella,2025-Wk16-27,RPT_COMPLETE,Reporting,Surveillance reports submitted completely (completeness),proportion,14,14,14,182,182,100,100,100
Gambella,2025-Wk28-52,RPT_COMPLETE,Reporting,Surveillance reports submitted completely (completeness),proportion,14,14,14,350,350,100,100,100
Harari,2025-Wk03-15,RPT_COMPLETE,Reporting,Surveillance reports submitted completely (completeness),proportion,9,9,9,117,117,100,100,100
Harari,2025-Wk16-27,RPT_COMPLETE,Reporting,Surveillance reports submitted completely (completeness),proportion,9,9,9,59,59,100,100,100
Harari,2025-Wk28-52,RPT_COMPLETE,Reporting,Surveillance reports submitted completely (completeness),proportion,1,1,1,9,9,100,100,100
Sidama,2025-Wk03-15,RPT_COMPLETE,Reporting,Surveillance reports submitted completely (completeness),proportion,38,38,38,494,494,100,100,100
Sidama,2025-Wk16-27,RPT_COMPLETE,Reporting,Surveillance reports submitted completely (completeness),proportion,38,38,38,453,456,100,99.34210526315789,99.34210526315789
Sidama,2025-Wk28-52,RPT_COMPLETE,Reporting,Surveillance reports submitted completely (completeness),proportion,38,38,38,981,988,100,99.2914979757085,99.2914979757085
Somali,2025-Wk03-15,RPT_COMPLETE,Reporting,Surveillance reports submitted completely (completeness),proportion,118,118,118,143,240,100,59.583333333333336,59.583333333333336
Somali,2025-Wk16-27,RPT_COMPLETE,Reporting,Surveillance reports submitted completely (completeness),proportion,118,118,118,143,240,100,59.583333333333336,59.583333333333336
Somali,2025-Wk28-52,RPT_COMPLETE,Reporting,Surveillance reports submitted completely (completeness),proportion,118,118,118,143,240,100,59.583333333333336,59.583333333333336
South Ethiopia,2025-Wk03-15,RPT_COMPLETE,Reporting,Surveillance reports submitted completely (completeness),proportion,96,96,96,1248,1248,100,100,100
South Ethiopia,2025-Wk16-27,RPT_COMPLETE,Reporting,Surveillance reports submitted completely (completeness),proportion,96,96,96,1248,1248,100,100,100
South Ethiopia,2025-Wk28-52,RPT_COMPLETE,Reporting,Surveillance reports submitted completely (completeness),proportion,96,96,96,2494,2496,100,99.9198717948718,99.9198717948718
Tigray,2025-Wk03-15,RPT_COMPLETE,Reporting,Surveillance reports submitted completely (completeness),proportion,84,12,12,33,35,14.3,94.28571428571429,94.28571428571429
Addis Ababa,2025-Wk03-15,CB_ELIM,Reporting,Case-based reporting: elimination/eradication diseases,proportion,11,11,11,1259,1259,100,100,100
Addis Ababa,2025-Wk16-27,CB_ELIM,Reporting,Case-based reporting: elimination/eradication diseases,proportion,120,120,73,847,847,100,100,100
Addis Ababa,2025-Wk28-52,CB_ELIM,Reporting,Case-based reporting: elimination/eradication diseases,proportion,119,119,72,814,814,100,100,100
Afar,2025-Wk03-15,CB_ELIM,Reporting,Case-based reporting: elimination/eradication diseases,proportion,40,40,0,0,0,100,NA,NA
Afar,2025-Wk16-27,CB_ELIM,Reporting,Case-based reporting: elimination/eradication diseases,proportion,40,40,3,35,38,100,92.10526315789474,92.10526315789474
Afar,2025-Wk28-52,CB_ELIM,Reporting,Case-based reporting: elimination/eradication diseases,proportion,40,40,6,28,37,100,75.67567567567568,75.67567567567568
Amhara,2025-Wk03-15,CB_ELIM,Reporting,Case-based reporting: elimination/eradication diseases,proportion,221,221,51,267,1262,100,21.15689381933439,21.15689381933439
Amhara,2025-Wk16-27,CB_ELIM,Reporting,Case-based reporting: elimination/eradication diseases,proportion,221,0,0,0,0,0,NA,NA
Amhara,2025-Wk28-52,CB_ELIM,Reporting,Case-based reporting: elimination/eradication diseases,proportion,221,0,0,0,0,0,NA,NA
Benishangul Gumuz,2025-Wk03-15,CB_ELIM,Reporting,Case-based reporting: elimination/eradication diseases,proportion,23,23,15,1021,1512,100,67.52645502645503,67.52645502645503
Benishangul Gumuz,2025-Wk16-27,CB_ELIM,Reporting,Case-based reporting: elimination/eradication diseases,proportion,23,23,13,11,638,100,1.7241379310344827,1.7241379310344827
Benishangul Gumuz,2025-Wk28-52,CB_ELIM,Reporting,Case-based reporting: elimination/eradication diseases,proportion,23,23,10,19,35,100,54.285714285714285,54.285714285714285
Central Ethiopia,2025-Wk03-15,CB_ELIM,Reporting,Case-based reporting: elimination/eradication diseases,proportion,82,82,15,396,402,100,98.50746268656717,98.50746268656717
Dire Dawa,2025-Wk03-15,CB_ELIM,Reporting,Case-based reporting: elimination/eradication diseases,proportion,18,18,11,567,601,100,94.34276206322795,94.34276206322795
Dire Dawa,2025-Wk16-27,CB_ELIM,Reporting,Case-based reporting: elimination/eradication diseases,proportion,18,18,6,56,75,100,74.66666666666667,74.66666666666667
Dire Dawa,2025-Wk28-52,CB_ELIM,Reporting,Case-based reporting: elimination/eradication diseases,proportion,18,18,8,1221,1266,100,96.44549763033176,96.44549763033176
Gambella,2025-Wk03-15,CB_ELIM,Reporting,Case-based reporting: elimination/eradication diseases,proportion,14,14,3,1393,1495,100,93.17725752508362,93.17725752508362
Gambella,2025-Wk16-27,CB_ELIM,Reporting,Case-based reporting: elimination/eradication diseases,proportion,14,14,0,0,0,100,NA,NA
Gambella,2025-Wk28-52,CB_ELIM,Reporting,Case-based reporting: elimination/eradication diseases,proportion,14,14,0,0,0,100,NA,NA
Harari,2025-Wk03-15,CB_ELIM,Reporting,Case-based reporting: elimination/eradication diseases,proportion,9,9,9,192,192,100,100,100
Harari,2025-Wk16-27,CB_ELIM,Reporting,Case-based reporting: elimination/eradication diseases,proportion,9,9,9,1580,1742,100,90.70034443168771,90.70034443168771
Harari,2025-Wk28-52,CB_ELIM,Reporting,Case-based reporting: elimination/eradication diseases,proportion,1,1,1,46,52,100,88.46153846153847,88.46153846153847
Oromia,2025-Wk03-15,CB_ELIM,Reporting,Case-based reporting: elimination/eradication diseases,proportion,444,47,37,916,2075,10.6,44.144578313253014,44.144578313253014
Oromia,2025-Wk16-27,CB_ELIM,Reporting,Case-based reporting: elimination/eradication diseases,proportion,430,12,11,204,259,2.8,78.76447876447877,78.76447876447877
Oromia,2025-Wk28-52,CB_ELIM,Reporting,Case-based reporting: elimination/eradication diseases,proportion,8,8,5,106,239,100,44.35146443514645,44.35146443514645
Sidama,2025-Wk03-15,CB_ELIM,Reporting,Case-based reporting: elimination/eradication diseases,proportion,38,38,10,152,254,100,59.84251968503937,59.84251968503937
Sidama,2025-Wk16-27,CB_ELIM,Reporting,Case-based reporting: elimination/eradication diseases,proportion,38,38,1,1,1,100,100,100
Sidama,2025-Wk28-52,CB_ELIM,Reporting,Case-based reporting: elimination/eradication diseases,proportion,38,38,3,10,10,100,100,100
Somali,2025-Wk03-15,CB_ELIM,Reporting,Case-based reporting: elimination/eradication diseases,proportion,118,118,0,0,0,100,NA,NA
Somali,2025-Wk16-27,CB_ELIM,Reporting,Case-based reporting: elimination/eradication diseases,proportion,118,118,0,0,0,100,NA,NA
Somali,2025-Wk28-52,CB_ELIM,Reporting,Case-based reporting: elimination/eradication diseases,proportion,118,118,0,0,0,100,NA,NA
South Ethiopia,2025-Wk03-15,CB_ELIM,Reporting,Case-based reporting: elimination/eradication diseases,proportion,96,96,6,265,265,100,100,100
South Ethiopia,2025-Wk16-27,CB_ELIM,Reporting,Case-based reporting: elimination/eradication diseases,proportion,96,96,1,1,1,100,100,100
South Ethiopia,2025-Wk28-52,CB_ELIM,Reporting,Case-based reporting: elimination/eradication diseases,proportion,96,96,1,1,1,100,100,100
Tigray,2025-Wk03-15,CB_ELIM,Reporting,Case-based reporting: elimination/eradication diseases,proportion,84,12,12,401,637,14.3,62.95133437990581,62.95133437990581
Addis Ababa,2025-Wk03-15,CB_EVENTS,Reporting,Case-based reporting: selected events/conditions,proportion,11,11,11,1259,1259,100,100,100
Addis Ababa,2025-Wk16-27,CB_EVENTS,Reporting,Case-based reporting: selected events/conditions,proportion,120,120,73,847,847,100,100,100
Addis Ababa,2025-Wk28-52,CB_EVENTS,Reporting,Case-based reporting: selected events/conditions,proportion,119,119,72,814,814,100,100,100
Afar,2025-Wk03-15,CB_EVENTS,Reporting,Case-based reporting: selected events/conditions,proportion,40,40,2,5,11,100,45.45454545454545,45.45454545454545
Afar,2025-Wk16-27,CB_EVENTS,Reporting,Case-based reporting: selected events/conditions,proportion,40,40,4,7,26,100,26.923076923076923,26.923076923076923
Afar,2025-Wk28-52,CB_EVENTS,Reporting,Case-based reporting: selected events/conditions,proportion,40,40,6,28,37,100,75.67567567567568,75.67567567567568
Amhara,2025-Wk03-15,CB_EVENTS,Reporting,Case-based reporting: selected events/conditions,proportion,221,221,54,329,461,100,71.36659436008676,71.36659436008676
Amhara,2025-Wk16-27,CB_EVENTS,Reporting,Case-based reporting: selected events/conditions,proportion,221,0,0,0,0,0,NA,NA
Amhara,2025-Wk28-52,CB_EVENTS,Reporting,Case-based reporting: selected events/conditions,proportion,221,0,0,0,0,0,NA,NA
Benishangul Gumuz,2025-Wk03-15,CB_EVENTS,Reporting,Case-based reporting: selected events/conditions,proportion,23,23,13,16,80,100,20,20
Benishangul Gumuz,2025-Wk16-27,CB_EVENTS,Reporting,Case-based reporting: selected events/conditions,proportion,23,23,9,63,91,100,69.23076923076923,69.23076923076923
Benishangul Gumuz,2025-Wk28-52,CB_EVENTS,Reporting,Case-based reporting: selected events/conditions,proportion,23,23,11,140,197,100,71.06598984771574,71.06598984771574
Central Ethiopia,2025-Wk03-15,CB_EVENTS,Reporting,Case-based reporting: selected events/conditions,proportion,82,82,17,243,243,100,100,100
Dire Dawa,2025-Wk03-15,CB_EVENTS,Reporting,Case-based reporting: selected events/conditions,proportion,18,18,2,45,45,100,100,100
Dire Dawa,2025-Wk16-27,CB_EVENTS,Reporting,Case-based reporting: selected events/conditions,proportion,18,18,3,58,58,100,100,100
Dire Dawa,2025-Wk28-52,CB_EVENTS,Reporting,Case-based reporting: selected events/conditions,proportion,18,18,4,83,83,100,100,100
Gambella,2025-Wk03-15,CB_EVENTS,Reporting,Case-based reporting: selected events/conditions,proportion,14,14,3,0,11,100,0,0
Gambella,2025-Wk16-27,CB_EVENTS,Reporting,Case-based reporting: selected events/conditions,proportion,14,14,0,0,0,100,NA,NA
Gambella,2025-Wk28-52,CB_EVENTS,Reporting,Case-based reporting: selected events/conditions,proportion,14,14,0,0,0,100,NA,NA
Harari,2025-Wk03-15,CB_EVENTS,Reporting,Case-based reporting: selected events/conditions,proportion,9,9,0,0,0,100,NA,NA
Harari,2025-Wk16-27,CB_EVENTS,Reporting,Case-based reporting: selected events/conditions,proportion,9,9,2,113,118,100,95.76271186440678,95.76271186440678
Harari,2025-Wk28-52,CB_EVENTS,Reporting,Case-based reporting: selected events/conditions,proportion,1,1,1,13,205,100,6.341463414634147,6.341463414634147
Oromia,2025-Wk03-15,CB_EVENTS,Reporting,Case-based reporting: selected events/conditions,proportion,444,444,121,118,853,100,13.833528722157093,13.833528722157093
Oromia,2025-Wk16-27,CB_EVENTS,Reporting,Case-based reporting: selected events/conditions,proportion,430,423,133,382,815,98.4,46.87116564417178,46.87116564417178
Oromia,2025-Wk28-52,CB_EVENTS,Reporting,Case-based reporting: selected events/conditions,proportion,8,8,8,30,354,100,8.474576271186441,8.474576271186441
Sidama,2025-Wk03-15,CB_EVENTS,Reporting,Case-based reporting: selected events/conditions,proportion,38,38,6,52,121,100,42.97520661157025,42.97520661157025
Sidama,2025-Wk16-27,CB_EVENTS,Reporting,Case-based reporting: selected events/conditions,proportion,38,38,15,77,447,100,17.225950782997764,17.225950782997764
Sidama,2025-Wk28-52,CB_EVENTS,Reporting,Case-based reporting: selected events/conditions,proportion,38,38,17,152,244,100,62.295081967213115,62.295081967213115
Somali,2025-Wk03-15,CB_EVENTS,Reporting,Case-based reporting: selected events/conditions,proportion,118,118,1,1,1,100,100,100
Somali,2025-Wk16-27,CB_EVENTS,Reporting,Case-based reporting: selected events/conditions,proportion,118,118,1,1,1,100,100,100
Somali,2025-Wk28-52,CB_EVENTS,Reporting,Case-based reporting: selected events/conditions,proportion,118,118,1,1,1,100,100,100
South Ethiopia,2025-Wk03-15,CB_EVENTS,Reporting,Case-based reporting: selected events/conditions,proportion,96,96,20,102,392,100,26.020408163265305,26.020408163265305
South Ethiopia,2025-Wk16-27,CB_EVENTS,Reporting,Case-based reporting: selected events/conditions,proportion,96,96,16,60,294,100,20.408163265306122,20.408163265306122
South Ethiopia,2025-Wk28-52,CB_EVENTS,Reporting,Case-based reporting: selected events/conditions,proportion,96,96,20,178,315,100,56.507936507936506,56.507936507936506
Tigray,2025-Wk03-15,CB_EVENTS,Reporting,Case-based reporting: selected events/conditions,proportion,84,0,0,0,0,0,NA,NA
Addis Ababa,2025-Wk03-15,NOTIFY_24H,Reporting,Suspected outbreaks notified within 24 hours,proportion,11,11,11,114,114,100,100,100
Addis Ababa,2025-Wk16-27,NOTIFY_24H,Reporting,Suspected outbreaks notified within 24 hours,proportion,120,120,56,110,110,100,100,100
Addis Ababa,2025-Wk28-52,NOTIFY_24H,Reporting,Suspected outbreaks notified within 24 hours,proportion,119,119,0,0,0,100,NA,NA
Afar,2025-Wk03-15,NOTIFY_24H,Reporting,Suspected outbreaks notified within 24 hours,proportion,40,40,2,2,2,100,100,100
Afar,2025-Wk16-27,NOTIFY_24H,Reporting,Suspected outbreaks notified within 24 hours,proportion,40,40,4,3,4,100,75,75
Afar,2025-Wk28-52,NOTIFY_24H,Reporting,Suspected outbreaks notified within 24 hours,proportion,40,40,0,0,0,100,NA,NA
Amhara,2025-Wk03-15,NOTIFY_24H,Reporting,Suspected outbreaks notified within 24 hours,proportion,221,0,0,0,0,0,NA,NA
Amhara,2025-Wk16-27,NOTIFY_24H,Reporting,Suspected outbreaks notified within 24 hours,proportion,221,0,0,0,0,0,NA,NA
Amhara,2025-Wk28-52,NOTIFY_24H,Reporting,Suspected outbreaks notified within 24 hours,proportion,221,0,0,0,0,0,NA,NA
Benishangul Gumuz,2025-Wk03-15,NOTIFY_24H,Reporting,Suspected outbreaks notified within 24 hours,proportion,23,23,9,8,9,100,88.88888888888889,88.88888888888889
Benishangul Gumuz,2025-Wk16-27,NOTIFY_24H,Reporting,Suspected outbreaks notified within 24 hours,proportion,23,23,5,11,11,100,100,100
Benishangul Gumuz,2025-Wk28-52,NOTIFY_24H,Reporting,Suspected outbreaks notified within 24 hours,proportion,23,23,4,4,4,100,100,100
Central Ethiopia,2025-Wk03-15,NOTIFY_24H,Reporting,Suspected outbreaks notified within 24 hours,proportion,82,82,82,97,97,100,100,100
Dire Dawa,2025-Wk03-15,NOTIFY_24H,Reporting,Suspected outbreaks notified within 24 hours,proportion,18,18,1,1,1,100,100,100
Dire Dawa,2025-Wk16-27,NOTIFY_24H,Reporting,Suspected outbreaks notified within 24 hours,proportion,18,18,0,0,0,100,NA,NA
Dire Dawa,2025-Wk28-52,NOTIFY_24H,Reporting,Suspected outbreaks notified within 24 hours,proportion,18,18,6,6,6,100,100,100
Gambella,2025-Wk03-15,NOTIFY_24H,Reporting,Suspected outbreaks notified within 24 hours,proportion,14,14,9,9,9,100,100,100
Gambella,2025-Wk16-27,NOTIFY_24H,Reporting,Suspected outbreaks notified within 24 hours,proportion,14,14,0,0,0,100,NA,NA
Gambella,2025-Wk28-52,NOTIFY_24H,Reporting,Suspected outbreaks notified within 24 hours,proportion,14,14,0,0,0,100,NA,NA
Harari,2025-Wk03-15,NOTIFY_24H,Reporting,Suspected outbreaks notified within 24 hours,proportion,9,9,4,0,4,100,0,0
Harari,2025-Wk16-27,NOTIFY_24H,Reporting,Suspected outbreaks notified within 24 hours,proportion,9,9,9,12,16,100,75,75
Harari,2025-Wk28-52,NOTIFY_24H,Reporting,Suspected outbreaks notified within 24 hours,proportion,1,1,1,0,1,100,0,0
Oromia,2025-Wk03-15,NOTIFY_24H,Reporting,Suspected outbreaks notified within 24 hours,proportion,444,0,0,0,0,0,NA,NA
Oromia,2025-Wk16-27,NOTIFY_24H,Reporting,Suspected outbreaks notified within 24 hours,proportion,430,26,26,19,26,6,73.07692307692308,73.07692307692308
Oromia,2025-Wk28-52,NOTIFY_24H,Reporting,Suspected outbreaks notified within 24 hours,proportion,8,0,0,0,0,0,NA,NA
Sidama,2025-Wk03-15,NOTIFY_24H,Reporting,Suspected outbreaks notified within 24 hours,proportion,38,38,6,6,6,100,100,100
Sidama,2025-Wk16-27,NOTIFY_24H,Reporting,Suspected outbreaks notified within 24 hours,proportion,38,38,1,0,1,100,0,0
Sidama,2025-Wk28-52,NOTIFY_24H,Reporting,Suspected outbreaks notified within 24 hours,proportion,38,38,3,3,3,100,100,100
Somali,2025-Wk03-15,NOTIFY_24H,Reporting,Suspected outbreaks notified within 24 hours,proportion,118,118,0,0,0,100,NA,NA
Somali,2025-Wk16-27,NOTIFY_24H,Reporting,Suspected outbreaks notified within 24 hours,proportion,118,118,0,0,0,100,NA,NA
Somali,2025-Wk28-52,NOTIFY_24H,Reporting,Suspected outbreaks notified within 24 hours,proportion,118,118,0,0,0,100,NA,NA
South Ethiopia,2025-Wk03-15,NOTIFY_24H,Reporting,Suspected outbreaks notified within 24 hours,proportion,96,96,96,4,96,100,4.166666666666667,4.166666666666667
South Ethiopia,2025-Wk16-27,NOTIFY_24H,Reporting,Suspected outbreaks notified within 24 hours,proportion,96,96,96,5,96,100,5.208333333333333,5.208333333333333
South Ethiopia,2025-Wk28-52,NOTIFY_24H,Reporting,Suspected outbreaks notified within 24 hours,proportion,96,96,96,3,99,100,3.0303030303030303,3.0303030303030303
Tigray,2025-Wk03-15,NOTIFY_24H,Reporting,Suspected outbreaks notified within 24 hours,proportion,84,0,0,0,0,0,NA,NA
Addis Ababa,2025-Wk03-15,NOTIFY_30M,Reporting,Immediately reportable events notified within 30 minutes,proportion,11,11,11,114,114,100,100,100
Addis Ababa,2025-Wk16-27,NOTIFY_30M,Reporting,Immediately reportable events notified within 30 minutes,proportion,120,120,56,214,214,100,100,100
Addis Ababa,2025-Wk28-52,NOTIFY_30M,Reporting,Immediately reportable events notified within 30 minutes,proportion,119,119,55,0,213,100,0,0
Afar,2025-Wk03-15,NOTIFY_30M,Reporting,Immediately reportable events notified within 30 minutes,proportion,40,40,2,0,2,100,0,0
Afar,2025-Wk16-27,NOTIFY_30M,Reporting,Immediately reportable events notified within 30 minutes,proportion,40,40,3,0,3,100,0,0
Afar,2025-Wk28-52,NOTIFY_30M,Reporting,Immediately reportable events notified within 30 minutes,proportion,40,40,0,0,0,100,NA,NA
Amhara,2025-Wk03-15,NOTIFY_30M,Reporting,Immediately reportable events notified within 30 minutes,proportion,221,0,0,0,0,0,NA,NA
Amhara,2025-Wk16-27,NOTIFY_30M,Reporting,Immediately reportable events notified within 30 minutes,proportion,221,0,0,0,0,0,NA,NA
Amhara,2025-Wk28-52,NOTIFY_30M,Reporting,Immediately reportable events notified within 30 minutes,proportion,221,0,0,0,0,0,NA,NA
Benishangul Gumuz,2025-Wk03-15,NOTIFY_30M,Reporting,Immediately reportable events notified within 30 minutes,proportion,23,23,9,8,9,100,88.88888888888889,88.88888888888889
Benishangul Gumuz,2025-Wk16-27,NOTIFY_30M,Reporting,Immediately reportable events notified within 30 minutes,proportion,23,23,6,13,13,100,100,100
Benishangul Gumuz,2025-Wk28-52,NOTIFY_30M,Reporting,Immediately reportable events notified within 30 minutes,proportion,23,23,4,4,4,100,100,100
Central Ethiopia,2025-Wk03-15,NOTIFY_30M,Reporting,Immediately reportable events notified within 30 minutes,proportion,82,82,82,97,97,100,100,100
Dire Dawa,2025-Wk03-15,NOTIFY_30M,Reporting,Immediately reportable events notified within 30 minutes,proportion,18,18,1,1,1,100,100,100
Dire Dawa,2025-Wk16-27,NOTIFY_30M,Reporting,Immediately reportable events notified within 30 minutes,proportion,18,18,0,0,0,100,NA,NA
Dire Dawa,2025-Wk28-52,NOTIFY_30M,Reporting,Immediately reportable events notified within 30 minutes,proportion,18,18,9,9,9,100,100,100
Gambella,2025-Wk03-15,NOTIFY_30M,Reporting,Immediately reportable events notified within 30 minutes,proportion,14,14,9,7,9,100,77.77777777777777,77.77777777777777
Gambella,2025-Wk16-27,NOTIFY_30M,Reporting,Immediately reportable events notified within 30 minutes,proportion,14,14,0,0,0,100,NA,NA
Gambella,2025-Wk28-52,NOTIFY_30M,Reporting,Immediately reportable events notified within 30 minutes,proportion,14,14,0,0,0,100,NA,NA
Harari,2025-Wk03-15,NOTIFY_30M,Reporting,Immediately reportable events notified within 30 minutes,proportion,9,9,4,0,4,100,0,0
Harari,2025-Wk16-27,NOTIFY_30M,Reporting,Immediately reportable events notified within 30 minutes,proportion,9,9,9,9,16,100,56.25,56.25
Harari,2025-Wk28-52,NOTIFY_30M,Reporting,Immediately reportable events notified within 30 minutes,proportion,1,1,0,0,0,100,NA,NA
Oromia,2025-Wk03-15,NOTIFY_30M,Reporting,Immediately reportable events notified within 30 minutes,proportion,444,0,0,0,0,0,NA,NA
Oromia,2025-Wk16-27,NOTIFY_30M,Reporting,Immediately reportable events notified within 30 minutes,proportion,430,26,26,19,26,6,73.07692307692308,73.07692307692308
Oromia,2025-Wk28-52,NOTIFY_30M,Reporting,Immediately reportable events notified within 30 minutes,proportion,8,0,0,0,0,0,NA,NA
Sidama,2025-Wk03-15,NOTIFY_30M,Reporting,Immediately reportable events notified within 30 minutes,proportion,38,38,0,0,0,100,NA,NA
Sidama,2025-Wk16-27,NOTIFY_30M,Reporting,Immediately reportable events notified within 30 minutes,proportion,38,38,1,0,1,100,0,0
Sidama,2025-Wk28-52,NOTIFY_30M,Reporting,Immediately reportable events notified within 30 minutes,proportion,38,38,4,3,4,100,75,75
Somali,2025-Wk03-15,NOTIFY_30M,Reporting,Immediately reportable events notified within 30 minutes,proportion,118,118,0,0,0,100,NA,NA
Somali,2025-Wk16-27,NOTIFY_30M,Reporting,Immediately reportable events notified within 30 minutes,proportion,118,118,0,0,0,100,NA,NA
Somali,2025-Wk28-52,NOTIFY_30M,Reporting,Immediately reportable events notified within 30 minutes,proportion,118,118,0,0,0,100,NA,NA
South Ethiopia,2025-Wk03-15,NOTIFY_30M,Reporting,Immediately reportable events notified within 30 minutes,proportion,96,96,6,2,9,100,22.22222222222222,22.22222222222222
South Ethiopia,2025-Wk16-27,NOTIFY_30M,Reporting,Immediately reportable events notified within 30 minutes,proportion,96,96,7,2,10,100,20,20
South Ethiopia,2025-Wk28-52,NOTIFY_30M,Reporting,Immediately reportable events notified within 30 minutes,proportion,96,96,8,3,11,100,27.272727272727273,27.272727272727273
Tigray,2025-Wk03-15,NOTIFY_30M,Reporting,Immediately reportable events notified within 30 minutes,proportion,84,0,0,0,0,0,NA,NA
Addis Ababa,2025-Wk03-15,LINEGRAPH,Analysis,Current line graph available for priority diseases,proportion,11,11,11,120,120,100,100,100
Addis Ababa,2025-Wk16-27,LINEGRAPH,Analysis,Current line graph available for priority diseases,proportion,120,120,120,120,120,100,100,100
Addis Ababa,2025-Wk28-52,LINEGRAPH,Analysis,Current line graph available for priority diseases,proportion,119,119,119,119,119,100,100,100
Afar,2025-Wk03-15,LINEGRAPH,Analysis,Current line graph available for priority diseases,proportion,40,40,40,0,40,100,0,0
Afar,2025-Wk16-27,LINEGRAPH,Analysis,Current line graph available for priority diseases,proportion,40,40,40,0,40,100,0,0
Afar,2025-Wk28-52,LINEGRAPH,Analysis,Current line graph available for priority diseases,proportion,40,40,40,18,40,100,45,45
Amhara,2025-Wk03-15,LINEGRAPH,Analysis,Current line graph available for priority diseases,proportion,221,0,0,0,0,0,NA,NA
Amhara,2025-Wk16-27,LINEGRAPH,Analysis,Current line graph available for priority diseases,proportion,221,0,0,0,0,0,NA,NA
Amhara,2025-Wk28-52,LINEGRAPH,Analysis,Current line graph available for priority diseases,proportion,221,0,0,0,0,0,NA,NA
Benishangul Gumuz,2025-Wk03-15,LINEGRAPH,Analysis,Current line graph available for priority diseases,proportion,23,23,23,0,23,100,0,0
Benishangul Gumuz,2025-Wk16-27,LINEGRAPH,Analysis,Current line graph available for priority diseases,proportion,23,23,23,0,23,100,0,0
Benishangul Gumuz,2025-Wk28-52,LINEGRAPH,Analysis,Current line graph available for priority diseases,proportion,23,23,23,0,23,100,0,0
Central Ethiopia,2025-Wk03-15,LINEGRAPH,Analysis,Current line graph available for priority diseases,proportion,82,82,82,82,82,100,100,100
Dire Dawa,2025-Wk03-15,LINEGRAPH,Analysis,Current line graph available for priority diseases,proportion,18,0,0,0,0,0,NA,NA
Dire Dawa,2025-Wk16-27,LINEGRAPH,Analysis,Current line graph available for priority diseases,proportion,18,0,0,0,0,0,NA,NA
Dire Dawa,2025-Wk28-52,LINEGRAPH,Analysis,Current line graph available for priority diseases,proportion,18,0,0,0,0,0,NA,NA
Gambella,2025-Wk03-15,LINEGRAPH,Analysis,Current line graph available for priority diseases,proportion,14,14,14,0,14,100,0,0
Gambella,2025-Wk16-27,LINEGRAPH,Analysis,Current line graph available for priority diseases,proportion,14,14,14,0,14,100,0,0
Gambella,2025-Wk28-52,LINEGRAPH,Analysis,Current line graph available for priority diseases,proportion,14,14,14,0,14,100,0,0
Harari,2025-Wk03-15,LINEGRAPH,Analysis,Current line graph available for priority diseases,proportion,9,9,9,4,9,100,44.44444444444444,44.44444444444444
Harari,2025-Wk16-27,LINEGRAPH,Analysis,Current line graph available for priority diseases,proportion,9,9,9,12,27,100,44.44444444444444,44.44444444444444
Harari,2025-Wk28-52,LINEGRAPH,Analysis,Current line graph available for priority diseases,proportion,1,1,1,9,9,100,100,100
Oromia,2025-Wk03-15,LINEGRAPH,Analysis,Current line graph available for priority diseases,proportion,444,439,0,0,0,98.9,NA,NA
Oromia,2025-Wk16-27,LINEGRAPH,Analysis,Current line graph available for priority diseases,proportion,430,425,6,26,26,98.8,100,100
Oromia,2025-Wk28-52,LINEGRAPH,Analysis,Current line graph available for priority diseases,proportion,8,8,0,0,0,100,NA,NA
Sidama,2025-Wk03-15,LINEGRAPH,Analysis,Current line graph available for priority diseases,proportion,38,38,38,14,38,100,36.8421052631579,36.8421052631579
Sidama,2025-Wk16-27,LINEGRAPH,Analysis,Current line graph available for priority diseases,proportion,38,38,38,14,38,100,36.8421052631579,36.8421052631579
Sidama,2025-Wk28-52,LINEGRAPH,Analysis,Current line graph available for priority diseases,proportion,38,38,38,15,38,100,39.473684210526315,39.473684210526315
Somali,2025-Wk03-15,LINEGRAPH,Analysis,Current line graph available for priority diseases,proportion,118,118,118,60,118,100,50.847457627118644,50.847457627118644
Somali,2025-Wk16-27,LINEGRAPH,Analysis,Current line graph available for priority diseases,proportion,118,118,118,60,118,100,50.847457627118644,50.847457627118644
Somali,2025-Wk28-52,LINEGRAPH,Analysis,Current line graph available for priority diseases,proportion,118,118,118,60,118,100,50.847457627118644,50.847457627118644
South Ethiopia,2025-Wk03-15,LINEGRAPH,Analysis,Current line graph available for priority diseases,proportion,96,96,96,35,96,100,36.458333333333336,36.458333333333336
South Ethiopia,2025-Wk16-27,LINEGRAPH,Analysis,Current line graph available for priority diseases,proportion,96,96,96,36,96,100,37.5,37.5
South Ethiopia,2025-Wk28-52,LINEGRAPH,Analysis,Current line graph available for priority diseases,proportion,96,96,96,36,96,100,37.5,37.5
Tigray,2025-Wk03-15,LINEGRAPH,Analysis,Current line graph available for priority diseases,proportion,84,12,12,25,38,14.3,65.78947368421052,65.78947368421052
Addis Ababa,2025-Wk03-15,OBR_ANALYZED,Analysis,Outbreak reports with analyzed case-based data,proportion,11,11,11,5,120,100,4.166666666666667,4.166666666666667
Addis Ababa,2025-Wk16-27,OBR_ANALYZED,Analysis,Outbreak reports with analyzed case-based data,proportion,120,120,120,1,120,100,0.8333333333333334,0.8333333333333334
Addis Ababa,2025-Wk28-52,OBR_ANALYZED,Analysis,Outbreak reports with analyzed case-based data,proportion,119,119,119,0,119,100,0,0
Afar,2025-Wk03-15,OBR_ANALYZED,Analysis,Outbreak reports with analyzed case-based data,proportion,40,40,40,2,40,100,5,5
Afar,2025-Wk16-27,OBR_ANALYZED,Analysis,Outbreak reports with analyzed case-based data,proportion,40,40,40,5,40,100,12.5,12.5
Afar,2025-Wk28-52,OBR_ANALYZED,Analysis,Outbreak reports with analyzed case-based data,proportion,40,40,40,0,40,100,0,0
Amhara,2025-Wk03-15,OBR_ANALYZED,Analysis,Outbreak reports with analyzed case-based data,proportion,221,0,0,0,0,0,NA,NA
Amhara,2025-Wk16-27,OBR_ANALYZED,Analysis,Outbreak reports with analyzed case-based data,proportion,221,0,0,0,0,0,NA,NA
Amhara,2025-Wk28-52,OBR_ANALYZED,Analysis,Outbreak reports with analyzed case-based data,proportion,221,0,0,0,0,0,NA,NA
Benishangul Gumuz,2025-Wk03-15,OBR_ANALYZED,Analysis,Outbreak reports with analyzed case-based data,proportion,23,23,23,9,23,100,39.130434782608695,39.130434782608695
Benishangul Gumuz,2025-Wk16-27,OBR_ANALYZED,Analysis,Outbreak reports with analyzed case-based data,proportion,23,23,23,1,23,100,4.3478260869565215,4.3478260869565215
Benishangul Gumuz,2025-Wk28-52,OBR_ANALYZED,Analysis,Outbreak reports with analyzed case-based data,proportion,23,23,23,4,23,100,17.391304347826086,17.391304347826086
Central Ethiopia,2025-Wk03-15,OBR_ANALYZED,Analysis,Outbreak reports with analyzed case-based data,proportion,82,82,82,15,82,100,18.29268292682927,18.29268292682927
Dire Dawa,2025-Wk03-15,OBR_ANALYZED,Analysis,Outbreak reports with analyzed case-based data,proportion,18,18,0,0,0,100,NA,NA
Dire Dawa,2025-Wk16-27,OBR_ANALYZED,Analysis,Outbreak reports with analyzed case-based data,proportion,18,18,0,0,0,100,NA,NA
Dire Dawa,2025-Wk28-52,OBR_ANALYZED,Analysis,Outbreak reports with analyzed case-based data,proportion,18,18,0,0,0,100,NA,NA
Gambella,2025-Wk03-15,OBR_ANALYZED,Analysis,Outbreak reports with analyzed case-based data,proportion,14,14,14,9,14,100,64.28571428571429,64.28571428571429
Gambella,2025-Wk16-27,OBR_ANALYZED,Analysis,Outbreak reports with analyzed case-based data,proportion,14,14,14,0,14,100,0,0
Gambella,2025-Wk28-52,OBR_ANALYZED,Analysis,Outbreak reports with analyzed case-based data,proportion,14,14,14,0,14,100,0,0
Harari,2025-Wk03-15,OBR_ANALYZED,Analysis,Outbreak reports with analyzed case-based data,proportion,9,9,9,0,9,100,0,0
Harari,2025-Wk16-27,OBR_ANALYZED,Analysis,Outbreak reports with analyzed case-based data,proportion,9,9,9,1,27,100,3.7037037037037037,3.7037037037037037
Harari,2025-Wk28-52,OBR_ANALYZED,Analysis,Outbreak reports with analyzed case-based data,proportion,1,1,1,0,9,100,0,0
Oromia,2025-Wk03-15,OBR_ANALYZED,Analysis,Outbreak reports with analyzed case-based data,proportion,444,444,41,45,216,100,20.833333333333332,20.833333333333332
Oromia,2025-Wk16-27,OBR_ANALYZED,Analysis,Outbreak reports with analyzed case-based data,proportion,430,427,20,19,83,99.3,22.89156626506024,22.89156626506024
Oromia,2025-Wk28-52,OBR_ANALYZED,Analysis,Outbreak reports with analyzed case-based data,proportion,8,8,0,0,0,100,NA,NA
Sidama,2025-Wk03-15,OBR_ANALYZED,Analysis,Outbreak reports with analyzed case-based data,proportion,38,38,38,0,38,100,0,0
Sidama,2025-Wk16-27,OBR_ANALYZED,Analysis,Outbreak reports with analyzed case-based data,proportion,38,38,38,1,38,100,2.6315789473684212,2.6315789473684212
Sidama,2025-Wk28-52,OBR_ANALYZED,Analysis,Outbreak reports with analyzed case-based data,proportion,38,38,38,4,38,100,10.526315789473685,10.526315789473685
Somali,2025-Wk03-15,OBR_ANALYZED,Analysis,Outbreak reports with analyzed case-based data,proportion,118,118,118,0,118,100,0,0
Somali,2025-Wk16-27,OBR_ANALYZED,Analysis,Outbreak reports with analyzed case-based data,proportion,118,118,118,0,118,100,0,0
Somali,2025-Wk28-52,OBR_ANALYZED,Analysis,Outbreak reports with analyzed case-based data,proportion,118,118,118,0,118,100,0,0
South Ethiopia,2025-Wk03-15,OBR_ANALYZED,Analysis,Outbreak reports with analyzed case-based data,proportion,96,96,96,6,96,100,6.25,6.25
South Ethiopia,2025-Wk16-27,OBR_ANALYZED,Analysis,Outbreak reports with analyzed case-based data,proportion,96,96,96,8,96,100,8.333333333333334,8.333333333333334
South Ethiopia,2025-Wk28-52,OBR_ANALYZED,Analysis,Outbreak reports with analyzed case-based data,proportion,96,96,96,10,96,100,10.416666666666666,10.416666666666666
Tigray,2025-Wk03-15,OBR_ANALYZED,Analysis,Outbreak reports with analyzed case-based data,proportion,84,12,5,5,16,14.3,31.25,31.25
Addis Ababa,2025-Wk03-15,LAB_7D,Laboratory,Outbreaks with laboratory results within 7 days,proportion,11,11,3,5,5,100,100,100
Addis Ababa,2025-Wk16-27,LAB_7D,Laboratory,Outbreaks with laboratory results within 7 days,proportion,120,120,31,36,37,100,97.29729729729729,97.29729729729729
Addis Ababa,2025-Wk28-52,LAB_7D,Laboratory,Outbreaks with laboratory results within 7 days,proportion,119,119,30,35,36,100,97.22222222222223,97.22222222222223
Afar,2025-Wk03-15,LAB_7D,Laboratory,Outbreaks with laboratory results within 7 days,proportion,40,40,2,0,2,100,0,0
Afar,2025-Wk16-27,LAB_7D,Laboratory,Outbreaks with laboratory results within 7 days,proportion,40,40,4,0,4,100,0,0
Afar,2025-Wk28-52,LAB_7D,Laboratory,Outbreaks with laboratory results within 7 days,proportion,40,40,0,0,0,100,NA,NA
Amhara,2025-Wk03-15,LAB_7D,Laboratory,Outbreaks with laboratory results within 7 days,proportion,221,0,0,0,0,0,NA,NA
Amhara,2025-Wk16-27,LAB_7D,Laboratory,Outbreaks with laboratory results within 7 days,proportion,221,0,0,0,0,0,NA,NA
Amhara,2025-Wk28-52,LAB_7D,Laboratory,Outbreaks with laboratory results within 7 days,proportion,221,0,0,0,0,0,NA,NA
Benishangul Gumuz,2025-Wk03-15,LAB_7D,Laboratory,Outbreaks with laboratory results within 7 days,proportion,23,23,9,7,9,100,77.77777777777777,77.77777777777777
Benishangul Gumuz,2025-Wk16-27,LAB_7D,Laboratory,Outbreaks with laboratory results within 7 days,proportion,23,23,6,12,13,100,92.3076923076923,92.3076923076923
Benishangul Gumuz,2025-Wk28-52,LAB_7D,Laboratory,Outbreaks with laboratory results within 7 days,proportion,23,23,4,4,4,100,100,100
Central Ethiopia,2025-Wk03-15,LAB_7D,Laboratory,Outbreaks with laboratory results within 7 days,proportion,82,82,82,82,97,100,84.5360824742268,84.5360824742268
Dire Dawa,2025-Wk03-15,LAB_7D,Laboratory,Outbreaks with laboratory results within 7 days,proportion,18,0,0,0,0,0,NA,NA
Dire Dawa,2025-Wk16-27,LAB_7D,Laboratory,Outbreaks with laboratory results within 7 days,proportion,18,0,0,0,0,0,NA,NA
Dire Dawa,2025-Wk28-52,LAB_7D,Laboratory,Outbreaks with laboratory results within 7 days,proportion,18,0,0,0,0,0,NA,NA
Gambella,2025-Wk03-15,LAB_7D,Laboratory,Outbreaks with laboratory results within 7 days,proportion,14,14,9,0,9,100,0,0
Gambella,2025-Wk16-27,LAB_7D,Laboratory,Outbreaks with laboratory results within 7 days,proportion,14,14,0,0,0,100,NA,NA
Gambella,2025-Wk28-52,LAB_7D,Laboratory,Outbreaks with laboratory results within 7 days,proportion,14,14,0,0,0,100,NA,NA
Harari,2025-Wk03-15,LAB_7D,Laboratory,Outbreaks with laboratory results within 7 days,proportion,9,9,3,0,3,100,0,0
Harari,2025-Wk16-27,LAB_7D,Laboratory,Outbreaks with laboratory results within 7 days,proportion,9,9,1,1,1,100,100,100
Harari,2025-Wk28-52,LAB_7D,Laboratory,Outbreaks with laboratory results within 7 days,proportion,1,1,0,0,0,100,NA,NA
Oromia,2025-Wk03-15,LAB_7D,Laboratory,Outbreaks with laboratory results within 7 days,proportion,444,0,0,0,0,0,NA,NA
Oromia,2025-Wk16-27,LAB_7D,Laboratory,Outbreaks with laboratory results within 7 days,proportion,430,22,18,18,18,5.1,100,100
Oromia,2025-Wk28-52,LAB_7D,Laboratory,Outbreaks with laboratory results within 7 days,proportion,8,0,0,0,0,0,NA,NA
Sidama,2025-Wk03-15,LAB_7D,Laboratory,Outbreaks with laboratory results within 7 days,proportion,38,38,7,0,7,100,0,0
Sidama,2025-Wk16-27,LAB_7D,Laboratory,Outbreaks with laboratory results within 7 days,proportion,38,38,1,1,1,100,100,100
Sidama,2025-Wk28-52,LAB_7D,Laboratory,Outbreaks with laboratory results within 7 days,proportion,38,38,2,2,2,100,100,100
Somali,2025-Wk03-15,LAB_7D,Laboratory,Outbreaks with laboratory results within 7 days,proportion,118,118,0,0,0,100,NA,NA
Somali,2025-Wk16-27,LAB_7D,Laboratory,Outbreaks with laboratory results within 7 days,proportion,118,118,0,0,0,100,NA,NA
Somali,2025-Wk28-52,LAB_7D,Laboratory,Outbreaks with laboratory results within 7 days,proportion,118,118,0,0,0,100,NA,NA
South Ethiopia,2025-Wk03-15,LAB_7D,Laboratory,Outbreaks with laboratory results within 7 days,proportion,96,96,6,0,6,100,0,0
South Ethiopia,2025-Wk16-27,LAB_7D,Laboratory,Outbreaks with laboratory results within 7 days,proportion,96,96,7,0,7,100,0,0
South Ethiopia,2025-Wk28-52,LAB_7D,Laboratory,Outbreaks with laboratory results within 7 days,proportion,96,96,3,0,3,100,0,0
Tigray,2025-Wk03-15,LAB_7D,Laboratory,Outbreaks with laboratory results within 7 days,proportion,84,0,0,0,0,0,NA,NA
Addis Ababa,2025-Wk03-15,RESP_2448,Response,Confirmed outbreaks with response within 24-48 hours,proportion,11,11,3,5,5,100,100,100
Addis Ababa,2025-Wk16-27,RESP_2448,Response,Confirmed outbreaks with response within 24-48 hours,proportion,120,120,31,1,37,100,2.7027027027027026,2.7027027027027026
Addis Ababa,2025-Wk28-52,RESP_2448,Response,Confirmed outbreaks with response within 24-48 hours,proportion,119,119,30,1,36,100,2.7777777777777777,2.7777777777777777
Afar,2025-Wk03-15,RESP_2448,Response,Confirmed outbreaks with response within 24-48 hours,proportion,40,40,2,2,2,100,100,100
Afar,2025-Wk16-27,RESP_2448,Response,Confirmed outbreaks with response within 24-48 hours,proportion,40,40,4,4,4,100,100,100
Afar,2025-Wk28-52,RESP_2448,Response,Confirmed outbreaks with response within 24-48 hours,proportion,40,40,0,0,0,100,NA,NA
Amhara,2025-Wk03-15,RESP_2448,Response,Confirmed outbreaks with response within 24-48 hours,proportion,221,0,0,0,0,0,NA,NA
Amhara,2025-Wk16-27,RESP_2448,Response,Confirmed outbreaks with response within 24-48 hours,proportion,221,0,0,0,0,0,NA,NA
Amhara,2025-Wk28-52,RESP_2448,Response,Confirmed outbreaks with response within 24-48 hours,proportion,221,0,0,0,0,0,NA,NA
Benishangul Gumuz,2025-Wk03-15,RESP_2448,Response,Confirmed outbreaks with response within 24-48 hours,proportion,23,23,9,9,9,100,100,100
Benishangul Gumuz,2025-Wk16-27,RESP_2448,Response,Confirmed outbreaks with response within 24-48 hours,proportion,23,23,6,13,13,100,100,100
Benishangul Gumuz,2025-Wk28-52,RESP_2448,Response,Confirmed outbreaks with response within 24-48 hours,proportion,23,23,4,4,4,100,100,100
Central Ethiopia,2025-Wk03-15,RESP_2448,Response,Confirmed outbreaks with response within 24-48 hours,proportion,82,82,82,97,97,100,100,100
Dire Dawa,2025-Wk03-15,RESP_2448,Response,Confirmed outbreaks with response within 24-48 hours,proportion,18,18,0,0,0,100,NA,NA
Dire Dawa,2025-Wk16-27,RESP_2448,Response,Confirmed outbreaks with response within 24-48 hours,proportion,18,18,0,0,0,100,NA,NA
Dire Dawa,2025-Wk28-52,RESP_2448,Response,Confirmed outbreaks with response within 24-48 hours,proportion,18,18,0,0,0,100,NA,NA
Gambella,2025-Wk03-15,RESP_2448,Response,Confirmed outbreaks with response within 24-48 hours,proportion,14,14,9,9,9,100,100,100
Gambella,2025-Wk16-27,RESP_2448,Response,Confirmed outbreaks with response within 24-48 hours,proportion,14,14,0,0,0,100,NA,NA
Gambella,2025-Wk28-52,RESP_2448,Response,Confirmed outbreaks with response within 24-48 hours,proportion,14,14,0,0,0,100,NA,NA
Harari,2025-Wk03-15,RESP_2448,Response,Confirmed outbreaks with response within 24-48 hours,proportion,9,9,3,3,3,100,100,100
Harari,2025-Wk16-27,RESP_2448,Response,Confirmed outbreaks with response within 24-48 hours,proportion,9,9,1,1,1,100,100,100
Harari,2025-Wk28-52,RESP_2448,Response,Confirmed outbreaks with response within 24-48 hours,proportion,1,1,0,0,0,100,NA,NA
Oromia,2025-Wk03-15,RESP_2448,Response,Confirmed outbreaks with response within 24-48 hours,proportion,444,0,0,0,0,0,NA,NA
Oromia,2025-Wk16-27,RESP_2448,Response,Confirmed outbreaks with response within 24-48 hours,proportion,430,26,18,18,18,6,100,100
Oromia,2025-Wk28-52,RESP_2448,Response,Confirmed outbreaks with response within 24-48 hours,proportion,8,0,0,0,0,0,NA,NA
Sidama,2025-Wk03-15,RESP_2448,Response,Confirmed outbreaks with response within 24-48 hours,proportion,38,38,7,7,7,100,100,100
Sidama,2025-Wk16-27,RESP_2448,Response,Confirmed outbreaks with response within 24-48 hours,proportion,38,38,1,0,1,100,0,0
Sidama,2025-Wk28-52,RESP_2448,Response,Confirmed outbreaks with response within 24-48 hours,proportion,38,38,2,1,2,100,50,50
Somali,2025-Wk03-15,RESP_2448,Response,Confirmed outbreaks with response within 24-48 hours,proportion,118,118,0,0,0,100,NA,NA
Somali,2025-Wk16-27,RESP_2448,Response,Confirmed outbreaks with response within 24-48 hours,proportion,118,118,0,0,0,100,NA,NA
Somali,2025-Wk28-52,RESP_2448,Response,Confirmed outbreaks with response within 24-48 hours,proportion,118,118,0,0,0,100,NA,NA
South Ethiopia,2025-Wk03-15,RESP_2448,Response,Confirmed outbreaks with response within 24-48 hours,proportion,96,96,6,6,6,100,100,100
South Ethiopia,2025-Wk16-27,RESP_2448,Response,Confirmed outbreaks with response within 24-48 hours,proportion,96,96,7,7,7,100,100,100
South Ethiopia,2025-Wk28-52,RESP_2448,Response,Confirmed outbreaks with response within 24-48 hours,proportion,96,96,3,3,3,100,100,100
Tigray,2025-Wk03-15,RESP_2448,Response,Confirmed outbreaks with response within 24-48 hours,proportion,84,0,0,0,0,0,NA,NA
Addis Ababa,2025-Wk03-15,ATTACK_RATE,Response,Attack rate per outbreak (per population at risk),rate,11,11,11,5,4104860.154443934,100,1.2180682926766665e-6,1.2180682926766665e-6
Addis Ababa,2025-Wk16-27,ATTACK_RATE,Response,Attack rate per outbreak (per population at risk),rate,120,120,117,295,3979602.999066361,100,7.41279972070603e-5,7.41279972070603e-5
Addis Ababa,2025-Wk28-52,ATTACK_RATE,Response,Attack rate per outbreak (per population at risk),rate,119,119,116,0,3929883.999066361,100,0,0
Afar,2025-Wk03-15,ATTACK_RATE,Response,Attack rate per outbreak (per population at risk),rate,40,40,2,463,81041.36215388753,100,0.005713132006848802,0.005713132006848802
Afar,2025-Wk16-27,ATTACK_RATE,Response,Attack rate per outbreak (per population at risk),rate,40,39,6,276,300680.13509639207,97.5,9.179189703088297e-4,9.179189703088297e-4
Afar,2025-Wk28-52,ATTACK_RATE,Response,Attack rate per outbreak (per population at risk),rate,40,40,0,0,0,100,NA,NA
Benishangul Gumuz,2025-Wk03-15,ATTACK_RATE,Response,Attack rate per outbreak (per population at risk),rate,23,23,9,1875,488066,100,0.003841693541447263,0.003841693541447263
Benishangul Gumuz,2025-Wk16-27,ATTACK_RATE,Response,Attack rate per outbreak (per population at risk),rate,23,23,1,81,24767,100,0.003270480881818549,0.003270480881818549
Benishangul Gumuz,2025-Wk28-52,ATTACK_RATE,Response,Attack rate per outbreak (per population at risk),rate,23,23,4,291,343458,100,8.472651677934419e-4,8.472651677934419e-4
Central Ethiopia,2025-Wk03-15,ATTACK_RATE,Response,Attack rate per outbreak (per population at risk),rate,82,82,81,66471,6662521.8545904,100,0.00997685282701208,0.00997685282701208
Dire Dawa,2025-Wk03-15,ATTACK_RATE,Response,Attack rate per outbreak (per population at risk),rate,18,0,0,0,0,0,NA,NA
Dire Dawa,2025-Wk16-27,ATTACK_RATE,Response,Attack rate per outbreak (per population at risk),rate,18,0,0,0,0,0,NA,NA
Dire Dawa,2025-Wk28-52,ATTACK_RATE,Response,Attack rate per outbreak (per population at risk),rate,18,0,0,0,0,0,NA,NA
Gambella,2025-Wk03-15,ATTACK_RATE,Response,Attack rate per outbreak (per population at risk),rate,14,9,9,1717,395310,64.3,0.004343426677797172,0.004343426677797172
Gambella,2025-Wk16-27,ATTACK_RATE,Response,Attack rate per outbreak (per population at risk),rate,14,14,0,0,0,100,NA,NA
Gambella,2025-Wk28-52,ATTACK_RATE,Response,Attack rate per outbreak (per population at risk),rate,14,14,0,0,0,100,NA,NA
Harari,2025-Wk03-15,ATTACK_RATE,Response,Attack rate per outbreak (per population at risk),rate,9,9,9,125,295700,100,4.2272573554277983e-4,4.2272573554277983e-4
Harari,2025-Wk16-27,ATTACK_RATE,Response,Attack rate per outbreak (per population at risk),rate,9,9,4,100,159239,100,6.279868625148362e-4,6.279868625148362e-4
Harari,2025-Wk28-52,ATTACK_RATE,Response,Attack rate per outbreak (per population at risk),rate,1,1,1,52,302281,100,1.7202536712529072e-4,1.7202536712529072e-4
Oromia,2025-Wk03-15,ATTACK_RATE,Response,Attack rate per outbreak (per population at risk),rate,444,45,45,1962,7182210.040374399,10.1,2.7317496828562865e-4,2.7317496828562865e-4
Oromia,2025-Wk16-27,ATTACK_RATE,Response,Attack rate per outbreak (per population at risk),rate,430,66,29,673,3829632.4793177634,15.3,1.7573487890406987e-4,1.7573487890406987e-4
Oromia,2025-Wk28-52,ATTACK_RATE,Response,Attack rate per outbreak (per population at risk),rate,8,8,8,354,1293934,100,2.7358427864172363e-4,2.7358427864172363e-4
Sidama,2025-Wk03-15,ATTACK_RATE,Response,Attack rate per outbreak (per population at risk),rate,38,38,7,202,664589,100,3.0394725160964143e-4,3.0394725160964143e-4
Sidama,2025-Wk16-27,ATTACK_RATE,Response,Attack rate per outbreak (per population at risk),rate,38,38,38,1,4873216.431402304,100,2.05203280846741e-7,2.05203280846741e-7
Sidama,2025-Wk28-52,ATTACK_RATE,Response,Attack rate per outbreak (per population at risk),rate,38,38,38,6,4873216.431402304,100,1.231219685080446e-6,1.231219685080446e-6
Somali,2025-Wk03-15,ATTACK_RATE,Response,Attack rate per outbreak (per population at risk),rate,118,118,0,0,0,100,NA,NA
Somali,2025-Wk16-27,ATTACK_RATE,Response,Attack rate per outbreak (per population at risk),rate,118,118,0,0,0,100,NA,NA
Somali,2025-Wk28-52,ATTACK_RATE,Response,Attack rate per outbreak (per population at risk),rate,118,118,0,0,0,100,NA,NA
South Ethiopia,2025-Wk03-15,ATTACK_RATE,Response,Attack rate per outbreak (per population at risk),rate,96,96,96,265,8686053.94273342,100,3.05086753717082e-5,3.05086753717082e-5
South Ethiopia,2025-Wk16-27,ATTACK_RATE,Response,Attack rate per outbreak (per population at risk),rate,96,96,96,286,8686053.94273342,100,3.2926343986069985e-5,3.2926343986069985e-5
South Ethiopia,2025-Wk28-52,ATTACK_RATE,Response,Attack rate per outbreak (per population at risk),rate,96,96,96,287,8686053.94273342,100,3.304147106294435e-5,3.304147106294435e-5
Tigray,2025-Wk03-15,ATTACK_RATE,Response,Attack rate per outbreak (per population at risk),rate,84,4,1,133,4148,4.8,0.03206364513018322,0.03206364513018322
Addis Ababa,2025-Wk03-15,CFR,Response,Case-fatality rate per epidemic-prone disease,rate,11,11,2,2,2,100,1,1
Addis Ababa,2025-Wk16-27,CFR,Response,Case-fatality rate per epidemic-prone disease,rate,120,120,21,1,172,100,0.005813953488372093,0.005813953488372093
Addis Ababa,2025-Wk28-52,CFR,Response,Case-fatality rate per epidemic-prone disease,rate,119,119,21,1,172,100,0.005813953488372093,0.005813953488372093
Afar,2025-Wk03-15,CFR,Response,Case-fatality rate per epidemic-prone disease,rate,40,40,2,0,463,100,0,0
Afar,2025-Wk16-27,CFR,Response,Case-fatality rate per epidemic-prone disease,rate,40,40,3,3,463.24,100,0.006476124686987307,0.006476124686987307
Afar,2025-Wk28-52,CFR,Response,Case-fatality rate per epidemic-prone disease,rate,40,40,0,0,0,100,NA,NA
Amhara,2025-Wk03-15,CFR,Response,Case-fatality rate per epidemic-prone disease,rate,221,221,28,0,394,100,0,0
Amhara,2025-Wk16-27,CFR,Response,Case-fatality rate per epidemic-prone disease,rate,221,221,34,2,509,100,0.003929273084479371,0.003929273084479371
Amhara,2025-Wk28-52,CFR,Response,Case-fatality rate per epidemic-prone disease,rate,221,221,37,2,729,100,0.0027434842249657062,0.0027434842249657062
Benishangul Gumuz,2025-Wk03-15,CFR,Response,Case-fatality rate per epidemic-prone disease,rate,23,23,9,26,1875,100,0.013866666666666666,0.013866666666666666
Benishangul Gumuz,2025-Wk16-27,CFR,Response,Case-fatality rate per epidemic-prone disease,rate,23,23,1,0,81,100,0,0
Benishangul Gumuz,2025-Wk28-52,CFR,Response,Case-fatality rate per epidemic-prone disease,rate,23,23,4,8,291,100,0.027491408934707903,0.027491408934707903
Central Ethiopia,2025-Wk03-15,CFR,Response,Case-fatality rate per epidemic-prone disease,rate,82,82,82,0,68448,100,0,0
Dire Dawa,2025-Wk03-15,CFR,Response,Case-fatality rate per epidemic-prone disease,rate,18,0,0,0,0,0,NA,NA
Dire Dawa,2025-Wk16-27,CFR,Response,Case-fatality rate per epidemic-prone disease,rate,18,0,0,0,0,0,NA,NA
Dire Dawa,2025-Wk28-52,CFR,Response,Case-fatality rate per epidemic-prone disease,rate,18,0,0,0,0,0,NA,NA
Gambella,2025-Wk03-15,CFR,Response,Case-fatality rate per epidemic-prone disease,rate,14,14,9,24,1717,100,0.013977868375072802,0.013977868375072802
Gambella,2025-Wk16-27,CFR,Response,Case-fatality rate per epidemic-prone disease,rate,14,14,0,0,0,100,NA,NA
Gambella,2025-Wk28-52,CFR,Response,Case-fatality rate per epidemic-prone disease,rate,14,14,0,0,0,100,NA,NA
Harari,2025-Wk03-15,CFR,Response,Case-fatality rate per epidemic-prone disease,rate,9,9,3,0,125,100,0,0
Harari,2025-Wk16-27,CFR,Response,Case-fatality rate per epidemic-prone disease,rate,9,9,4,0,100,100,0,0
Harari,2025-Wk28-52,CFR,Response,Case-fatality rate per epidemic-prone disease,rate,1,1,1,0,52,100,0,0
Oromia,2025-Wk03-15,CFR,Response,Case-fatality rate per epidemic-prone disease,rate,444,46,46,8,2083,10.4,0.003840614498319731,0.003840614498319731
Oromia,2025-Wk16-27,CFR,Response,Case-fatality rate per epidemic-prone disease,rate,430,32,32,8,796,7.4,0.010050251256281407,0.010050251256281407
Oromia,2025-Wk28-52,CFR,Response,Case-fatality rate per epidemic-prone disease,rate,8,0,0,0,0,0,NA,NA
Sidama,2025-Wk03-15,CFR,Response,Case-fatality rate per epidemic-prone disease,rate,38,38,6,0,174,100,0,0
Sidama,2025-Wk16-27,CFR,Response,Case-fatality rate per epidemic-prone disease,rate,38,38,1,0,1,100,0,0
Sidama,2025-Wk28-52,CFR,Response,Case-fatality rate per epidemic-prone disease,rate,38,38,3,3,6,100,0.5,0.5
Somali,2025-Wk03-15,CFR,Response,Case-fatality rate per epidemic-prone disease,rate,118,118,0,0,0,100,NA,NA
Somali,2025-Wk16-27,CFR,Response,Case-fatality rate per epidemic-prone disease,rate,118,118,0,0,0,100,NA,NA
Somali,2025-Wk28-52,CFR,Response,Case-fatality rate per epidemic-prone disease,rate,118,118,0,0,0,100,NA,NA
South Ethiopia,2025-Wk03-15,CFR,Response,Case-fatality rate per epidemic-prone disease,rate,96,96,6,3,265,100,0.011320754716981131,0.011320754716981131
South Ethiopia,2025-Wk16-27,CFR,Response,Case-fatality rate per epidemic-prone disease,rate,96,96,5,3,245,100,0.012244897959183673,0.012244897959183673
South Ethiopia,2025-Wk28-52,CFR,Response,Case-fatality rate per epidemic-prone disease,rate,96,96,4,19,48306,100,3.933258808429595e-4,3.933258808429595e-4
Tigray,2025-Wk03-15,CFR,Response,Case-fatality rate per epidemic-prone disease,rate,84,4,4,4,263,4.8,0.015209125475285171,0.015209125475285171
Benishangul Gumuz,2025-Wk03-15,EPI_DETECT_REG,Analysis,Epidemics detected at regional level from district data,proportion,23,23,9,0,9,100,0,0
Benishangul Gumuz,2025-Wk16-27,EPI_DETECT_REG,Analysis,Epidemics detected at regional level from district data,proportion,23,23,1,0,1,100,0,0
Benishangul Gumuz,2025-Wk28-52,EPI_DETECT_REG,Analysis,Epidemics detected at regional level from district data,proportion,23,23,4,0,4,100,0,0
Central Ethiopia,2025-Wk03-15,EPI_DETECT_REG,Analysis,Epidemics detected at regional level from district data,proportion,82,82,82,0,97,100,0,0
Dire Dawa,2025-Wk03-15,EPI_DETECT_REG,Analysis,Epidemics detected at regional level from district data,proportion,18,17,17,0,17,94.4,0,0
Dire Dawa,2025-Wk16-27,EPI_DETECT_REG,Analysis,Epidemics detected at regional level from district data,proportion,18,17,0,0,0,94.4,NA,NA
Dire Dawa,2025-Wk28-52,EPI_DETECT_REG,Analysis,Epidemics detected at regional level from district data,proportion,18,18,8,12,12,100,100,100
Oromia,2025-Wk03-15,EPI_DETECT_REG,Analysis,Epidemics detected at regional level from district data,proportion,444,444,0,0,0,100,NA,NA
Oromia,2025-Wk16-27,EPI_DETECT_REG,Analysis,Epidemics detected at regional level from district data,proportion,430,429,0,0,0,99.8,NA,NA
Oromia,2025-Wk28-52,EPI_DETECT_REG,Analysis,Epidemics detected at regional level from district data,proportion,8,8,0,0,0,100,NA,NA
South Ethiopia,2025-Wk03-15,EPI_DETECT_REG,Analysis,Epidemics detected at regional level from district data,proportion,96,96,6,6,6,100,100,100
South Ethiopia,2025-Wk16-27,EPI_DETECT_REG,Analysis,Epidemics detected at regional level from district data,proportion,96,96,7,6,7,100,85.71428571428571,85.71428571428571
South Ethiopia,2025-Wk28-52,EPI_DETECT_REG,Analysis,Epidemics detected at regional level from district data,proportion,96,96,3,2,3,100,66.66666666666667,66.66666666666667
Tigray,2025-Wk03-15,EPI_DETECT_REG,Analysis,Epidemics detected at regional level from district data,proportion,84,0,0,0,0,0,NA,NA
Addis Ababa,2025-Wk03-15,EPRP_PLAN,Preparedness,Districts with EPRP (preparedness & response) plans,proportion,11,11,11,120,120,100,100,100
Addis Ababa,2025-Wk16-27,EPRP_PLAN,Preparedness,Districts with EPRP (preparedness & response) plans,proportion,120,120,119,119,119,100,100,100
Addis Ababa,2025-Wk28-52,EPRP_PLAN,Preparedness,Districts with EPRP (preparedness & response) plans,proportion,119,119,118,118,118,100,100,100
Afar,2025-Wk03-15,EPRP_PLAN,Preparedness,Districts with EPRP (preparedness & response) plans,proportion,40,40,40,2,40,100,5,5
Afar,2025-Wk16-27,EPRP_PLAN,Preparedness,Districts with EPRP (preparedness & response) plans,proportion,40,40,40,9,40,100,22.5,22.5
Afar,2025-Wk28-52,EPRP_PLAN,Preparedness,Districts with EPRP (preparedness & response) plans,proportion,40,40,40,40,40,100,100,100
Amhara,2025-Wk03-15,EPRP_PLAN,Preparedness,Districts with EPRP (preparedness & response) plans,proportion,221,221,0,0,0,100,NA,NA
Amhara,2025-Wk16-27,EPRP_PLAN,Preparedness,Districts with EPRP (preparedness & response) plans,proportion,221,221,0,0,0,100,NA,NA
Amhara,2025-Wk28-52,EPRP_PLAN,Preparedness,Districts with EPRP (preparedness & response) plans,proportion,221,221,0,0,0,100,NA,NA
Benishangul Gumuz,2025-Wk03-15,EPRP_PLAN,Preparedness,Districts with EPRP (preparedness & response) plans,proportion,23,23,23,16,23,100,69.56521739130434,69.56521739130434
Benishangul Gumuz,2025-Wk16-27,EPRP_PLAN,Preparedness,Districts with EPRP (preparedness & response) plans,proportion,23,23,23,16,23,100,69.56521739130434,69.56521739130434
Benishangul Gumuz,2025-Wk28-52,EPRP_PLAN,Preparedness,Districts with EPRP (preparedness & response) plans,proportion,23,23,23,16,23,100,69.56521739130434,69.56521739130434
Central Ethiopia,2025-Wk03-15,EPRP_PLAN,Preparedness,Districts with EPRP (preparedness & response) plans,proportion,82,82,82,82,82,100,100,100
Dire Dawa,2025-Wk03-15,EPRP_PLAN,Preparedness,Districts with EPRP (preparedness & response) plans,proportion,18,17,17,17,17,94.4,100,100
Dire Dawa,2025-Wk16-27,EPRP_PLAN,Preparedness,Districts with EPRP (preparedness & response) plans,proportion,18,17,17,17,17,94.4,100,100
Dire Dawa,2025-Wk28-52,EPRP_PLAN,Preparedness,Districts with EPRP (preparedness & response) plans,proportion,18,18,18,18,18,100,100,100
Gambella,2025-Wk03-15,EPRP_PLAN,Preparedness,Districts with EPRP (preparedness & response) plans,proportion,14,14,14,9,14,100,64.28571428571429,64.28571428571429
Gambella,2025-Wk16-27,EPRP_PLAN,Preparedness,Districts with EPRP (preparedness & response) plans,proportion,14,14,14,9,14,100,64.28571428571429,64.28571428571429
Gambella,2025-Wk28-52,EPRP_PLAN,Preparedness,Districts with EPRP (preparedness & response) plans,proportion,14,14,14,9,14,100,64.28571428571429,64.28571428571429
Harari,2025-Wk03-15,EPRP_PLAN,Preparedness,Districts with EPRP (preparedness & response) plans,proportion,9,9,9,1,9,100,11.11111111111111,11.11111111111111
Harari,2025-Wk16-27,EPRP_PLAN,Preparedness,Districts with EPRP (preparedness & response) plans,proportion,9,9,9,1,9,100,11.11111111111111,11.11111111111111
Harari,2025-Wk28-52,EPRP_PLAN,Preparedness,Districts with EPRP (preparedness & response) plans,proportion,1,1,1,9,9,100,100,100
Sidama,2025-Wk03-15,EPRP_PLAN,Preparedness,Districts with EPRP (preparedness & response) plans,proportion,38,38,38,22,38,100,57.89473684210526,57.89473684210526
Sidama,2025-Wk16-27,EPRP_PLAN,Preparedness,Districts with EPRP (preparedness & response) plans,proportion,38,38,38,23,38,100,60.526315789473685,60.526315789473685
Sidama,2025-Wk28-52,EPRP_PLAN,Preparedness,Districts with EPRP (preparedness & response) plans,proportion,38,38,38,38,38,100,100,100
Somali,2025-Wk03-15,EPRP_PLAN,Preparedness,Districts with EPRP (preparedness & response) plans,proportion,118,118,0,0,0,100,NA,NA
Somali,2025-Wk16-27,EPRP_PLAN,Preparedness,Districts with EPRP (preparedness & response) plans,proportion,118,118,0,0,0,100,NA,NA
Somali,2025-Wk28-52,EPRP_PLAN,Preparedness,Districts with EPRP (preparedness & response) plans,proportion,118,118,0,0,0,100,NA,NA
South Ethiopia,2025-Wk03-15,EPRP_PLAN,Preparedness,Districts with EPRP (preparedness & response) plans,proportion,96,96,96,66,96,100,68.75,68.75
South Ethiopia,2025-Wk16-27,EPRP_PLAN,Preparedness,Districts with EPRP (preparedness & response) plans,proportion,96,96,96,21,96,100,21.875,21.875
South Ethiopia,2025-Wk28-52,EPRP_PLAN,Preparedness,Districts with EPRP (preparedness & response) plans,proportion,96,96,96,96,96,100,100,100
Tigray,2025-Wk03-15,EPRP_PLAN,Preparedness,Districts with EPRP (preparedness & response) plans,proportion,84,81,0,0,0,96.4,NA,NA
Addis Ababa,2025-Wk03-15,RISK_MAP,Preparedness,Districts conducting risk & resource mapping,proportion,11,11,11,120,120,100,100,100
Addis Ababa,2025-Wk16-27,RISK_MAP,Preparedness,Districts conducting risk & resource mapping,proportion,120,120,119,119,119,100,100,100
Addis Ababa,2025-Wk28-52,RISK_MAP,Preparedness,Districts conducting risk & resource mapping,proportion,119,119,118,118,118,100,100,100
Afar,2025-Wk03-15,RISK_MAP,Preparedness,Districts conducting risk & resource mapping,proportion,40,40,40,2,40,100,5,5
Afar,2025-Wk16-27,RISK_MAP,Preparedness,Districts conducting risk & resource mapping,proportion,40,40,40,2,40,100,5,5
Afar,2025-Wk28-52,RISK_MAP,Preparedness,Districts conducting risk & resource mapping,proportion,40,40,40,0,40,100,0,0
Amhara,2025-Wk03-15,RISK_MAP,Preparedness,Districts conducting risk & resource mapping,proportion,221,0,0,0,0,0,NA,NA
Amhara,2025-Wk16-27,RISK_MAP,Preparedness,Districts conducting risk & resource mapping,proportion,221,0,0,0,0,0,NA,NA
Amhara,2025-Wk28-52,RISK_MAP,Preparedness,Districts conducting risk & resource mapping,proportion,221,0,0,0,0,0,NA,NA
Benishangul Gumuz,2025-Wk03-15,RISK_MAP,Preparedness,Districts conducting risk & resource mapping,proportion,23,23,23,16,23,100,69.56521739130434,69.56521739130434
Benishangul Gumuz,2025-Wk16-27,RISK_MAP,Preparedness,Districts conducting risk & resource mapping,proportion,23,23,23,16,23,100,69.56521739130434,69.56521739130434
Benishangul Gumuz,2025-Wk28-52,RISK_MAP,Preparedness,Districts conducting risk & resource mapping,proportion,23,23,23,16,23,100,69.56521739130434,69.56521739130434
Central Ethiopia,2025-Wk03-15,RISK_MAP,Preparedness,Districts conducting risk & resource mapping,proportion,82,82,82,0,82,100,0,0
Dire Dawa,2025-Wk03-15,RISK_MAP,Preparedness,Districts conducting risk & resource mapping,proportion,18,17,17,17,17,94.4,100,100
Dire Dawa,2025-Wk16-27,RISK_MAP,Preparedness,Districts conducting risk & resource mapping,proportion,18,17,17,17,17,94.4,100,100
Dire Dawa,2025-Wk28-52,RISK_MAP,Preparedness,Districts conducting risk & resource mapping,proportion,18,18,18,18,18,100,100,100
Gambella,2025-Wk03-15,RISK_MAP,Preparedness,Districts conducting risk & resource mapping,proportion,14,14,14,9,14,100,64.28571428571429,64.28571428571429
Gambella,2025-Wk16-27,RISK_MAP,Preparedness,Districts conducting risk & resource mapping,proportion,14,14,14,9,14,100,64.28571428571429,64.28571428571429
Gambella,2025-Wk28-52,RISK_MAP,Preparedness,Districts conducting risk & resource mapping,proportion,14,14,14,9,14,100,64.28571428571429,64.28571428571429
Harari,2025-Wk03-15,RISK_MAP,Preparedness,Districts conducting risk & resource mapping,proportion,9,9,9,1,9,100,11.11111111111111,11.11111111111111
Harari,2025-Wk16-27,RISK_MAP,Preparedness,Districts conducting risk & resource mapping,proportion,9,9,9,1,9,100,11.11111111111111,11.11111111111111
Harari,2025-Wk28-52,RISK_MAP,Preparedness,Districts conducting risk & resource mapping,proportion,1,1,1,9,9,100,100,100
Oromia,2025-Wk03-15,RISK_MAP,Preparedness,Districts conducting risk & resource mapping,proportion,444,362,0,0,0,81.5,NA,NA
Oromia,2025-Wk16-27,RISK_MAP,Preparedness,Districts conducting risk & resource mapping,proportion,430,348,9,9,9,80.9,100,100
Oromia,2025-Wk28-52,RISK_MAP,Preparedness,Districts conducting risk & resource mapping,proportion,8,8,0,0,0,100,NA,NA
Sidama,2025-Wk03-15,RISK_MAP,Preparedness,Districts conducting risk & resource mapping,proportion,38,38,38,22,38,100,57.89473684210526,57.89473684210526
Sidama,2025-Wk16-27,RISK_MAP,Preparedness,Districts conducting risk & resource mapping,proportion,38,38,38,23,38,100,60.526315789473685,60.526315789473685
Sidama,2025-Wk28-52,RISK_MAP,Preparedness,Districts conducting risk & resource mapping,proportion,38,38,38,38,38,100,100,100
Somali,2025-Wk03-15,RISK_MAP,Preparedness,Districts conducting risk & resource mapping,proportion,118,118,0,0,0,100,NA,NA
Somali,2025-Wk16-27,RISK_MAP,Preparedness,Districts conducting risk & resource mapping,proportion,118,118,0,0,0,100,NA,NA
Somali,2025-Wk28-52,RISK_MAP,Preparedness,Districts conducting risk & resource mapping,proportion,118,118,0,0,0,100,NA,NA
South Ethiopia,2025-Wk03-15,RISK_MAP,Preparedness,Districts conducting risk & resource mapping,proportion,96,96,96,21,96,100,21.875,21.875
South Ethiopia,2025-Wk16-27,RISK_MAP,Preparedness,Districts conducting risk & resource mapping,proportion,96,96,96,21,96,100,21.875,21.875
South Ethiopia,2025-Wk28-52,RISK_MAP,Preparedness,Districts conducting risk & resource mapping,proportion,96,96,96,21,96,100,21.875,21.875
Tigray,2025-Wk03-15,RISK_MAP,Preparedness,Districts conducting risk & resource mapping,proportion,84,81,0,0,0,96.4,NA,NA
Addis Ababa,2025-Wk03-15,EPR_FUNDS,Preparedness,Districts with EPR funds / budget line,proportion,11,11,11,0,120,100,0,0
Addis Ababa,2025-Wk16-27,EPR_FUNDS,Preparedness,Districts with EPR funds / budget line,proportion,120,120,119,18,119,100,15.126050420168067,15.126050420168067
Addis Ababa,2025-Wk28-52,EPR_FUNDS,Preparedness,Districts with EPR funds / budget line,proportion,119,119,118,18,118,100,15.254237288135593,15.254237288135593
Afar,2025-Wk03-15,EPR_FUNDS,Preparedness,Districts with EPR funds / budget line,proportion,40,40,40,0,40,100,0,0
Afar,2025-Wk16-27,EPR_FUNDS,Preparedness,Districts with EPR funds / budget line,proportion,40,40,40,0,40,100,0,0
Afar,2025-Wk28-52,EPR_FUNDS,Preparedness,Districts with EPR funds / budget line,proportion,40,40,40,0,40,100,0,0
Amhara,2025-Wk03-15,EPR_FUNDS,Preparedness,Districts with EPR funds / budget line,proportion,221,0,0,0,0,0,NA,NA
Amhara,2025-Wk16-27,EPR_FUNDS,Preparedness,Districts with EPR funds / budget line,proportion,221,0,0,0,0,0,NA,NA
Amhara,2025-Wk28-52,EPR_FUNDS,Preparedness,Districts with EPR funds / budget line,proportion,221,0,0,0,0,0,NA,NA
Benishangul Gumuz,2025-Wk03-15,EPR_FUNDS,Preparedness,Districts with EPR funds / budget line,proportion,23,23,23,0,23,100,0,0
Benishangul Gumuz,2025-Wk16-27,EPR_FUNDS,Preparedness,Districts with EPR funds / budget line,proportion,23,23,23,0,23,100,0,0
Benishangul Gumuz,2025-Wk28-52,EPR_FUNDS,Preparedness,Districts with EPR funds / budget line,proportion,23,23,23,0,23,100,0,0
Central Ethiopia,2025-Wk03-15,EPR_FUNDS,Preparedness,Districts with EPR funds / budget line,proportion,82,82,82,0,82,100,0,0
Dire Dawa,2025-Wk03-15,EPR_FUNDS,Preparedness,Districts with EPR funds / budget line,proportion,18,17,17,0,17,94.4,0,0
Dire Dawa,2025-Wk16-27,EPR_FUNDS,Preparedness,Districts with EPR funds / budget line,proportion,18,17,17,0,17,94.4,0,0
Dire Dawa,2025-Wk28-52,EPR_FUNDS,Preparedness,Districts with EPR funds / budget line,proportion,18,18,18,1,18,100,5.555555555555555,5.555555555555555
Gambella,2025-Wk03-15,EPR_FUNDS,Preparedness,Districts with EPR funds / budget line,proportion,14,14,14,0,14,100,0,0
Gambella,2025-Wk16-27,EPR_FUNDS,Preparedness,Districts with EPR funds / budget line,proportion,14,14,14,0,14,100,0,0
Gambella,2025-Wk28-52,EPR_FUNDS,Preparedness,Districts with EPR funds / budget line,proportion,14,14,14,0,14,100,0,0
Harari,2025-Wk03-15,EPR_FUNDS,Preparedness,Districts with EPR funds / budget line,proportion,9,9,9,0,9,100,0,0
Harari,2025-Wk16-27,EPR_FUNDS,Preparedness,Districts with EPR funds / budget line,proportion,9,9,9,0,9,100,0,0
Harari,2025-Wk28-52,EPR_FUNDS,Preparedness,Districts with EPR funds / budget line,proportion,1,1,1,0,9,100,0,0
Oromia,2025-Wk03-15,EPR_FUNDS,Preparedness,Districts with EPR funds / budget line,proportion,444,362,0,0,0,81.5,NA,NA
Oromia,2025-Wk16-27,EPR_FUNDS,Preparedness,Districts with EPR funds / budget line,proportion,430,348,16,0,16,80.9,0,0
Oromia,2025-Wk28-52,EPR_FUNDS,Preparedness,Districts with EPR funds / budget line,proportion,8,8,0,0,0,100,NA,NA
Sidama,2025-Wk03-15,EPR_FUNDS,Preparedness,Districts with EPR funds / budget line,proportion,38,38,38,6,38,100,15.789473684210526,15.789473684210526
Sidama,2025-Wk16-27,EPR_FUNDS,Preparedness,Districts with EPR funds / budget line,proportion,38,38,38,6,38,100,15.789473684210526,15.789473684210526
Sidama,2025-Wk28-52,EPR_FUNDS,Preparedness,Districts with EPR funds / budget line,proportion,38,38,38,9,38,100,23.68421052631579,23.68421052631579
Somali,2025-Wk03-15,EPR_FUNDS,Preparedness,Districts with EPR funds / budget line,proportion,118,118,0,0,0,100,NA,NA
Somali,2025-Wk16-27,EPR_FUNDS,Preparedness,Districts with EPR funds / budget line,proportion,118,118,0,0,0,100,NA,NA
Somali,2025-Wk28-52,EPR_FUNDS,Preparedness,Districts with EPR funds / budget line,proportion,118,118,0,0,0,100,NA,NA
South Ethiopia,2025-Wk03-15,EPR_FUNDS,Preparedness,Districts with EPR funds / budget line,proportion,96,96,96,0,96,100,0,0
South Ethiopia,2025-Wk16-27,EPR_FUNDS,Preparedness,Districts with EPR funds / budget line,proportion,96,96,96,0,96,100,0,0
South Ethiopia,2025-Wk28-52,EPR_FUNDS,Preparedness,Districts with EPR funds / budget line,proportion,96,96,96,0,96,100,0,0
Tigray,2025-Wk03-15,EPR_FUNDS,Preparedness,Districts with EPR funds / budget line,proportion,84,81,0,0,0,96.4,NA,NA
Addis Ababa,2025-Wk03-15,CONTINGENCY,Preparedness,Districts with contingency stocks (3-6 months),proportion,11,11,11,0,120,100,0,0
Addis Ababa,2025-Wk16-27,CONTINGENCY,Preparedness,Districts with contingency stocks (3-6 months),proportion,120,120,119,18,119,100,15.126050420168067,15.126050420168067
Addis Ababa,2025-Wk28-52,CONTINGENCY,Preparedness,Districts with contingency stocks (3-6 months),proportion,119,119,118,18,118,100,15.254237288135593,15.254237288135593
Afar,2025-Wk03-15,CONTINGENCY,Preparedness,Districts with contingency stocks (3-6 months),proportion,40,40,40,0,40,100,0,0
Afar,2025-Wk16-27,CONTINGENCY,Preparedness,Districts with contingency stocks (3-6 months),proportion,40,40,40,0,40,100,0,0
Afar,2025-Wk28-52,CONTINGENCY,Preparedness,Districts with contingency stocks (3-6 months),proportion,40,40,40,0,40,100,0,0
Amhara,2025-Wk03-15,CONTINGENCY,Preparedness,Districts with contingency stocks (3-6 months),proportion,221,0,0,0,0,0,NA,NA
Amhara,2025-Wk16-27,CONTINGENCY,Preparedness,Districts with contingency stocks (3-6 months),proportion,221,0,0,0,0,0,NA,NA
Amhara,2025-Wk28-52,CONTINGENCY,Preparedness,Districts with contingency stocks (3-6 months),proportion,221,0,0,0,0,0,NA,NA
Benishangul Gumuz,2025-Wk03-15,CONTINGENCY,Preparedness,Districts with contingency stocks (3-6 months),proportion,23,23,23,0,23,100,0,0
Benishangul Gumuz,2025-Wk16-27,CONTINGENCY,Preparedness,Districts with contingency stocks (3-6 months),proportion,23,23,23,0,23,100,0,0
Benishangul Gumuz,2025-Wk28-52,CONTINGENCY,Preparedness,Districts with contingency stocks (3-6 months),proportion,23,23,23,0,23,100,0,0
Central Ethiopia,2025-Wk03-15,CONTINGENCY,Preparedness,Districts with contingency stocks (3-6 months),proportion,82,82,82,0,82,100,0,0
Dire Dawa,2025-Wk03-15,CONTINGENCY,Preparedness,Districts with contingency stocks (3-6 months),proportion,18,17,17,17,17,94.4,100,100
Dire Dawa,2025-Wk16-27,CONTINGENCY,Preparedness,Districts with contingency stocks (3-6 months),proportion,18,17,17,17,17,94.4,100,100
Dire Dawa,2025-Wk28-52,CONTINGENCY,Preparedness,Districts with contingency stocks (3-6 months),proportion,18,18,18,18,18,100,100,100
Gambella,2025-Wk03-15,CONTINGENCY,Preparedness,Districts with contingency stocks (3-6 months),proportion,14,14,14,0,14,100,0,0
Gambella,2025-Wk16-27,CONTINGENCY,Preparedness,Districts with contingency stocks (3-6 months),proportion,14,14,14,0,14,100,0,0
Gambella,2025-Wk28-52,CONTINGENCY,Preparedness,Districts with contingency stocks (3-6 months),proportion,14,14,14,0,14,100,0,0
Harari,2025-Wk03-15,CONTINGENCY,Preparedness,Districts with contingency stocks (3-6 months),proportion,9,9,9,0,9,100,0,0
Harari,2025-Wk16-27,CONTINGENCY,Preparedness,Districts with contingency stocks (3-6 months),proportion,9,9,9,0,9,100,0,0
Harari,2025-Wk28-52,CONTINGENCY,Preparedness,Districts with contingency stocks (3-6 months),proportion,1,1,1,0,9,100,0,0
Oromia,2025-Wk03-15,CONTINGENCY,Preparedness,Districts with contingency stocks (3-6 months),proportion,444,362,0,0,0,81.5,NA,NA
Oromia,2025-Wk16-27,CONTINGENCY,Preparedness,Districts with contingency stocks (3-6 months),proportion,430,348,0,0,0,80.9,NA,NA
Oromia,2025-Wk28-52,CONTINGENCY,Preparedness,Districts with contingency stocks (3-6 months),proportion,8,8,0,0,0,100,NA,NA
Sidama,2025-Wk03-15,CONTINGENCY,Preparedness,Districts with contingency stocks (3-6 months),proportion,38,38,38,6,38,100,15.789473684210526,15.789473684210526
Sidama,2025-Wk16-27,CONTINGENCY,Preparedness,Districts with contingency stocks (3-6 months),proportion,38,38,38,10,38,100,26.31578947368421,26.31578947368421
Sidama,2025-Wk28-52,CONTINGENCY,Preparedness,Districts with contingency stocks (3-6 months),proportion,38,38,38,13,38,100,34.21052631578947,34.21052631578947
Somali,2025-Wk03-15,CONTINGENCY,Preparedness,Districts with contingency stocks (3-6 months),proportion,118,118,0,0,0,100,NA,NA
Somali,2025-Wk16-27,CONTINGENCY,Preparedness,Districts with contingency stocks (3-6 months),proportion,118,118,0,0,0,100,NA,NA
Somali,2025-Wk28-52,CONTINGENCY,Preparedness,Districts with contingency stocks (3-6 months),proportion,118,118,0,0,0,100,NA,NA
South Ethiopia,2025-Wk03-15,CONTINGENCY,Preparedness,Districts with contingency stocks (3-6 months),proportion,96,96,96,15,96,100,15.625,15.625
South Ethiopia,2025-Wk16-27,CONTINGENCY,Preparedness,Districts with contingency stocks (3-6 months),proportion,96,96,96,15,96,100,15.625,15.625
South Ethiopia,2025-Wk28-52,CONTINGENCY,Preparedness,Districts with contingency stocks (3-6 months),proportion,96,96,96,15,96,100,15.625,15.625
Tigray,2025-Wk03-15,CONTINGENCY,Preparedness,Districts with contingency stocks (3-6 months),proportion,84,81,0,0,0,96.4,NA,NA
Addis Ababa,2025-Wk03-15,PHEM_OFFICER,Preparedness,Health facilities with PHEM officer,proportion,11,11,11,97,97,100,100,100
Addis Ababa,2025-Wk16-27,PHEM_OFFICER,Preparedness,Health facilities with PHEM officer,proportion,120,120,116,1014,1014,100,100,100
Addis Ababa,2025-Wk28-52,PHEM_OFFICER,Preparedness,Health facilities with PHEM officer,proportion,119,119,115,1000,1000,100,100,100
Afar,2025-Wk03-15,PHEM_OFFICER,Preparedness,Health facilities with PHEM officer,proportion,40,40,40,0,423,100,0,0
Afar,2025-Wk16-27,PHEM_OFFICER,Preparedness,Health facilities with PHEM officer,proportion,40,40,40,0,423,100,0,0
Afar,2025-Wk28-52,PHEM_OFFICER,Preparedness,Health facilities with PHEM officer,proportion,40,40,40,0,492,100,0,0
Amhara,2025-Wk03-15,PHEM_OFFICER,Preparedness,Health facilities with PHEM officer,proportion,221,0,0,0,0,0,NA,NA
Amhara,2025-Wk16-27,PHEM_OFFICER,Preparedness,Health facilities with PHEM officer,proportion,221,0,0,0,0,0,NA,NA
Amhara,2025-Wk28-52,PHEM_OFFICER,Preparedness,Health facilities with PHEM officer,proportion,221,0,0,0,0,0,NA,NA
Benishangul Gumuz,2025-Wk03-15,PHEM_OFFICER,Preparedness,Health facilities with PHEM officer,proportion,23,23,23,0,23,100,0,0
Benishangul Gumuz,2025-Wk16-27,PHEM_OFFICER,Preparedness,Health facilities with PHEM officer,proportion,23,23,23,0,23,100,0,0
Benishangul Gumuz,2025-Wk28-52,PHEM_OFFICER,Preparedness,Health facilities with PHEM officer,proportion,23,23,23,0,23,100,0,0
Central Ethiopia,2025-Wk03-15,PHEM_OFFICER,Preparedness,Health facilities with PHEM officer,proportion,82,82,82,82,82,100,100,100
Dire Dawa,2025-Wk03-15,PHEM_OFFICER,Preparedness,Health facilities with PHEM officer,proportion,18,17,17,0,17,94.4,0,0
Dire Dawa,2025-Wk16-27,PHEM_OFFICER,Preparedness,Health facilities with PHEM officer,proportion,18,17,17,0,17,94.4,0,0
Dire Dawa,2025-Wk28-52,PHEM_OFFICER,Preparedness,Health facilities with PHEM officer,proportion,18,18,18,0,18,100,0,0
Gambella,2025-Wk03-15,PHEM_OFFICER,Preparedness,Health facilities with PHEM officer,proportion,14,14,14,0,152,100,0,0
Gambella,2025-Wk16-27,PHEM_OFFICER,Preparedness,Health facilities with PHEM officer,proportion,14,14,14,0,152,100,0,0
Gambella,2025-Wk28-52,PHEM_OFFICER,Preparedness,Health facilities with PHEM officer,proportion,14,14,14,0,152,100,0,0
Harari,2025-Wk03-15,PHEM_OFFICER,Preparedness,Health facilities with PHEM officer,proportion,9,9,9,0,13,100,0,0
Harari,2025-Wk16-27,PHEM_OFFICER,Preparedness,Health facilities with PHEM officer,proportion,9,9,9,0,59,100,0,0
Harari,2025-Wk28-52,PHEM_OFFICER,Preparedness,Health facilities with PHEM officer,proportion,1,1,1,0,15,100,0,0
Oromia,2025-Wk03-15,PHEM_OFFICER,Preparedness,Health facilities with PHEM officer,proportion,444,440,435,0,1558,99.1,0,0
Oromia,2025-Wk16-27,PHEM_OFFICER,Preparedness,Health facilities with PHEM officer,proportion,430,427,422,0,1527,99.3,0,0
Oromia,2025-Wk28-52,PHEM_OFFICER,Preparedness,Health facilities with PHEM officer,proportion,8,8,8,0,45,100,0,0
Sidama,2025-Wk03-15,PHEM_OFFICER,Preparedness,Health facilities with PHEM officer,proportion,38,38,36,0,139,100,0,0
Sidama,2025-Wk16-27,PHEM_OFFICER,Preparedness,Health facilities with PHEM officer,proportion,38,38,38,0,160,100,0,0
Sidama,2025-Wk28-52,PHEM_OFFICER,Preparedness,Health facilities with PHEM officer,proportion,38,38,38,0,160,100,0,0
Somali,2025-Wk03-15,PHEM_OFFICER,Preparedness,Health facilities with PHEM officer,proportion,118,118,118,118,236,100,50,50
Somali,2025-Wk16-27,PHEM_OFFICER,Preparedness,Health facilities with PHEM officer,proportion,118,118,118,118,236,100,50,50
Somali,2025-Wk28-52,PHEM_OFFICER,Preparedness,Health facilities with PHEM officer,proportion,118,118,118,118,236,100,50,50
South Ethiopia,2025-Wk03-15,PHEM_OFFICER,Preparedness,Health facilities with PHEM officer,proportion,96,96,96,0,1653,100,0,0
South Ethiopia,2025-Wk16-27,PHEM_OFFICER,Preparedness,Health facilities with PHEM officer,proportion,96,96,96,0,1653,100,0,0
South Ethiopia,2025-Wk28-52,PHEM_OFFICER,Preparedness,Health facilities with PHEM officer,proportion,96,96,96,0,1653,100,0,0
Tigray,2025-Wk03-15,PHEM_OFFICER,Preparedness,Health facilities with PHEM officer,proportion,84,84,81,7,241,100,2.904564315352697,2.904564315352697
Addis Ababa,2025-Wk03-15,DHIS2_RPT,Preparedness,Districts reporting weekly via DHIS2,proportion,11,11,0,0,0,100,NA,NA
Addis Ababa,2025-Wk16-27,DHIS2_RPT,Preparedness,Districts reporting weekly via DHIS2,proportion,120,120,120,119,1061,100,11.215834118755891,11.215834118755891
Addis Ababa,2025-Wk28-52,DHIS2_RPT,Preparedness,Districts reporting weekly via DHIS2,proportion,119,119,119,118,1047,100,11.270296084049665,11.270296084049665
Afar,2025-Wk03-15,DHIS2_RPT,Preparedness,Districts reporting weekly via DHIS2,proportion,40,40,40,21,423,100,4.964539007092198,4.964539007092198
Afar,2025-Wk16-27,DHIS2_RPT,Preparedness,Districts reporting weekly via DHIS2,proportion,40,40,40,40,423,100,9.456264775413711,9.456264775413711
Afar,2025-Wk28-52,DHIS2_RPT,Preparedness,Districts reporting weekly via DHIS2,proportion,40,40,40,38,492,100,7.723577235772358,7.723577235772358
Amhara,2025-Wk03-15,DHIS2_RPT,Preparedness,Districts reporting weekly via DHIS2,proportion,221,0,0,0,0,0,NA,NA
Amhara,2025-Wk16-27,DHIS2_RPT,Preparedness,Districts reporting weekly via DHIS2,proportion,221,0,0,0,0,0,NA,NA
Amhara,2025-Wk28-52,DHIS2_RPT,Preparedness,Districts reporting weekly via DHIS2,proportion,221,0,0,0,0,0,NA,NA
Benishangul Gumuz,2025-Wk03-15,DHIS2_RPT,Preparedness,Districts reporting weekly via DHIS2,proportion,23,23,23,17,23,100,73.91304347826087,73.91304347826087
Benishangul Gumuz,2025-Wk16-27,DHIS2_RPT,Preparedness,Districts reporting weekly via DHIS2,proportion,23,23,23,17,23,100,73.91304347826087,73.91304347826087
Benishangul Gumuz,2025-Wk28-52,DHIS2_RPT,Preparedness,Districts reporting weekly via DHIS2,proportion,23,23,23,17,23,100,73.91304347826087,73.91304347826087
Central Ethiopia,2025-Wk03-15,DHIS2_RPT,Preparedness,Districts reporting weekly via DHIS2,proportion,82,82,82,82,82,100,100,100
Dire Dawa,2025-Wk03-15,DHIS2_RPT,Preparedness,Districts reporting weekly via DHIS2,proportion,18,17,17,17,17,94.4,100,100
Dire Dawa,2025-Wk16-27,DHIS2_RPT,Preparedness,Districts reporting weekly via DHIS2,proportion,18,17,17,17,17,94.4,100,100
Dire Dawa,2025-Wk28-52,DHIS2_RPT,Preparedness,Districts reporting weekly via DHIS2,proportion,18,18,18,18,18,100,100,100
Gambella,2025-Wk03-15,DHIS2_RPT,Preparedness,Districts reporting weekly via DHIS2,proportion,14,14,14,0,152,100,0,0
Gambella,2025-Wk16-27,DHIS2_RPT,Preparedness,Districts reporting weekly via DHIS2,proportion,14,14,14,9,152,100,5.921052631578948,5.921052631578948
Gambella,2025-Wk28-52,DHIS2_RPT,Preparedness,Districts reporting weekly via DHIS2,proportion,14,14,14,9,152,100,5.921052631578948,5.921052631578948
Harari,2025-Wk03-15,DHIS2_RPT,Preparedness,Districts reporting weekly via DHIS2,proportion,9,9,9,9,13,100,69.23076923076923,69.23076923076923
Harari,2025-Wk16-27,DHIS2_RPT,Preparedness,Districts reporting weekly via DHIS2,proportion,9,9,9,9,59,100,15.254237288135593,15.254237288135593
Harari,2025-Wk28-52,DHIS2_RPT,Preparedness,Districts reporting weekly via DHIS2,proportion,1,1,1,9,15,100,60,60
Oromia,2025-Wk03-15,DHIS2_RPT,Preparedness,Districts reporting weekly via DHIS2,proportion,444,440,0,0,0,99.1,NA,NA
Oromia,2025-Wk16-27,DHIS2_RPT,Preparedness,Districts reporting weekly via DHIS2,proportion,430,430,422,422,1527,100,27.635887360838243,27.635887360838243
Oromia,2025-Wk28-52,DHIS2_RPT,Preparedness,Districts reporting weekly via DHIS2,proportion,8,8,0,0,0,100,NA,NA
Sidama,2025-Wk03-15,DHIS2_RPT,Preparedness,Districts reporting weekly via DHIS2,proportion,38,38,36,36,139,100,25.899280575539567,25.899280575539567
Sidama,2025-Wk16-27,DHIS2_RPT,Preparedness,Districts reporting weekly via DHIS2,proportion,38,38,38,38,160,100,23.75,23.75
Sidama,2025-Wk28-52,DHIS2_RPT,Preparedness,Districts reporting weekly via DHIS2,proportion,38,38,38,38,160,100,23.75,23.75
Somali,2025-Wk03-15,DHIS2_RPT,Preparedness,Districts reporting weekly via DHIS2,proportion,118,118,118,74,236,100,31.35593220338983,31.35593220338983
Somali,2025-Wk16-27,DHIS2_RPT,Preparedness,Districts reporting weekly via DHIS2,proportion,118,118,118,74,236,100,31.35593220338983,31.35593220338983
Somali,2025-Wk28-52,DHIS2_RPT,Preparedness,Districts reporting weekly via DHIS2,proportion,118,118,118,74,236,100,31.35593220338983,31.35593220338983
South Ethiopia,2025-Wk03-15,DHIS2_RPT,Preparedness,Districts reporting weekly via DHIS2,proportion,96,96,96,42,96,100,43.75,43.75
South Ethiopia,2025-Wk16-27,DHIS2_RPT,Preparedness,Districts reporting weekly via DHIS2,proportion,96,96,96,96,96,100,100,100
South Ethiopia,2025-Wk28-52,DHIS2_RPT,Preparedness,Districts reporting weekly via DHIS2,proportion,96,96,96,96,96,100,100,100
Tigray,2025-Wk03-15,DHIS2_RPT,Preparedness,Districts reporting weekly via DHIS2,proportion,84,84,81,170,241,100,70.53941908713693,70.53941908713693
Addis Ababa,2025-Wk03-15,COORD_PLATFORM,Preparedness,Districts with functional coordination platform / RRT,proportion,11,11,0,0,0,100,NA,NA
Addis Ababa,2025-Wk16-27,COORD_PLATFORM,Preparedness,Districts with functional coordination platform / RRT,proportion,120,120,120,117,1061,100,11.027332704995288,11.027332704995288
Addis Ababa,2025-Wk28-52,COORD_PLATFORM,Preparedness,Districts with functional coordination platform / RRT,proportion,119,119,119,116,1047,100,11.0792741165234,11.0792741165234
Afar,2025-Wk03-15,COORD_PLATFORM,Preparedness,Districts with functional coordination platform / RRT,proportion,40,40,40,2,423,100,0.4728132387706856,0.4728132387706856
Afar,2025-Wk16-27,COORD_PLATFORM,Preparedness,Districts with functional coordination platform / RRT,proportion,40,40,40,5,423,100,1.1820330969267139,1.1820330969267139
Afar,2025-Wk28-52,COORD_PLATFORM,Preparedness,Districts with functional coordination platform / RRT,proportion,40,40,40,0,492,100,0,0
Amhara,2025-Wk03-15,COORD_PLATFORM,Preparedness,Districts with functional coordination platform / RRT,proportion,221,0,0,0,0,0,NA,NA
Amhara,2025-Wk16-27,COORD_PLATFORM,Preparedness,Districts with functional coordination platform / RRT,proportion,221,0,0,0,0,0,NA,NA
Amhara,2025-Wk28-52,COORD_PLATFORM,Preparedness,Districts with functional coordination platform / RRT,proportion,221,0,0,0,0,0,NA,NA
Benishangul Gumuz,2025-Wk03-15,COORD_PLATFORM,Preparedness,Districts with functional coordination platform / RRT,proportion,23,23,23,18,23,100,78.26086956521739,78.26086956521739
Benishangul Gumuz,2025-Wk16-27,COORD_PLATFORM,Preparedness,Districts with functional coordination platform / RRT,proportion,23,23,23,18,23,100,78.26086956521739,78.26086956521739
Benishangul Gumuz,2025-Wk28-52,COORD_PLATFORM,Preparedness,Districts with functional coordination platform / RRT,proportion,23,23,23,18,23,100,78.26086956521739,78.26086956521739
Central Ethiopia,2025-Wk03-15,COORD_PLATFORM,Preparedness,Districts with functional coordination platform / RRT,proportion,82,82,82,82,82,100,100,100
Dire Dawa,2025-Wk03-15,COORD_PLATFORM,Preparedness,Districts with functional coordination platform / RRT,proportion,18,17,17,17,17,94.4,100,100
Dire Dawa,2025-Wk16-27,COORD_PLATFORM,Preparedness,Districts with functional coordination platform / RRT,proportion,18,17,17,17,17,94.4,100,100
Dire Dawa,2025-Wk28-52,COORD_PLATFORM,Preparedness,Districts with functional coordination platform / RRT,proportion,18,18,18,18,18,100,100,100
Gambella,2025-Wk03-15,COORD_PLATFORM,Preparedness,Districts with functional coordination platform / RRT,proportion,14,14,14,9,152,100,5.921052631578948,5.921052631578948
Gambella,2025-Wk16-27,COORD_PLATFORM,Preparedness,Districts with functional coordination platform / RRT,proportion,14,14,14,9,152,100,5.921052631578948,5.921052631578948
Gambella,2025-Wk28-52,COORD_PLATFORM,Preparedness,Districts with functional coordination platform / RRT,proportion,14,14,14,9,152,100,5.921052631578948,5.921052631578948
Harari,2025-Wk03-15,COORD_PLATFORM,Preparedness,Districts with functional coordination platform / RRT,proportion,9,9,9,0,13,100,0,0
Harari,2025-Wk16-27,COORD_PLATFORM,Preparedness,Districts with functional coordination platform / RRT,proportion,9,9,9,0,59,100,0,0
Harari,2025-Wk28-52,COORD_PLATFORM,Preparedness,Districts with functional coordination platform / RRT,proportion,1,1,1,9,15,100,60,60
Oromia,2025-Wk03-15,COORD_PLATFORM,Preparedness,Districts with functional coordination platform / RRT,proportion,444,440,0,0,0,99.1,NA,NA
Oromia,2025-Wk16-27,COORD_PLATFORM,Preparedness,Districts with functional coordination platform / RRT,proportion,430,427,0,0,0,99.3,NA,NA
Oromia,2025-Wk28-52,COORD_PLATFORM,Preparedness,Districts with functional coordination platform / RRT,proportion,8,8,0,0,0,100,NA,NA
Sidama,2025-Wk03-15,COORD_PLATFORM,Preparedness,Districts with functional coordination platform / RRT,proportion,38,38,36,17,139,100,12.23021582733813,12.23021582733813
Sidama,2025-Wk16-27,COORD_PLATFORM,Preparedness,Districts with functional coordination platform / RRT,proportion,38,38,38,20,160,100,12.5,12.5
Sidama,2025-Wk28-52,COORD_PLATFORM,Preparedness,Districts with functional coordination platform / RRT,proportion,38,38,38,20,160,100,12.5,12.5
Somali,2025-Wk03-15,COORD_PLATFORM,Preparedness,Districts with functional coordination platform / RRT,proportion,118,118,118,0,236,100,0,0
Somali,2025-Wk16-27,COORD_PLATFORM,Preparedness,Districts with functional coordination platform / RRT,proportion,118,118,118,0,236,100,0,0
Somali,2025-Wk28-52,COORD_PLATFORM,Preparedness,Districts with functional coordination platform / RRT,proportion,118,118,118,0,236,100,0,0
South Ethiopia,2025-Wk03-15,COORD_PLATFORM,Preparedness,Districts with functional coordination platform / RRT,proportion,96,96,96,72,96,100,75,75
South Ethiopia,2025-Wk16-27,COORD_PLATFORM,Preparedness,Districts with functional coordination platform / RRT,proportion,96,96,96,31,96,100,32.291666666666664,32.291666666666664
South Ethiopia,2025-Wk28-52,COORD_PLATFORM,Preparedness,Districts with functional coordination platform / RRT,proportion,96,96,96,32,96,100,33.333333333333336,33.333333333333336
Tigray,2025-Wk03-15,COORD_PLATFORM,Preparedness,Districts with functional coordination platform / RRT,proportion,84,84,81,0,241,100,0,0
