region,zone,woreda,adm3_pcode,population,population_best,period,EBS_PPV,EBS_DETECT,DETECT_7D,RPT_TIMELY,RPT_COMPLETE,CB_ELIM,CB_EVENTS,NOTIFY_24H,NOTIFY_30M,LINEGRAPH,OBR_ANALYZED,LAB_7D,RESP_2448,ATTACK_RATE,CFR,EPRP_PLAN,RISK_MAP,EPR_FUNDS,CONTINGENCY,PHEM_OFFICER,DHIS2_RPT,COORD_PLATFORM,EPI_DETECT_REG
Addis Ababa,Addis Ketema,1,ET140108,NA,359910.8959545385,2025-Wk16-27,0,NA,NA,100,100,100,100,100,100,100,0,NA,NA,NA,NA,100,100,0,0,100,14.3,14.3,NA
Addis Ababa,Addis Ketema,1,ET140108,NA,359910.8959545385,2025-Wk28-52,0,NA,NA,100,100,100,100,NA,0,100,0,NA,NA,NA,NA,100,100,0,0,100,14.3,14.3,NA
Addis Ababa,Addis Ketema,10,ET140108,NA,359910.8959545385,2025-Wk16-27,NA,NA,NA,100,100,100,100,100,100,100,0,NA,NA,NA,NA,100,100,0,0,100,16.7,16.7,NA
Addis Ababa,Addis Ketema,10,ET140108,NA,359910.8959545385,2025-Wk28-52,NA,NA,NA,100,100,100,100,NA,0,100,0,NA,NA,NA,NA,100,100,0,0,100,16.7,16.7,NA
Addis Ababa,Addis Ketema,11,ET140108,NA,359910.8959545385,2025-Wk16-27,NA,NA,NA,100,100,100,100,100,100,100,0,NA,NA,NA,NA,100,100,0,0,100,16.7,16.7,NA
Addis Ababa,Addis Ketema,11,ET140108,NA,359910.8959545385,2025-Wk28-52,NA,NA,NA,100,100,100,100,NA,0,100,0,NA,NA,NA,NA,100,100,0,0,100,16.7,16.7,NA
Addis Ababa,Addis Ketema,12,ET140108,NA,359910.8959545385,2025-Wk16-27,0,NA,NA,100,100,100,100,100,100,100,0,NA,NA,NA,NA,100,100,0,0,100,8.3,8.3,NA
Addis Ababa,Addis Ketema,12,ET140108,NA,359910.8959545385,2025-Wk28-52,0,NA,NA,100,100,100,100,NA,0,100,0,NA,NA,NA,NA,100,100,0,0,100,8.3,8.3,NA
Addis Ababa,Addis Ketema,13,ET140108,NA,359910.8959545385,2025-Wk16-27,NA,NA,NA,100,100,100,100,100,100,100,0,NA,NA,NA,NA,100,100,0,0,100,14.3,14.3,NA
Addis Ababa,Addis Ketema,13,ET140108,NA,359910.8959545385,2025-Wk28-52,NA,NA,NA,100,100,100,100,NA,0,100,0,NA,NA,NA,NA,100,100,0,0,100,14.3,14.3,NA
Addis Ababa,Addis Ketema,14,ET140108,NA,359910.8959545385,2025-Wk16-27,NA,NA,NA,100,100,NA,NA,NA,NA,100,0,NA,NA,NA,NA,100,100,0,0,100,9.1,9.1,NA
Addis Ababa,Addis Ketema,14,ET140108,NA,359910.8959545385,2025-Wk28-52,NA,NA,NA,100,100,NA,NA,NA,NA,100,0,NA,NA,NA,NA,100,100,0,0,100,9.1,9.1,NA
Addis Ababa,Addis Ketema,3,ET140108,NA,359910.8959545385,2025-Wk16-27,0,NA,NA,100,100,100,100,100,100,100,0,NA,NA,NA,NA,100,100,0,0,100,11.1,11.1,NA
Addis Ababa,Addis Ketema,3,ET140108,NA,359910.8959545385,2025-Wk28-52,0,NA,NA,100,100,100,100,NA,0,100,0,NA,NA,NA,NA,100,100,0,0,100,11.1,11.1,NA
Addis Ababa,Addis Ketema,4,ET140108,NA,359910.8959545385,2025-Wk16-27,NA,NA,NA,100,100,100,100,100,100,100,0,NA,NA,NA,NA,100,100,0,0,100,14.3,14.3,NA
Addis Ababa,Addis Ketema,4,ET140108,NA,359910.8959545385,2025-Wk28-52,NA,NA,NA,100,100,100,100,NA,0,100,0,NA,NA,NA,NA,100,100,0,0,100,14.3,14.3,NA
Addis Ababa,Addis Ketema,5,ET140108,NA,359910.8959545385,2025-Wk16-27,NA,NA,NA,100,100,100,100,100,100,100,0,NA,NA,NA,NA,100,100,0,0,100,14.3,14.3,NA
Addis Ababa,Addis Ketema,5,ET140108,NA,359910.8959545385,2025-Wk28-52,NA,NA,NA,100,100,100,100,NA,0,100,0,NA,NA,NA,NA,100,100,0,0,100,14.3,14.3,NA
Addis Ababa,Addis Ketema,6,ET140108,NA,359910.8959545385,2025-Wk16-27,NA,NA,NA,100,100,100,100,100,100,100,0,NA,NA,NA,NA,100,100,0,0,100,12.5,12.5,NA
Addis Ababa,Addis Ketema,6,ET140108,NA,359910.8959545385,2025-Wk28-52,NA,NA,NA,100,100,100,100,NA,0,100,0,NA,NA,NA,NA,100,100,0,0,100,12.5,12.5,NA
Addis Ababa,Addis Ketema,8,ET140108,NA,359910.8959545385,2025-Wk16-27,NA,NA,NA,100,100,100,100,100,100,100,0,NA,NA,NA,NA,100,100,0,0,100,12.5,12.5,NA
Addis Ababa,Addis Ketema,8,ET140108,NA,359910.8959545385,2025-Wk28-52,NA,NA,NA,100,100,100,100,NA,0,100,0,NA,NA,NA,NA,100,100,0,0,100,12.5,12.5,NA
Addis Ababa,Addis Ketema,9,ET140108,NA,359910.8959545385,2025-Wk16-27,0,NA,NA,100,100,100,100,100,100,100,0,NA,NA,NA,NA,100,100,0,0,100,12.5,12.5,NA
Addis Ababa,Addis Ketema,9,ET140108,NA,359910.8959545385,2025-Wk28-52,0,NA,NA,100,100,100,100,NA,0,100,0,NA,NA,NA,NA,100,100,0,0,100,12.5,12.5,NA
Addis Ababa,Addis ketema,12,ET140108,NA,359910.8959545385,2025-Wk03-15,0,0,0,100,100,100,100,100,100,100,0,100,100,NA,NA,100,100,0,0,100,857.1,857.1,NA
Addis Ababa,Akaki Kality,1,ET140101,NA,269226.10247751395,2025-Wk16-27,NA,NA,NA,100,100,100,100,NA,NA,100,0,NA,NA,NA,NA,100,100,0,0,100,6.2,6.2,NA
Addis Ababa,Akaki Kality,1,ET140101,NA,269226.10247751395,2025-Wk28-52,NA,NA,NA,100,100,100,100,NA,NA,100,0,NA,NA,NA,NA,100,100,0,0,100,6.2,6.2,NA
Addis Ababa,Akaki Kality,10,ET140101,NA,269226.10247751395,2025-Wk16-27,NA,NA,NA,100,100,100,100,NA,NA,100,0,NA,NA,NA,NA,100,100,0,0,150,50,50,NA
Addis Ababa,Akaki Kality,10,ET140101,NA,269226.10247751395,2025-Wk28-52,NA,NA,NA,100,100,100,100,NA,NA,100,0,NA,NA,NA,NA,100,100,0,0,150,50,50,NA
Addis Ababa,Akaki Kality,12,ET140101,NA,269226.10247751395,2025-Wk03-15,0,0,0,100,100,100,100,100,100,100,0,100,100,NA,NA,100,100,0,0,100,1333.3,1333.3,NA
Addis Ababa,Akaki Kality,12,ET140101,NA,269226.10247751395,2025-Wk16-27,NA,NA,NA,100,100,NA,NA,NA,NA,100,0,NA,NA,NA,NA,100,100,0,0,100,5.9,5.9,NA
Addis Ababa,Akaki Kality,12,ET140101,NA,269226.10247751395,2025-Wk28-52,NA,NA,NA,100,100,NA,NA,NA,NA,100,0,NA,NA,NA,NA,100,100,0,0,100,5.9,5.9,NA
Addis Ababa,Akaki Kality,13,ET140101,NA,269226.10247751395,2025-Wk16-27,NA,NA,NA,100,100,NA,NA,NA,NA,100,0,NA,NA,NA,NA,100,100,0,0,100,8.3,8.3,NA
Addis Ababa,Akaki Kality,13,ET140101,NA,269226.10247751395,2025-Wk28-52,NA,NA,NA,100,100,NA,NA,NA,NA,100,0,NA,NA,NA,NA,100,100,0,0,100,8.3,8.3,NA
Addis Ababa,Akaki Kality,2,ET140101,NA,269226.10247751395,2025-Wk16-27,NA,NA,NA,100,100,NA,NA,NA,NA,100,0,NA,NA,NA,NA,100,100,0,0,100,25,25,NA
Addis Ababa,Akaki Kality,2,ET140101,NA,269226.10247751395,2025-Wk28-52,NA,NA,NA,100,100,NA,NA,NA,NA,100,0,NA,NA,NA,NA,100,100,0,0,100,25,25,NA
Addis Ababa,Akaki Kality,3,ET140101,NA,269226.10247751395,2025-Wk16-27,NA,NA,NA,100,100,NA,NA,NA,NA,100,0,NA,NA,NA,NA,100,100,0,0,100,14.3,14.3,NA
Addis Ababa,Akaki Kality,3,ET140101,NA,269226.10247751395,2025-Wk28-52,NA,NA,NA,100,100,NA,NA,NA,NA,100,0,NA,NA,NA,NA,100,100,0,0,100,14.3,14.3,NA
Addis Ababa,Akaki Kality,4,ET140101,NA,269226.10247751395,2025-Wk16-27,NA,NA,NA,100,100,NA,NA,NA,NA,100,0,NA,NA,NA,NA,100,100,0,0,100,6.2,6.2,NA
Addis Ababa,Akaki Kality,4,ET140101,NA,269226.10247751395,2025-Wk28-52,NA,NA,NA,100,100,NA,NA,NA,NA,100,0,NA,NA,NA,NA,100,100,0,0,100,6.2,6.2,NA
Addis Ababa,Akaki Kality,5,ET140101,NA,269226.10247751395,2025-Wk16-27,NA,NA,NA,100,100,100,100,NA,NA,100,0,NA,NA,NA,NA,100,100,0,0,100,5.9,5.9,NA
Addis Ababa,Akaki Kality,5,ET140101,NA,269226.10247751395,2025-Wk28-52,NA,NA,NA,100,100,100,100,NA,NA,100,0,NA,NA,NA,NA,100,100,0,0,100,5.9,5.9,NA
Addis Ababa,Akaki Kality,6,ET140101,NA,269226.10247751395,2025-Wk16-27,NA,NA,NA,100,100,100,100,NA,NA,100,0,NA,NA,NA,NA,100,100,0,0,107.7,7.7,7.7,NA
Addis Ababa,Akaki Kality,6,ET140101,NA,269226.10247751395,2025-Wk28-52,NA,NA,NA,100,100,100,100,NA,NA,100,0,NA,NA,NA,NA,100,100,0,0,107.7,7.7,7.7,NA
Addis Ababa,Akaki Kality,7,ET140101,NA,269226.10247751395,2025-Wk16-27,NA,NA,NA,100,100,100,100,NA,NA,100,0,NA,NA,NA,NA,100,100,0,0,107.1,7.1,7.1,NA
Addis Ababa,Akaki Kality,7,ET140101,NA,269226.10247751395,2025-Wk28-52,NA,NA,NA,100,100,100,100,NA,NA,100,0,NA,NA,NA,NA,100,100,0,0,107.1,7.1,7.1,NA
Addis Ababa,Akaki Kality,8,ET140101,NA,269226.10247751395,2025-Wk16-27,0,NA,NA,100,100,100,100,100,100,100,0,100,0,NA,NA,100,100,0,0,105.6,5.6,5.6,NA
Addis Ababa,Akaki Kality,8,ET140101,NA,269226.10247751395,2025-Wk28-52,0,NA,NA,100,100,100,100,NA,0,100,0,100,0,NA,NA,100,100,0,0,105.6,5.6,5.6,NA
Addis Ababa,Akaki Kality,9,ET140101,NA,269226.10247751395,2025-Wk16-27,NA,NA,NA,100,100,NA,NA,NA,NA,100,0,NA,NA,NA,NA,100,100,0,0,100,14.3,14.3,NA
Addis Ababa,Akaki Kality,9,ET140101,NA,269226.10247751395,2025-Wk28-52,NA,NA,NA,100,100,NA,NA,NA,NA,100,0,NA,NA,NA,NA,100,100,0,0,100,14.3,14.3,NA
Addis Ababa,Arada,1,ET140109,NA,311589.79567007924,2025-Wk16-27,0,NA,NA,100,100,NA,NA,NA,NA,100,0,NA,NA,NA,NA,100,100,100,100,100,16.7,16.7,NA
Addis Ababa,Arada,1,ET140109,NA,311589.79567007924,2025-Wk28-52,0,NA,NA,100,100,NA,NA,NA,NA,100,0,NA,NA,NA,NA,100,100,100,100,100,16.7,16.7,NA
Addis Ababa,Arada,2,ET140109,NA,311589.79567007924,2025-Wk16-27,0,NA,NA,100,100,NA,NA,100,100,100,0,NA,NA,NA,NA,100,100,100,100,100,11.1,11.1,NA
Addis Ababa,Arada,2,ET140109,NA,311589.79567007924,2025-Wk28-52,0,NA,NA,100,100,NA,NA,NA,0,100,0,NA,NA,NA,NA,100,100,100,100,100,11.1,11.1,NA
Addis Ababa,Arada,4,ET140109,NA,311589.79567007924,2025-Wk16-27,0,NA,NA,100,100,100,100,100,100,100,0,NA,NA,NA,NA,100,100,100,100,100,14.3,14.3,NA
Addis Ababa,Arada,4,ET140109,NA,311589.79567007924,2025-Wk28-52,0,NA,NA,100,100,100,100,NA,0,100,0,NA,NA,NA,NA,100,100,100,100,100,14.3,14.3,NA
Addis Ababa,Arada,5,ET140109,NA,311589.79567007924,2025-Wk16-27,NA,NA,NA,100,100,NA,NA,NA,NA,100,0,NA,NA,NA,NA,100,100,100,100,100,20,20,NA
Addis Ababa,Arada,5,ET140109,NA,311589.79567007924,2025-Wk28-52,NA,NA,NA,100,100,NA,NA,NA,NA,100,0,NA,NA,NA,NA,100,100,100,100,100,20,20,NA
Addis Ababa,Arada,6,ET140109,NA,311589.79567007924,2025-Wk16-27,NA,NA,NA,100,100,NA,NA,100,100,100,0,NA,NA,NA,NA,100,100,100,100,100,12.5,12.5,NA
Addis Ababa,Arada,6,ET140109,NA,311589.79567007924,2025-Wk28-52,NA,NA,NA,100,100,NA,NA,NA,0,100,0,NA,NA,NA,NA,100,100,100,100,100,12.5,12.5,NA
Addis Ababa,Arada,7,ET140109,NA,311589.79567007924,2025-Wk16-27,0,NA,NA,100,100,100,100,NA,NA,100,0,NA,NA,NA,NA,100,100,100,100,100,33.3,33.3,NA
Addis Ababa,Arada,7,ET140109,NA,311589.79567007924,2025-Wk28-52,0,NA,NA,100,100,100,100,NA,NA,100,0,NA,NA,NA,NA,100,100,100,100,100,33.3,33.3,NA
Addis Ababa,Arada,8,ET140109,NA,311589.79567007924,2025-Wk03-15,0,0,0,100,100,100,100,100,100,100,0,100,100,NA,NA,100,100,0,0,100,1333.3,1333.3,NA
Addis Ababa,Arada,8,ET140109,NA,311589.79567007924,2025-Wk16-27,0,NA,NA,100,100,NA,NA,NA,NA,100,0,NA,NA,NA,NA,100,100,100,100,100,50,50,NA
Addis Ababa,Arada,8,ET140109,NA,311589.79567007924,2025-Wk28-52,0,NA,NA,100,100,NA,NA,NA,NA,100,0,NA,NA,NA,NA,100,100,100,100,100,50,50,NA
Addis Ababa,Arada,9,ET140109,NA,311589.79567007924,2025-Wk16-27,0,NA,NA,100,100,100,100,100,100,100,100,0,100,NA,NA,100,100,100,100,100,10,10,NA
Addis Ababa,Arada,9,ET140109,NA,311589.79567007924,2025-Wk28-52,0,NA,NA,100,100,100,100,NA,0,100,0,0,100,NA,NA,100,100,100,100,100,10,10,NA
Addis Ababa,Bole,1,ET140104,NA,230595.30669131433,2025-Wk16-27,NA,NA,NA,100,100,NA,1,100,100,100,0,100,0,NA,NA,100,100,0,0,100,11.1,11.1,NA
Addis Ababa,Bole,1,ET140104,NA,230595.30669131433,2025-Wk28-52,NA,NA,NA,100,100,NA,1,1,0,100,0,100,0,NA,NA,100,100,0,0,100,11.1,11.1,NA
Addis Ababa,Bole,11,ET140104,NA,230595.30669131433,2025-Wk03-15,0,0,0,100,100,100,100,100,100,100,18.2,100,100,NA,NA,100,100,0,0,100,2400,2400,NA
Addis Ababa,Bole,11,ET140104,NA,230595.30669131433,2025-Wk16-27,NA,NA,NA,100,100,NA,1,100,100,100,0,100,0,NA,NA,100,100,0,0,100,12.5,12.5,NA
Addis Ababa,Bole,11,ET140104,NA,230595.30669131433,2025-Wk28-52,NA,NA,NA,100,100,NA,1,1,0,100,0,100,0,NA,NA,100,100,0,0,100,12.5,12.5,NA
Addis Ababa,Bole,12,ET140104,NA,230595.30669131433,2025-Wk16-27,NA,NA,NA,100,100,100,100,100,100,100,0,100,0,NA,NA,100,100,0,0,100,3.8,3.8,NA
Addis Ababa,Bole,12,ET140104,NA,230595.30669131433,2025-Wk28-52,NA,NA,NA,100,100,100,100,1,0,100,0,100,0,NA,NA,100,100,0,0,100,3.8,3.8,NA
Addis Ababa,Bole,13,ET140104,NA,230595.30669131433,2025-Wk16-27,NA,NA,NA,100,100,100,100,100,100,100,0,100,0,NA,NA,100,100,0,0,100,7.7,7.7,NA
Addis Ababa,Bole,13,ET140104,NA,230595.30669131433,2025-Wk28-52,NA,NA,NA,100,100,100,100,1,0,100,0,100,0,NA,NA,100,100,0,0,100,7.7,7.7,NA
Addis Ababa,Bole,14,ET140104,NA,230595.30669131433,2025-Wk16-27,NA,NA,NA,100,100,100,100,100,100,100,0,100,0,NA,NA,100,100,0,0,100,10,10,NA
Addis Ababa,Bole,14,ET140104,NA,230595.30669131433,2025-Wk28-52,NA,NA,NA,100,100,100,100,1,0,100,0,100,0,NA,NA,100,100,0,0,100,10,10,NA
Addis Ababa,Bole,2,ET140104,NA,230595.30669131433,2025-Wk16-27,NA,NA,NA,100,100,100,100,100,100,100,0,100,0,NA,NA,100,100,0,0,100,20,20,NA
Addis Ababa,Bole,2,ET140104,NA,230595.30669131433,2025-Wk28-52,NA,NA,NA,100,100,100,100,1,0,100,0,100,0,NA,NA,100,100,0,0,100,20,20,NA
Addis Ababa,Bole,3,ET140104,NA,230595.30669131433,2025-Wk16-27,NA,NA,NA,100,100,100,100,100,100,100,0,100,0,NA,NA,100,100,0,0,100,12.5,12.5,NA
Addis Ababa,Bole,3,ET140104,NA,230595.30669131433,2025-Wk28-52,NA,NA,NA,100,100,100,100,1,0,100,0,100,0,NA,NA,100,100,0,0,100,12.5,12.5,NA
Addis Ababa,Bole,4,ET140104,NA,230595.30669131433,2025-Wk16-27,NA,NA,NA,100,100,100,100,100,100,100,0,100,0,NA,NA,100,100,0,0,100,11.1,11.1,NA
Addis Ababa,Bole,4,ET140104,NA,230595.30669131433,2025-Wk28-52,NA,NA,NA,100,100,100,100,1,0,100,0,100,0,NA,NA,100,100,0,0,100,11.1,11.1,NA
Addis Ababa,Bole,5,ET140104,NA,230595.30669131433,2025-Wk16-27,NA,NA,NA,100,100,NA,1,100,100,100,0,100,0,NA,NA,100,100,0,0,100,14.3,14.3,NA
Addis Ababa,Bole,5,ET140104,NA,230595.30669131433,2025-Wk28-52,NA,NA,NA,100,100,NA,1,1,0,100,0,100,0,NA,NA,100,100,0,0,100,14.3,14.3,NA
Addis Ababa,Bole,6,ET140104,NA,230595.30669131433,2025-Wk16-27,NA,NA,NA,100,100,NA,1,100,100,100,0,100,0,NA,NA,100,100,0,0,100,10,10,NA
Addis Ababa,Bole,6,ET140104,NA,230595.30669131433,2025-Wk28-52,NA,NA,NA,100,100,NA,1,1,0,100,0,100,0,NA,NA,100,100,0,0,100,10,10,NA
Addis Ababa,Bole,7,ET140104,NA,230595.30669131433,2025-Wk16-27,NA,NA,NA,100,100,NA,1,100,100,100,0,100,0,NA,NA,100,100,0,0,100,11.1,11.1,NA
Addis Ababa,Bole,7,ET140104,NA,230595.30669131433,2025-Wk28-52,NA,NA,NA,100,100,NA,1,1,0,100,0,100,0,NA,NA,100,100,0,0,100,11.1,11.1,NA
Addis Ababa,Gulele,1,ET140110,NA,392747.9390320361,2025-Wk16-27,NA,NA,NA,100,100,NA,0,0,0,100,0,0,0,NA,NA,100,100,0,0,100,20,20,NA
Addis Ababa,Gulele,1,ET140110,NA,392747.9390320361,2025-Wk28-52,NA,NA,NA,100,100,NA,0,0,0,100,0,0,0,NA,NA,100,100,0,0,100,20,20,NA
Addis Ababa,Gulele,10,ET140110,NA,392747.9390320361,2025-Wk16-27,NA,NA,NA,100,100,100,100,0,0,100,0,0,0,NA,NA,100,100,0,0,100,16.7,16.7,NA
Addis Ababa,Gulele,10,ET140110,NA,392747.9390320361,2025-Wk28-52,NA,NA,NA,100,100,100,100,0,0,100,0,0,0,NA,NA,100,100,0,0,100,16.7,16.7,NA
Addis Ababa,Gulele,11,ET140110,NA,392747.9390320361,2025-Wk16-27,NA,NA,NA,100,NA,100,100,0,0,100,0,0,0,NA,NA,100,100,0,0,100,20,20,NA
Addis Ababa,Gulele,11,ET140110,NA,392747.9390320361,2025-Wk28-52,NA,NA,NA,100,NA,100,100,0,0,100,0,0,0,NA,NA,100,100,0,0,100,20,20,NA
Addis Ababa,Gulele,2,ET140110,NA,392747.9390320361,2025-Wk16-27,NA,NA,NA,100,100,100,100,100,100,100,0,100,0,NA,NA,100,100,0,0,100,16.7,16.7,NA
Addis Ababa,Gulele,2,ET140110,NA,392747.9390320361,2025-Wk28-52,NA,NA,NA,100,100,100,100,1,0,100,0,100,0,NA,NA,100,100,0,0,100,16.7,16.7,NA
Addis Ababa,Gulele,3,ET140110,NA,392747.9390320361,2025-Wk16-27,NA,NA,NA,100,100,100,100,100,100,100,0,100,0,NA,NA,100,100,0,0,100,33.3,33.3,NA
Addis Ababa,Gulele,3,ET140110,NA,392747.9390320361,2025-Wk28-52,NA,NA,NA,100,100,100,100,1,0,100,0,100,0,NA,NA,100,100,0,0,100,33.3,33.3,NA
Addis Ababa,Gulele,4,ET140110,NA,392747.9390320361,2025-Wk16-27,NA,NA,NA,100,100,100,100,100,100,100,0,100,0,NA,NA,100,100,0,0,100,33.3,33.3,NA
Addis Ababa,Gulele,4,ET140110,NA,392747.9390320361,2025-Wk28-52,NA,NA,NA,100,100,100,100,1,0,100,0,100,0,NA,NA,100,100,0,0,100,33.3,33.3,NA
Addis Ababa,Gulele,5,ET140110,NA,392747.9390320361,2025-Wk16-27,NA,NA,NA,100,100,100,100,100,100,100,0,100,0,NA,NA,100,100,0,0,100,20,20,NA
Addis Ababa,Gulele,5,ET140110,NA,392747.9390320361,2025-Wk28-52,NA,NA,NA,100,100,100,100,1,0,100,0,100,0,NA,NA,100,100,0,0,100,20,20,NA
Addis Ababa,Gulele,6,ET140110,NA,392747.9390320361,2025-Wk16-27,0,NA,NA,100,100,100,100,0,0,100,0,0,0,NA,NA,100,100,0,0,100,50,50,NA
Addis Ababa,Gulele,6,ET140110,NA,392747.9390320361,2025-Wk28-52,0,NA,NA,100,100,100,100,0,0,100,0,0,0,NA,NA,100,100,0,0,100,50,50,NA
Addis Ababa,Gulele,7,ET140110,NA,392747.9390320361,2025-Wk16-27,NA,NA,NA,100,100,100,100,0,0,100,0,0,0,NA,NA,100,100,0,0,100,20,20,NA
Addis Ababa,Gulele,7,ET140110,NA,392747.9390320361,2025-Wk28-52,NA,NA,NA,100,100,100,100,0,0,100,0,0,0,NA,NA,100,100,0,0,100,20,20,NA
Addis Ababa,Gulele,8,ET140110,NA,392747.9390320361,2025-Wk16-27,NA,NA,NA,100,100,100,100,0,0,100,0,0,0,NA,NA,100,100,0,0,100,20,20,NA
Addis Ababa,Gulele,8,ET140110,NA,392747.9390320361,2025-Wk28-52,NA,NA,NA,100,100,100,100,0,0,100,0,0,0,NA,NA,100,100,0,0,100,20,20,NA
Addis Ababa,Gulele,9,ET140110,NA,392747.9390320361,2025-Wk16-27,NA,NA,NA,100,100,100,100,0,0,100,0,0,0,NA,NA,100,100,0,0,100,12.5,12.5,NA
Addis Ababa,Gulele,9,ET140110,NA,392747.9390320361,2025-Wk28-52,NA,NA,NA,100,100,100,100,0,0,100,0,0,0,NA,NA,100,100,0,0,100,12.5,12.5,NA
Addis Ababa,Gulelle,11,ET140110,NA,392747.9390320361,2025-Wk03-15,0,0,0,100,100,100,100,100,100,100,18.2,100,100,NA,NA,100,100,0,0,100,1200,1200,NA
Addis Ababa,Kirkos,1,ET140106,NA,324605.9054634942,2025-Wk16-27,NA,NA,NA,100,100,NA,0,0,0,100,0,0,0,NA,NA,100,100,0,0,100,25,25,NA
Addis Ababa,Kirkos,1,ET140106,NA,324605.9054634942,2025-Wk28-52,NA,NA,NA,100,100,NA,0,0,0,100,0,0,0,NA,NA,100,100,0,0,100,25,25,NA
Addis Ababa,Kirkos,10,ET140106,NA,324605.9054634942,2025-Wk16-27,NA,NA,NA,100,100,NA,0,0,0,100,0,0,0,NA,NA,100,100,0,0,100,50,50,NA
Addis Ababa,Kirkos,10,ET140106,NA,324605.9054634942,2025-Wk28-52,NA,NA,NA,100,100,NA,0,0,0,100,0,0,0,NA,NA,100,100,0,0,100,50,50,NA
Addis Ababa,Kirkos,11,ET140106,NA,324605.9054634942,2025-Wk16-27,NA,NA,NA,100,100,100,100,100,100,100,0,100,0,NA,NA,100,100,0,0,100,100,100,NA
Addis Ababa,Kirkos,11,ET140106,NA,324605.9054634942,2025-Wk28-52,NA,NA,NA,100,100,100,100,1,0,100,0,100,0,NA,NA,100,100,0,0,100,100,100,NA
Addis Ababa,Kirkos,2,ET140106,NA,324605.9054634942,2025-Wk16-27,NA,NA,NA,100,100,100,100,100,100,100,0,100,0,NA,NA,100,100,0,0,100,12.5,12.5,NA
Addis Ababa,Kirkos,2,ET140106,NA,324605.9054634942,2025-Wk28-52,NA,NA,NA,100,100,100,100,1,0,100,0,100,0,NA,NA,100,100,0,0,100,12.5,12.5,NA
Addis Ababa,Kirkos,3,ET140106,NA,324605.9054634942,2025-Wk16-27,NA,NA,NA,100,100,100,100,100,100,100,0,100,0,NA,NA,100,100,0,0,100,16.7,16.7,NA
Addis Ababa,Kirkos,3,ET140106,NA,324605.9054634942,2025-Wk28-52,NA,NA,NA,100,100,100,100,1,0,100,0,100,0,NA,NA,100,100,0,0,100,16.7,16.7,NA
Addis Ababa,Kirkos,4,ET140106,NA,324605.9054634942,2025-Wk16-27,NA,NA,NA,100,100,100,100,100,100,100,0,100,0,NA,NA,100,100,0,0,100,7.1,7.1,NA
Addis Ababa,Kirkos,4,ET140106,NA,324605.9054634942,2025-Wk28-52,NA,NA,NA,100,100,100,100,1,0,100,0,100,0,NA,NA,100,100,0,0,100,7.1,7.1,NA
Addis Ababa,Kirkos,5,ET140106,NA,324605.9054634942,2025-Wk16-27,NA,NA,NA,100,100,100,100,100,100,100,0,100,0,NA,NA,100,100,0,0,100,25,25,NA
Addis Ababa,Kirkos,5,ET140106,NA,324605.9054634942,2025-Wk28-52,NA,NA,NA,100,100,100,100,1,0,100,0,100,0,NA,NA,100,100,0,0,100,25,25,NA
Addis Ababa,Kirkos,6,ET140106,NA,324605.9054634942,2025-Wk16-27,NA,NA,NA,100,100,100,100,100,100,100,0,100,0,NA,NA,100,100,0,0,100,14.3,14.3,NA
Addis Ababa,Kirkos,6,ET140106,NA,324605.9054634942,2025-Wk28-52,NA,NA,NA,100,100,100,100,1,0,100,0,100,0,NA,NA,100,100,0,0,100,14.3,14.3,NA
Addis Ababa,Kirkos,7,ET140106,NA,324605.9054634942,2025-Wk16-27,NA,NA,NA,100,100,100,100,100,100,100,0,100,0,NA,NA,100,100,0,0,100,8.3,8.3,NA
Addis Ababa,Kirkos,7,ET140106,NA,324605.9054634942,2025-Wk28-52,NA,NA,NA,100,100,100,100,1,0,100,0,100,0,NA,NA,100,100,0,0,100,8.3,8.3,NA
Addis Ababa,Kirkos,8,ET140106,NA,324605.9054634942,2025-Wk16-27,NA,NA,NA,100,100,100,100,100,100,100,0,100,0,NA,NA,100,100,0,0,100,25,25,NA
Addis Ababa,Kirkos,8,ET140106,NA,324605.9054634942,2025-Wk28-52,NA,NA,NA,100,100,100,100,1,0,100,0,100,0,NA,NA,100,100,0,0,100,25,25,NA
Addis Ababa,Kirkos,9,ET140106,NA,324605.9054634942,2025-Wk16-27,NA,NA,NA,100,100,100,100,1,1,100,0,1,0,NA,NA,100,100,0,0,100,25,25,NA
Addis Ababa,Kirkos,9,ET140106,NA,324605.9054634942,2025-Wk28-52,NA,NA,NA,100,100,100,100,1,1,100,0,1,0,NA,NA,100,100,0,0,100,25,25,NA
Addis Ababa,Kirkose,11,ET140106,NA,324605.9054634942,2025-Wk03-15,0,0,0,100,100,100,100,100,100,100,0,100,100,NA,NA,100,100,0,0,100,1714.3,1714.3,NA
Addis Ababa,Kolfe Keraniyo,10,ET140103,NA,628996.4120829459,2025-Wk03-15,0,0,0,100,100,100,100,100,100,100,10,100,100,NA,NA,100,100,0,0,100,1714.3,1714.3,NA
Addis Ababa,Kolife keranyo,1,ET140103,NA,628996.4120829459,2025-Wk16-27,NA,NA,NA,100,100,NA,NA,NA,NA,100,0,NA,NA,NA,NA,100,100,0,0,100,8.3,8.3,NA
Addis Ababa,Kolife keranyo,1,ET140103,NA,628996.4120829459,2025-Wk28-52,NA,NA,NA,100,100,NA,NA,NA,NA,100,0,NA,NA,NA,NA,100,100,0,0,100,8.3,8.3,NA
Addis Ababa,Kolife keranyo,10,ET140103,NA,628996.4120829459,2025-Wk16-27,NA,NA,NA,100,100,NA,100,NA,NA,100,0,NA,NA,NA,NA,100,100,0,0,100,25,25,NA
Addis Ababa,Kolife keranyo,10,ET140103,NA,628996.4120829459,2025-Wk28-52,NA,NA,NA,100,100,NA,100,NA,NA,100,0,NA,NA,NA,NA,100,100,0,0,100,25,25,NA
Addis Ababa,Kolife keranyo,2,ET140103,NA,628996.4120829459,2025-Wk16-27,NA,NA,NA,100,100,NA,NA,NA,NA,100,0,NA,NA,NA,NA,100,100,0,0,100,16.7,16.7,NA
Addis Ababa,Kolife keranyo,2,ET140103,NA,628996.4120829459,2025-Wk28-52,NA,NA,NA,100,100,NA,NA,NA,NA,100,0,NA,NA,NA,NA,100,100,0,0,100,16.7,16.7,NA
Addis Ababa,Kolife keranyo,3,ET140103,NA,628996.4120829459,2025-Wk16-27,NA,NA,NA,100,100,100,NA,NA,NA,100,0,NA,NA,NA,NA,100,100,0,0,100,4.2,4.2,NA
Addis Ababa,Kolife keranyo,3,ET140103,NA,628996.4120829459,2025-Wk28-52,NA,NA,NA,100,100,100,NA,NA,NA,100,0,NA,NA,NA,NA,100,100,0,0,100,4.2,4.2,NA
Addis Ababa,Kolife keranyo,4,ET140103,NA,628996.4120829459,2025-Wk16-27,NA,NA,NA,100,100,100,100,NA,100,100,0,NA,NA,NA,NA,100,100,0,0,100,4.3,4.3,NA
Addis Ababa,Kolife keranyo,4,ET140103,NA,628996.4120829459,2025-Wk28-52,NA,NA,NA,100,100,100,100,NA,0,100,0,NA,NA,NA,NA,100,100,0,0,100,4.3,4.3,NA
Addis Ababa,Kolife keranyo,5,ET140103,NA,628996.4120829459,2025-Wk16-27,NA,NA,NA,100,100,100,100,100,100,100,0,NA,NA,NA,NA,100,100,0,0,100,33.3,33.3,NA
Addis Ababa,Kolife keranyo,5,ET140103,NA,628996.4120829459,2025-Wk28-52,NA,NA,NA,100,100,100,100,NA,0,100,0,NA,NA,NA,NA,100,100,0,0,100,33.3,33.3,NA
Addis Ababa,Kolife keranyo,6,ET140103,NA,628996.4120829459,2025-Wk16-27,NA,NA,NA,100,100,100,100,100,100,100,0,NA,NA,NA,NA,100,100,0,0,100,8.3,8.3,NA
Addis Ababa,Kolife keranyo,6,ET140103,NA,628996.4120829459,2025-Wk28-52,NA,NA,NA,100,100,100,100,NA,0,100,0,NA,NA,NA,NA,100,100,0,0,100,8.3,8.3,NA
Addis Ababa,Kolife keranyo,7,ET140103,NA,628996.4120829459,2025-Wk16-27,NA,NA,NA,100,100,100,100,100,NA,100,0,NA,NA,NA,NA,100,100,0,0,100,5.6,5.6,NA
Addis Ababa,Kolife keranyo,7,ET140103,NA,628996.4120829459,2025-Wk28-52,NA,NA,NA,100,100,100,100,NA,NA,100,0,NA,NA,NA,NA,100,100,0,0,100,5.6,5.6,NA
Addis Ababa,Kolife keranyo,8,ET140103,NA,628996.4120829459,2025-Wk16-27,NA,NA,NA,100,100,NA,100,NA,NA,100,0,NA,NA,NA,NA,100,100,0,0,100,12.5,12.5,NA
Addis Ababa,Kolife keranyo,8,ET140103,NA,628996.4120829459,2025-Wk28-52,NA,NA,NA,100,100,NA,100,NA,NA,100,0,NA,NA,NA,NA,100,100,0,0,100,12.5,12.5,NA
Addis Ababa,Kolife keranyo,9,ET140103,NA,628996.4120829459,2025-Wk16-27,NA,NA,NA,100,100,100,NA,NA,NA,100,0,NA,NA,NA,NA,100,100,0,0,100,7.1,7.1,NA
Addis Ababa,Kolife keranyo,9,ET140103,NA,628996.4120829459,2025-Wk28-52,NA,NA,NA,100,100,100,NA,NA,NA,100,0,NA,NA,NA,NA,100,100,0,0,100,7.1,7.1,NA
Addis Ababa,Lemi kura,10,ET140111,NA,359910.8959545385,2025-Wk03-15,0,0,0,100,100,100,100,100,100,100,0,100,100,NA,NA,100,100,0,0,100,1200,1200,NA
Addis Ababa,Lemi kura,10,ET140111,NA,359910.8959545385,2025-Wk16-27,NA,NA,NA,100,100,NA,NA,NA,NA,100,0,NA,NA,NA,NA,100,100,0,0,100,6.7,0,NA
Addis Ababa,Lemi kura,10,ET140111,NA,359910.8959545385,2025-Wk28-52,NA,NA,NA,100,100,NA,NA,NA,NA,100,0,NA,NA,NA,NA,100,100,0,0,100,6.7,0,NA
Addis Ababa,Lemi kura,13,ET140111,NA,359910.8959545385,2025-Wk16-27,NA,NA,NA,100,100,100,100,NA,NA,100,0,NA,NA,NA,NA,100,100,0,0,100,9.1,9.1,NA
Addis Ababa,Lemi kura,13,ET140111,NA,359910.8959545385,2025-Wk28-52,NA,NA,NA,100,100,100,100,NA,NA,100,0,NA,NA,NA,NA,100,100,0,0,100,9.1,9.1,NA
Addis Ababa,Lemi kura,14,ET140111,NA,359910.8959545385,2025-Wk16-27,NA,NA,NA,100,100,100,100,100,100,100,0,NA,NA,NA,NA,100,100,0,0,100,8.3,8.3,NA
Addis Ababa,Lemi kura,14,ET140111,NA,359910.8959545385,2025-Wk28-52,NA,NA,NA,100,100,100,100,0,0,100,0,NA,NA,NA,NA,100,100,0,0,100,8.3,8.3,NA
Addis Ababa,Lemi kura,2,ET140111,NA,359910.8959545385,2025-Wk16-27,NA,NA,NA,100,100,100,100,NA,NA,100,0,NA,NA,NA,NA,100,100,0,0,100,6.7,6.7,NA
Addis Ababa,Lemi kura,2,ET140111,NA,359910.8959545385,2025-Wk28-52,NA,NA,NA,100,100,100,100,NA,NA,100,0,NA,NA,NA,NA,100,100,0,0,100,6.7,6.7,NA
Addis Ababa,Lemi kura,3,ET140111,NA,359910.8959545385,2025-Wk16-27,NA,NA,NA,100,100,100,100,NA,NA,100,0,NA,NA,NA,NA,100,100,0,0,100,6.7,6.7,NA
Addis Ababa,Lemi kura,3,ET140111,NA,359910.8959545385,2025-Wk28-52,NA,NA,NA,100,100,100,100,NA,NA,100,0,NA,NA,NA,NA,100,100,0,0,100,6.7,6.7,NA
Addis Ababa,Lemi kura,4,ET140111,NA,359910.8959545385,2025-Wk16-27,NA,NA,NA,100,100,100,100,100,100,100,0,NA,NA,NA,NA,100,100,0,0,100,12.5,12.5,NA
Addis Ababa,Lemi kura,4,ET140111,NA,359910.8959545385,2025-Wk28-52,NA,NA,NA,100,100,100,100,0,0,100,0,NA,NA,NA,NA,100,100,0,0,100,12.5,12.5,NA
Addis Ababa,Lemi kura,5,ET140111,NA,359910.8959545385,2025-Wk16-27,NA,NA,NA,100,100,100,100,100,100,100,0,NA,NA,NA,NA,100,100,0,0,100,12.5,12.5,NA
Addis Ababa,Lemi kura,5,ET140111,NA,359910.8959545385,2025-Wk28-52,NA,NA,NA,100,100,100,100,0,0,100,0,NA,NA,NA,NA,100,100,0,0,100,12.5,12.5,NA
Addis Ababa,Lemi kura,6,ET140111,NA,359910.8959545385,2025-Wk16-27,NA,NA,NA,100,100,NA,NA,NA,NA,100,0,NA,NA,NA,NA,100,100,0,0,100,20,0,NA
Addis Ababa,Lemi kura,6,ET140111,NA,359910.8959545385,2025-Wk28-52,NA,NA,NA,100,100,NA,NA,NA,NA,100,0,NA,NA,NA,NA,100,100,0,0,100,20,0,NA
Addis Ababa,Lemi kura,8,ET140111,NA,359910.8959545385,2025-Wk16-27,NA,NA,NA,100,100,100,100,100,100,100,0,NA,NA,NA,NA,100,100,0,0,100,6.2,6.2,NA
Addis Ababa,Lemi kura,8,ET140111,NA,359910.8959545385,2025-Wk28-52,NA,NA,NA,100,100,100,100,0,0,100,0,NA,NA,NA,NA,100,100,0,0,100,6.2,6.2,NA
Addis Ababa,Lemi kura,9,ET140111,NA,359910.8959545385,2025-Wk16-27,NA,NA,NA,100,100,100,100,100,100,100,0,NA,NA,NA,NA,100,100,0,0,100,4.2,4.2,NA
Addis Ababa,Lemi kura,9,ET140111,NA,359910.8959545385,2025-Wk28-52,NA,NA,NA,100,100,100,100,0,0,100,0,NA,NA,NA,NA,100,100,0,0,100,4.2,4.2,NA
Addis Ababa,Lideta,1,ET140105,NA,296142.6324248373,2025-Wk16-27,0,NA,NA,NA,100,100,100,100,100,100,0,NA,NA,NA,NA,100,100,100,100,100,100,100,NA
Addis Ababa,Lideta,1,ET140105,NA,296142.6324248373,2025-Wk28-52,0,NA,NA,NA,100,100,100,NA,0,100,0,NA,NA,NA,NA,100,100,100,100,100,100,100,NA
Addis Ababa,Lideta,10,ET140105,NA,296142.6324248373,2025-Wk03-15,0,0,0,100,100,100,100,100,100,100,0,100,100,NA,NA,100,100,0,0,100,1500,1500,NA
Addis Ababa,Lideta,10,ET140105,NA,296142.6324248373,2025-Wk16-27,NA,NA,NA,NA,100,NA,NA,NA,NA,100,0,NA,NA,NA,NA,100,100,100,100,100,12.5,12.5,NA
Addis Ababa,Lideta,10,ET140105,NA,296142.6324248373,2025-Wk28-52,NA,NA,NA,NA,100,NA,NA,NA,NA,100,0,NA,NA,NA,NA,100,100,100,100,100,12.5,12.5,NA
Addis Ababa,Lideta,2,ET140105,NA,296142.6324248373,2025-Wk16-27,NA,NA,NA,NA,100,NA,NA,NA,NA,100,0,NA,NA,NA,NA,100,100,100,100,100,25,25,NA
Addis Ababa,Lideta,2,ET140105,NA,296142.6324248373,2025-Wk28-52,NA,NA,NA,NA,100,NA,NA,NA,NA,100,0,NA,NA,NA,NA,100,100,100,100,100,25,25,NA
Addis Ababa,Lideta,3,ET140105,NA,296142.6324248373,2025-Wk16-27,0,NA,NA,NA,100,100,100,100,100,100,0,NA,NA,NA,NA,100,100,100,100,100,11.1,11.1,NA
Addis Ababa,Lideta,3,ET140105,NA,296142.6324248373,2025-Wk28-52,0,NA,NA,NA,100,100,100,NA,0,100,0,NA,NA,NA,NA,100,100,100,100,100,11.1,11.1,NA
Addis Ababa,Lideta,4,ET140105,NA,296142.6324248373,2025-Wk16-27,NA,NA,NA,NA,100,NA,NA,NA,NA,100,0,NA,NA,NA,NA,100,100,100,100,100,20,20,NA
Addis Ababa,Lideta,4,ET140105,NA,296142.6324248373,2025-Wk28-52,NA,NA,NA,NA,100,NA,NA,NA,NA,100,0,NA,NA,NA,NA,100,100,100,100,100,20,20,NA
Addis Ababa,Lideta,5,ET140105,NA,296142.6324248373,2025-Wk16-27,NA,NA,NA,NA,100,NA,NA,NA,NA,100,0,NA,NA,NA,NA,100,100,100,100,100,33.3,33.3,NA
Addis Ababa,Lideta,5,ET140105,NA,296142.6324248373,2025-Wk28-52,NA,NA,NA,NA,100,NA,NA,NA,NA,100,0,NA,NA,NA,NA,100,100,100,100,100,33.3,33.3,NA
Addis Ababa,Lideta,6,ET140105,NA,296142.6324248373,2025-Wk16-27,NA,NA,NA,NA,100,NA,NA,NA,NA,100,0,NA,NA,NA,NA,100,100,100,100,100,20,20,NA
Addis Ababa,Lideta,6,ET140105,NA,296142.6324248373,2025-Wk28-52,NA,NA,NA,NA,100,NA,NA,NA,NA,100,0,NA,NA,NA,NA,100,100,100,100,100,20,20,NA
Addis Ababa,Lideta,7,ET140105,NA,296142.6324248373,2025-Wk16-27,NA,NA,NA,NA,100,NA,NA,NA,NA,100,0,NA,NA,NA,NA,100,100,100,100,100,20,20,NA
Addis Ababa,Lideta,7,ET140105,NA,296142.6324248373,2025-Wk28-52,NA,NA,NA,NA,100,NA,NA,NA,NA,100,0,NA,NA,NA,NA,100,100,100,100,100,20,20,NA
Addis Ababa,Lideta,8,ET140105,NA,296142.6324248373,2025-Wk16-27,NA,NA,NA,NA,100,NA,NA,NA,NA,100,0,NA,NA,NA,NA,100,100,100,100,100,7.1,7.1,NA
Addis Ababa,Lideta,8,ET140105,NA,296142.6324248373,2025-Wk28-52,NA,NA,NA,NA,100,NA,NA,NA,NA,100,0,NA,NA,NA,NA,100,100,100,100,100,7.1,7.1,NA
Addis Ababa,Lideta,9,ET140105,NA,296142.6324248373,2025-Wk16-27,0,NA,NA,NA,100,100,100,100,100,100,0,NA,NA,NA,NA,100,100,100,100,100,8.3,8.3,NA
Addis Ababa,Lideta,9,ET140105,NA,296142.6324248373,2025-Wk28-52,0,NA,NA,NA,100,100,100,NA,0,100,0,NA,NA,NA,NA,100,100,100,100,100,8.3,8.3,NA
Addis Ababa,Nefas Silk Lafto,13,ET140102,NA,462891.13814495166,2025-Wk03-15,0,0,0,100,100,100,100,100,100,100,0,100,100,NA,NA,100,100,0,0,100,1500,1500,NA
Addis Ababa,Nefas silk,1,ET140102,NA,462891.13814495166,2025-Wk16-27,NA,NA,NA,100,100,100,100,100,100,100,0,100,0,NA,NA,100,100,0,0,100,11.1,11.1,NA
Addis Ababa,Nefas silk,1,ET140102,NA,462891.13814495166,2025-Wk28-52,NA,NA,NA,100,100,100,100,1,0,100,0,100,0,NA,NA,100,100,0,0,100,11.1,11.1,NA
Addis Ababa,Nefas silk,10,ET140102,NA,462891.13814495166,2025-Wk16-27,NA,NA,NA,100,100,100,100,0,0,100,0,0,0,NA,NA,100,100,0,0,100,9.1,9.1,NA
Addis Ababa,Nefas silk,10,ET140102,NA,462891.13814495166,2025-Wk28-52,NA,NA,NA,100,100,100,100,0,0,100,0,0,0,NA,NA,100,100,0,0,100,9.1,9.1,NA
Addis Ababa,Nefas silk,11,ET140102,NA,462891.13814495166,2025-Wk16-27,NA,NA,NA,100,100,100,100,100,100,100,0,100,0,NA,NA,100,100,0,0,100,4.2,4.2,NA
Addis Ababa,Nefas silk,11,ET140102,NA,462891.13814495166,2025-Wk28-52,NA,NA,NA,100,100,100,100,1,0,100,0,100,0,NA,NA,100,100,0,0,100,4.2,4.2,NA
Addis Ababa,Nefas silk,12,ET140102,NA,462891.13814495166,2025-Wk16-27,NA,NA,NA,100,100,100,100,0,0,100,0,0,0,NA,NA,100,100,0,0,100,8.3,8.3,NA
Addis Ababa,Nefas silk,12,ET140102,NA,462891.13814495166,2025-Wk28-52,NA,NA,NA,100,100,100,100,0,0,100,0,0,0,NA,NA,100,100,0,0,100,8.3,8.3,NA
Addis Ababa,Nefas silk,13,ET140102,NA,462891.13814495166,2025-Wk16-27,NA,NA,NA,100,100,NA,0,0,0,100,0,0,0,NA,NA,100,100,0,0,100,5.6,5.6,NA
Addis Ababa,Nefas silk,13,ET140102,NA,462891.13814495166,2025-Wk28-52,NA,NA,NA,100,100,NA,0,0,0,100,0,0,0,NA,NA,100,100,0,0,100,5.6,5.6,NA
Addis Ababa,Nefas silk,14,ET140102,NA,462891.13814495166,2025-Wk16-27,NA,NA,NA,100,100,NA,0,0,0,100,0,0,0,NA,NA,100,100,0,0,100,5.6,5.6,NA
Addis Ababa,Nefas silk,14,ET140102,NA,462891.13814495166,2025-Wk28-52,NA,NA,NA,100,100,NA,0,0,0,100,0,0,0,NA,NA,100,100,0,0,100,5.6,5.6,NA
Addis Ababa,Nefas silk,15,ET140102,NA,462891.13814495166,2025-Wk16-27,NA,NA,NA,100,100,NA,0,0,0,100,0,0,0,NA,NA,100,100,0,0,100,11.1,11.1,NA
Addis Ababa,Nefas silk,15,ET140102,NA,462891.13814495166,2025-Wk28-52,NA,NA,NA,100,100,NA,0,0,0,100,0,0,0,NA,NA,100,100,0,0,100,11.1,11.1,NA
Addis Ababa,Nefas silk,2,ET140102,NA,462891.13814495166,2025-Wk16-27,NA,NA,NA,100,100,100,100,0,0,100,0,0,0,NA,NA,100,100,0,0,100,6.7,6.7,NA
Addis Ababa,Nefas silk,2,ET140102,NA,462891.13814495166,2025-Wk28-52,NA,NA,NA,100,100,100,100,0,0,100,0,0,0,NA,NA,100,100,0,0,100,6.7,6.7,NA
Addis Ababa,Nefas silk,5,ET140102,NA,462891.13814495166,2025-Wk16-27,NA,NA,NA,100,100,100,100,0,0,100,0,0,0,NA,NA,100,100,0,0,100,20,20,NA
Addis Ababa,Nefas silk,5,ET140102,NA,462891.13814495166,2025-Wk28-52,NA,NA,NA,100,100,100,100,0,0,100,0,0,0,NA,NA,100,100,0,0,100,20,20,NA
Addis Ababa,Nefas silk,6,ET140102,NA,462891.13814495166,2025-Wk16-27,NA,NA,NA,100,100,100,100,0,0,100,0,0,0,NA,NA,100,100,0,0,100,11.1,11.1,NA
Addis Ababa,Nefas silk,6,ET140102,NA,462891.13814495166,2025-Wk28-52,NA,NA,NA,100,100,100,100,0,0,100,0,0,0,NA,NA,100,100,0,0,100,11.1,11.1,NA
Addis Ababa,Nefas silk,7,ET140102,NA,462891.13814495166,2025-Wk16-27,NA,NA,NA,100,100,NA,0,0,0,100,0,0,0,NA,NA,100,100,0,0,100,33.3,33.3,NA
Addis Ababa,Nefas silk,7,ET140102,NA,462891.13814495166,2025-Wk28-52,NA,NA,NA,100,100,NA,0,0,0,100,0,0,0,NA,NA,100,100,0,0,100,33.3,33.3,NA
Addis Ababa,Nefas silk,8,ET140102,NA,462891.13814495166,2025-Wk16-27,NA,NA,NA,100,100,NA,0,0,0,100,0,0,0,NA,NA,100,100,0,0,100,50,50,NA
Addis Ababa,Nefas silk,8,ET140102,NA,462891.13814495166,2025-Wk28-52,NA,NA,NA,100,100,NA,0,0,0,100,0,0,0,NA,NA,100,100,0,0,100,50,50,NA
Addis Ababa,Nefas silk,9,ET140102,NA,462891.13814495166,2025-Wk16-27,NA,NA,NA,100,100,100,100,100,100,100,0,100,0,NA,NA,100,100,0,0,100,14.3,14.3,NA
Addis Ababa,Nefas silk,9,ET140102,NA,462891.13814495166,2025-Wk28-52,NA,NA,NA,100,100,100,100,1,0,100,0,100,0,NA,NA,100,100,0,0,100,14.3,14.3,NA
Addis Ababa,Yeka,12,ET140107,NA,370905.742420937,2025-Wk03-15,0,0,0,100,100,100,100,100,100,100,0,100,100,NA,NA,100,100,0,0,100,1200,1200,NA
Addis Ababa,yeka,1,ET140107,NA,370905.742420937,2025-Wk16-27,NA,NA,NA,100,100,NA,NA,NA,NA,100,0,NA,NA,NA,NA,NA,NA,NA,NA,100,0,0,NA
Addis Ababa,yeka,1,ET140107,NA,370905.742420937,2025-Wk28-52,NA,NA,NA,100,100,NA,NA,NA,NA,100,0,NA,NA,NA,NA,NA,NA,NA,NA,100,0,0,NA
Addis Ababa,yeka,10,ET140107,NA,370905.742420937,2025-Wk16-27,NA,NA,NA,100,100,NA,NA,NA,NA,100,0,NA,NA,NA,NA,100,100,0,0,100,14.3,14.3,NA
Addis Ababa,yeka,10,ET140107,NA,370905.742420937,2025-Wk28-52,NA,NA,NA,100,100,NA,NA,NA,NA,100,0,NA,NA,NA,NA,100,100,0,0,100,14.3,14.3,NA
Addis Ababa,yeka,11,ET140107,NA,370905.742420937,2025-Wk16-27,NA,NA,NA,100,100,NA,NA,NA,NA,100,0,NA,NA,NA,NA,100,100,0,0,100,11.1,11.1,NA
Addis Ababa,yeka,11,ET140107,NA,370905.742420937,2025-Wk28-52,NA,NA,NA,100,100,NA,NA,NA,NA,100,0,NA,NA,NA,NA,100,100,0,0,100,11.1,11.1,NA
Addis Ababa,yeka,12,ET140107,NA,370905.742420937,2025-Wk16-27,NA,NA,NA,100,100,100,100,100,100,100,0,100,0,NA,NA,100,100,0,0,100,7.1,7.1,NA
Addis Ababa,yeka,2,ET140107,NA,370905.742420937,2025-Wk16-27,NA,NA,NA,100,100,NA,NA,NA,NA,100,0,NA,NA,NA,NA,100,100,0,0,100,25,25,NA
Addis Ababa,yeka,2,ET140107,NA,370905.742420937,2025-Wk28-52,NA,NA,NA,100,100,NA,NA,NA,NA,100,0,NA,NA,NA,NA,100,100,0,0,100,25,25,NA
Addis Ababa,yeka,3,ET140107,NA,370905.742420937,2025-Wk16-27,NA,NA,NA,100,100,NA,NA,NA,NA,100,0,NA,NA,NA,NA,100,100,0,0,100,100,100,NA
Addis Ababa,yeka,3,ET140107,NA,370905.742420937,2025-Wk28-52,NA,NA,NA,100,100,NA,NA,NA,NA,100,0,NA,NA,NA,NA,100,100,0,0,100,100,100,NA
Addis Ababa,yeka,4,ET140107,NA,370905.742420937,2025-Wk16-27,NA,NA,NA,100,100,NA,NA,NA,NA,100,0,NA,NA,NA,NA,100,100,0,0,100,100,100,NA
Addis Ababa,yeka,4,ET140107,NA,370905.742420937,2025-Wk28-52,NA,NA,NA,100,100,NA,NA,NA,NA,100,0,NA,NA,NA,NA,100,100,0,0,100,100,100,NA
Addis Ababa,yeka,5,ET140107,NA,370905.742420937,2025-Wk16-27,NA,NA,NA,100,100,100,100,100,100,100,0,100,0,NA,NA,100,100,0,0,100,25,25,NA
Addis Ababa,yeka,5,ET140107,NA,370905.742420937,2025-Wk28-52,NA,NA,NA,100,100,100,100,NA,0,100,0,100,0,NA,NA,100,100,0,0,100,25,25,NA
Addis Ababa,yeka,6,ET140107,NA,370905.742420937,2025-Wk16-27,NA,NA,NA,100,100,NA,NA,NA,NA,100,0,NA,NA,NA,NA,100,100,0,0,100,100,100,NA
Addis Ababa,yeka,6,ET140107,NA,370905.742420937,2025-Wk28-52,NA,NA,NA,100,100,NA,NA,NA,NA,100,0,NA,NA,NA,NA,100,100,0,0,100,100,100,NA
Addis Ababa,yeka,7,ET140107,NA,370905.742420937,2025-Wk16-27,NA,NA,NA,100,100,NA,NA,NA,NA,100,0,NA,NA,NA,NA,100,100,0,0,100,25,25,NA
Addis Ababa,yeka,7,ET140107,NA,370905.742420937,2025-Wk28-52,NA,NA,NA,100,100,NA,NA,NA,NA,100,0,NA,NA,NA,NA,100,100,0,0,100,25,25,NA
Addis Ababa,yeka,8,ET140107,NA,370905.742420937,2025-Wk16-27,NA,NA,NA,100,100,100,100,100,100,100,0,100,0,NA,NA,100,100,0,0,100,9.1,9.1,NA
Addis Ababa,yeka,8,ET140107,NA,370905.742420937,2025-Wk28-52,NA,NA,NA,100,100,100,100,NA,0,100,0,100,0,NA,NA,100,100,0,0,100,9.1,9.1,NA
Addis Ababa,yeka,9,ET140107,NA,370905.742420937,2025-Wk16-27,NA,NA,NA,100,100,NA,NA,NA,NA,100,0,NA,NA,NA,NA,100,100,0,0,100,5.9,5.9,NA
Addis Ababa,yeka,9,ET140107,NA,370905.742420937,2025-Wk28-52,NA,NA,NA,100,100,NA,NA,NA,NA,100,0,NA,NA,NA,NA,100,100,0,0,100,5.9,5.9,NA
Afar,Awsi /Zone 1,Adaar,ET020109,NA,71948.86242137582,2025-Wk28-52,0,NA,NA,80,100,NA,NA,NA,NA,100,0,NA,NA,NA,NA,100,0,0,0,0,11.1,0,NA
Afar,Awsi /Zone 1,Afambo,ET020104,NA,32268.750153149093,2025-Wk28-52,0,NA,NA,100,100,NA,NA,NA,NA,0,0,NA,NA,NA,NA,100,0,0,0,0,16.7,0,NA
Afar,Awsi /Zone 1,Aysaita Town,ET020111,NA,23241.61358680193,2025-Wk28-52,0,NA,NA,72,100,100,100,NA,NA,0,0,NA,NA,NA,NA,100,0,0,0,0,7.1,0,NA
Afar,Awsi /Zone 1,Aysaita Woreda,ET020103,NA,39895.24059846661,2025-Wk28-52,0,NA,NA,76,100,NA,NA,NA,NA,100,0,NA,NA,NA,NA,100,0,0,0,0,7.1,0,NA
Afar,Awsi /Zone 1,Chifra,ET020106,NA,121802.37270109734,2025-Wk28-52,0,NA,NA,100,100,100,100,NA,NA,100,0,NA,NA,NA,NA,100,0,0,0,0,5.3,0,NA
Afar,Awsi /Zone 1,Dubti Town,ET020107,NA,34065.398986609805,2025-Wk28-52,0,NA,NA,72,100,NA,NA,NA,NA,0,0,NA,NA,NA,NA,100,0,0,0,0,0,0,NA
Afar,Awsi /Zone 1,Dubti woreda,ET020101,NA,53439.42268001081,2025-Wk28-52,0,NA,NA,96,100,NA,NA,NA,NA,0,0,NA,NA,NA,NA,100,0,0,0,0,5.6,0,NA
Afar,Awsi /Zone 1,Elidar,ET020102,NA,107245.61720073709,2025-Wk28-52,0,NA,NA,100,100,NA,NA,NA,NA,100,0,NA,NA,NA,NA,100,0,0,0,0,7.1,0,NA
Afar,Awsi /Zone 1,Kori,ET020108,NA,64898.591443831814,2025-Wk28-52,0,NA,NA,88,100,NA,NA,NA,NA,0,0,NA,NA,NA,NA,100,0,0,0,0,0,0,NA
Afar,Awsi /Zone 1,Mille woreda,ET020105,NA,124075.68922644645,2025-Wk28-52,0,NA,NA,92,100,NA,NA,NA,NA,0,0,NA,NA,NA,NA,100,0,0,0,0,8.3,0,NA
Afar,Awsi /Zone 1,Samera-Logia Town,ET020198,NA,45377.738519597304,2025-Wk28-52,0,NA,NA,52,100,NA,NA,NA,NA,100,0,NA,NA,NA,NA,100,0,0,0,0,5.9,0,NA
Afar,Awsi Rasu,Adaar,ET020109,NA,71948.86242137582,2025-Wk03-15,NA,0,NA,100,100,0,0,0,0,0,0,0,0,NA,NA,0,0,0,0,0,0,0,NA
Afar,Awsi Rasu,Adaar,ET020109,NA,71948.86242137582,2025-Wk16-27,NA,0,NA,84.6,100,NA,NA,0,0,0,0,0,NA,NA,NA,0,0,0,0,0,8.3,0,NA
Afar,Awsi Rasu,Afambo,ET020104,NA,32268.750153149093,2025-Wk03-15,NA,0,NA,100,100,0,0,0,0,0,0,0,0,NA,NA,0,0,0,0,0,8.3,0,NA
Afar,Awsi Rasu,Afambo,ET020104,NA,32268.750153149093,2025-Wk16-27,NA,0,NA,100,100,NA,NA,0,0,0,0,0,0,NA,NA,0,0,0,0,0,8.3,0,NA
Afar,Awsi Rasu,Aysaita Town,ET020111,NA,23241.61358680193,2025-Wk03-15,NA,0,NA,100,100,0,0,0,0,0,0,0,0,NA,NA,0,0,0,0,0,100,0,NA
Afar,Awsi Rasu,Aysaita Town,ET020111,NA,23241.61358680193,2025-Wk16-27,NA,0,NA,76.9,100,NA,NA,0,0,0,0,0,0,NA,NA,0,0,0,0,0,100,0,NA
Afar,Awsi Rasu,Aysaita Woreda,ET020103,NA,39895.24059846661,2025-Wk03-15,NA,0,NA,100,100,0,0,0,0,0,0,0,0,NA,NA,0,0,0,0,0,6.7,0,NA
Afar,Awsi Rasu,Aysaita Woreda,ET020103,NA,39895.24059846661,2025-Wk16-27,NA,0,NA,92.3,100,NA,NA,0,0,0,0,0,0,NA,NA,0,0,0,0,0,6.7,0,NA
Afar,Awsi Rasu,Chifra,ET020106,NA,121802.37270109734,2025-Wk03-15,NA,0,NA,100,100,0,0,0,0,0,0,0,0,NA,NA,0,0,0,0,0,50,0,NA
Afar,Awsi Rasu,Chifra,ET020106,NA,121802.37270109734,2025-Wk16-27,NA,0,NA,100,100,NA,100,0,0,0,0,0,0,NA,NA,0,0,0,0,0,50,0,NA
Afar,Awsi Rasu,Dubti Town,ET020107,NA,34065.398986609805,2025-Wk03-15,NA,0,100,69.2,84.6,121.6,100,100,0,0,100,0,100,NA,NA,100,100,0,0,0,10,10,NA
Afar,Awsi Rasu,Dubti Town,ET020107,NA,34065.398986609805,2025-Wk16-27,NA,NA,100,84.6,92.3,NA,22.2,0,0,0,0,0,NA,NA,NA,100,100,0,0,0,10,0,NA
Afar,Awsi Rasu,Dubti woreda,ET020101,NA,53439.42268001081,2025-Wk03-15,NA,0,NA,76.9,92.3,0,0,0,0,0,0,0,0,NA,NA,0,0,0,0,0,4.3,0,NA
Afar,Awsi Rasu,Dubti woreda,ET020101,NA,53439.42268001081,2025-Wk16-27,NA,0,NA,84.6,92.3,NA,NA,0,0,0,0,0,0,NA,NA,0,0,0,0,0,4.3,0,NA
Afar,Awsi Rasu,Elidar,ET020102,NA,107245.61720073709,2025-Wk03-15,NA,0,NA,84.6,84.6,0,0,0,0,0,0,0,0,NA,NA,0,0,0,0,0,20,0,NA
Afar,Awsi Rasu,Elidar,ET020102,NA,107245.61720073709,2025-Wk16-27,NA,0,NA,100,100,NA,NA,0,0,0,0,0,0,NA,NA,0,0,0,0,0,20,0,NA
Afar,Awsi Rasu,Gereni,ET020110,NA,53590.37734202527,2025-Wk03-15,NA,0,NA,100,100,0,0,0,0,0,0,0,0,NA,NA,0,0,0,0,0,100,0,NA
Afar,Awsi Rasu,Gereni,ET020110,NA,53590.37734202527,2025-Wk16-27,NA,0,NA,100,100,NA,NA,0,0,0,0,0,0,NA,NA,0,0,0,0,0,100,0,NA
Afar,Awsi Rasu,Kori,ET020108,NA,64898.591443831814,2025-Wk03-15,NA,0,NA,100,100,0,0,0,0,0,0,0,0,NA,NA,0,0,0,0,0,100,0,NA
Afar,Awsi Rasu,Kori,ET020108,NA,64898.591443831814,2025-Wk16-27,NA,0,NA,69.2,100,NA,NA,0,0,0,0,0,0,NA,NA,0,0,0,0,0,100,0,NA
Afar,Awsi Rasu,Mille,ET020105,NA,124075.68922644645,2025-Wk03-15,NA,0,NA,100,100,0,0,0,0,0,0,0,0,NA,NA,0,0,0,0,0,7.1,0,NA
Afar,Awsi Rasu,Mille,ET020105,NA,124075.68922644645,2025-Wk16-27,NA,0,NA,92.3,100,NA,NA,0,0,0,0,0,0,NA,NA,0,0,0,0,0,7.1,0,NA
Afar,Awsi Rasu,Samera-Logia Town,ET020198,NA,45377.738519597304,2025-Wk03-15,NA,0,100,69.2,84.6,115.8,0,100,0,0,100,0,100,NA,NA,100,100,0,0,0,8.3,8.3,NA
Afar,Awsi Rasu,Samera-Logia Town,ET020198,NA,45377.738519597304,2025-Wk16-27,NA,NA,100,84.6,100,NA,NA,0,0,0,0,0,NA,NA,NA,100,100,0,0,0,8.3,0,NA
Afar,Fanti /Zone 4,Awura,ET010507,NA,35336,2025-Wk28-52,0,NA,NA,96,100,NA,NA,NA,NA,100,0,NA,NA,NA,NA,100,0,0,0,0,6.7,0,NA
Afar,Fanti /Zone 4,Ewa,ET020402,NA,63735.22164430112,2025-Wk28-52,0,NA,NA,100,100,NA,NA,NA,NA,0,0,NA,NA,NA,NA,100,0,0,0,0,5.6,0,NA
Afar,Fanti /Zone 4,Golina,ET020405,NA,54140.54044484514,2025-Wk28-52,0,NA,NA,100,100,75,75,NA,NA,100,0,NA,NA,NA,NA,100,0,0,0,0,7.7,0,NA
Afar,Fanti /Zone 4,Teru,ET020403,NA,63468.816134401335,2025-Wk28-52,0,NA,NA,72,100,NA,NA,NA,NA,100,0,NA,NA,NA,NA,100,0,0,0,0,7.7,0,NA
Afar,Fanti /Zone 4,Yallo,ET020404,NA,63468.816134401335,2025-Wk28-52,0,NA,NA,100,100,NA,NA,NA,NA,100,0,NA,NA,NA,NA,100,0,0,0,0,9.1,0,NA
Afar,Fanti Rasu,Awura,ET010507,NA,35336,2025-Wk03-15,NA,0,NA,100,100,0,0,0,0,0,0,0,0,NA,NA,0,0,0,0,0,0,0,NA
Afar,Fanti Rasu,Awura,ET010507,NA,35336,2025-Wk16-27,NA,0,NA,92.3,100,NA,NA,0,0,0,0,0,0,NA,NA,0,0,0,0,0,9.1,0,NA
Afar,Fanti Rasu,Ewa,ET020402,NA,63735.22164430112,2025-Wk03-15,NA,0,NA,84.6,84.6,0,0,0,0,0,0,0,0,NA,NA,0,0,0,0,0,0,0,NA
Afar,Fanti Rasu,Ewa,ET020402,NA,63735.22164430112,2025-Wk16-27,NA,0,NA,92.3,100,NA,NA,0,0,0,0,0,0,NA,NA,0,0,0,0,0,6.2,0,NA
Afar,Fanti Rasu,Golina,ET020405,NA,54140.54044484514,2025-Wk03-15,NA,0,NA,100,100,0,0,0,0,0,0,0,0,NA,NA,0,0,0,0,0,5.3,0,NA
Afar,Fanti Rasu,Golina,ET020405,NA,54140.54044484514,2025-Wk16-27,NA,0,NA,92.3,100,NA,NA,0,0,0,0,0,0,NA,NA,0,0,0,0,0,5.3,0,NA
Afar,Fanti Rasu,Teru,ET020403,NA,63468.816134401335,2025-Wk03-15,NA,0,NA,76.9,76.9,0,0,0,0,0,0,0,0,NA,NA,0,0,0,0,0,0,0,NA
Afar,Fanti Rasu,Teru,ET020403,NA,63468.816134401335,2025-Wk16-27,NA,0,NA,76.9,76.9,NA,NA,0,0,0,0,0,0,NA,NA,0,0,0,0,0,100,0,NA
Afar,Fanti Rasu,Yallo,ET020404,NA,63468.816134401335,2025-Wk03-15,NA,0,NA,92.3,92.3,0,0,0,0,0,0,0,0,NA,NA,0,0,0,0,0,0,0,NA
Afar,Fanti Rasu,Yallo,ET020404,NA,63468.816134401335,2025-Wk16-27,NA,0,NA,92.3,100,100,100,0,0,0,100,0,100,NA,NA,100,0,0,0,0,5.6,5.6,NA
Afar,Gabi /Zone 3,Amibara,ET020301,NA,84874.14160608128,2025-Wk28-52,0,NA,NA,100,100,70.8,70.8,NA,NA,0,0,NA,NA,NA,NA,100,0,0,0,0,6.2,0,NA
Afar,Gabi /Zone 3,Argoba,ET020306,NA,29228.052781534265,2025-Wk28-52,0,NA,NA,80,100,NA,NA,NA,NA,100,0,NA,NA,NA,NA,100,0,0,0,0,7.7,0,NA
Afar,Gabi /Zone 3,Awash Fentale,ET020302,NA,19588.4603083787,2025-Wk28-52,0,NA,NA,88,100,NA,NA,NA,NA,0,0,NA,NA,NA,NA,100,0,0,0,0,8.3,0,NA
Afar,Gabi /Zone 3,Awash Town,ET020396,NA,19796.685304622213,2025-Wk28-52,0,NA,NA,72,100,100,100,NA,NA,0,0,NA,NA,NA,NA,100,0,0,0,0,7.1,0,NA
Afar,Gabi /Zone 3,Buremodaytu,ET020305,NA,42634.067980859254,2025-Wk28-52,0,NA,NA,92,100,NA,NA,NA,NA,0,0,NA,NA,NA,NA,100,0,0,0,0,0,0,NA
Afar,Gabi /Zone 3,Dulecha,ET020304,NA,27718.421558768798,2025-Wk28-52,0,NA,NA,96,100,NA,NA,NA,NA,0,0,NA,NA,NA,NA,100,0,0,0,0,0,0,NA
Afar,Gabi /Zone 3,Gela'alo,ET020305,NA,42634.067980859254,2025-Wk28-52,0,NA,NA,88,100,NA,NA,NA,NA,100,0,NA,NA,NA,NA,100,0,0,0,0,10,0,NA
Afar,Gabi /Zone 3,Gewane,ET020303,NA,42245.17717905152,2025-Wk28-52,0,NA,NA,100,100,100,100,NA,NA,100,0,NA,NA,NA,NA,100,0,0,0,0,0,0,NA
Afar,Gabi /Zone 3,Hanruka,ET020307,NA,59795,2025-Wk28-52,0,NA,NA,92,100,NA,NA,NA,NA,0,0,NA,NA,NA,NA,100,0,0,0,0,0,0,NA
Afar,Gabi Rasu,Amibara,ET020301,NA,84874.14160608128,2025-Wk03-15,NA,0,NA,100,100,0,33.3,0,0,0,0,0,0,NA,NA,0,0,0,0,0,10,0,NA
Afar,Gabi Rasu,Amibara,ET020301,NA,84874.14160608128,2025-Wk16-27,NA,100,100,100,100,75,14.3,100,0,0,100,0,100,NA,NA,100,0,0,0,0,10,10,NA
Afar,Gabi Rasu,Argoba,ET020306,NA,29228.052781534265,2025-Wk03-15,NA,0,NA,92.3,92.3,0,0,0,0,0,0,0,0,NA,NA,0,0,0,0,0,0,0,NA
Afar,Gabi Rasu,Argoba,ET020306,NA,29228.052781534265,2025-Wk16-27,NA,0,NA,53.8,76.9,NA,NA,0,0,0,0,0,0,NA,NA,0,0,0,0,0,6.2,0,NA
Afar,Gabi Rasu,Awash Fentale,ET020302,NA,19588.4603083787,2025-Wk03-15,NA,0,NA,100,100,0,0,0,0,0,0,0,0,NA,NA,0,0,0,0,0,11.1,0,NA
Afar,Gabi Rasu,Awash Fentale,ET020302,NA,19588.4603083787,2025-Wk16-27,NA,0,NA,100,100,NA,NA,0,0,0,0,0,0,NA,NA,100,0,0,0,0,11.1,0,NA
Afar,Gabi Rasu,Awash Town,ET020396,NA,19796.685304622213,2025-Wk03-15,NA,0,NA,100,100,0,0,0,0,0,0,0,0,NA,NA,0,0,0,0,0,7.1,0,NA
Afar,Gabi Rasu,Awash Town,ET020396,NA,19796.685304622213,2025-Wk16-27,NA,0,NA,92.3,100,NA,NA,0,0,0,0,0,0,NA,NA,100,0,0,0,0,7.1,0,NA
Afar,Gabi Rasu,Buremodaytu,ET020305,NA,42634.067980859254,2025-Wk03-15,NA,0,NA,92.3,92.3,0,0,0,0,0,0,0,0,NA,NA,0,0,0,0,0,0,0,NA
Afar,Gabi Rasu,Buremodaytu,ET020305,NA,42634.067980859254,2025-Wk16-27,NA,0,NA,92.3,100,NA,NA,0,0,0,0,0,0,NA,NA,0,0,0,0,0,8.3,0,NA
Afar,Gabi Rasu,Dulecha,ET020304,NA,27718.421558768798,2025-Wk03-15,NA,0,NA,84.6,84.6,0,0,0,0,0,0,0,0,NA,NA,0,0,0,0,0,0,0,NA
Afar,Gabi Rasu,Dulecha,ET020304,NA,27718.421558768798,2025-Wk16-27,NA,100,100,76.9,92.3,202.6,NA,100,0,0,100,0,100,NA,NA,100,0,0,0,0,8.3,8.3,NA
Afar,Gabi Rasu,Gela'alo,ET020305,NA,42634.067980859254,2025-Wk03-15,NA,0,NA,100,100,0,0,0,0,0,0,0,0,NA,NA,0,0,0,0,0,0,0,NA
Afar,Gabi Rasu,Gela'alo,ET020305,NA,42634.067980859254,2025-Wk16-27,NA,0,NA,92.3,100,NA,NA,0,0,0,0,0,0,NA,NA,0,0,0,0,0,7.1,0,NA
Afar,Gabi Rasu,Gewane,ET020303,NA,42245.17717905152,2025-Wk03-15,NA,0,NA,100,100,0,0,0,0,0,0,0,0,NA,NA,0,0,0,0,0,14.3,0,NA
Afar,Gabi Rasu,Gewane,ET020303,NA,42245.17717905152,2025-Wk16-27,NA,100,100,100,100,100,NA,100,0,0,100,0,100,NA,NA,100,0,0,0,0,14.3,14.3,NA
Afar,Gabi Rasu,Hanruka,ET020307,NA,59795,2025-Wk03-15,NA,0,NA,100,100,0,0,0,0,0,0,0,0,NA,NA,0,0,0,0,0,0,0,NA
Afar,Gabi Rasu,Hanruka,ET020307,NA,59795,2025-Wk16-27,NA,0,100,92.3,100,252.9,NA,0,0,0,100,0,0,NA,NA,100,0,0,0,0,5.9,5.9,NA
Afar,Hari /Zone 5,Dalifage,ET020504,NA,48346.455340120825,2025-Wk28-52,0,NA,NA,40,100,NA,NA,NA,NA,100,0,NA,NA,NA,NA,100,0,0,0,0,10,0,NA
Afar,Hari /Zone 5,Dewe,ET020503,NA,56600.453390663104,2025-Wk28-52,0,NA,NA,88,100,NA,NA,NA,NA,100,0,NA,NA,NA,NA,100,0,0,0,0,7.7,0,NA
Afar,Hari /Zone 5,Hadeleala,ET020505,NA,47146.126497705605,2025-Wk28-52,0,NA,NA,40,100,NA,NA,NA,NA,0,0,NA,NA,NA,NA,100,0,0,0,0,6.2,0,NA
Afar,Hari /Zone 5,Samarobi,ET020502,NA,42813.71307565758,2025-Wk28-52,0,NA,NA,40,100,NA,NA,NA,NA,0,0,NA,NA,NA,NA,100,0,0,0,0,7.7,0,NA
Afar,Hari /Zone 5,Telalak,ET020501,NA,50765.93737026591,2025-Wk28-52,0,NA,NA,92,100,NA,NA,NA,NA,100,0,NA,NA,NA,NA,100,0,0,0,0,9.1,0,NA
Afar,Hari /Zone 6,Gereni Woreda,ET020110,NA,53590.37734202527,2025-Wk28-52,0,NA,NA,100,100,NA,NA,NA,NA,0,0,NA,NA,NA,NA,100,0,0,0,0,25,0,NA
Afar,Hari Rasu,Dalifage,ET020504,NA,48346.455340120825,2025-Wk03-15,NA,0,NA,100,100,0,0,0,0,0,0,0,0,NA,NA,0,0,0,0,0,0,0,NA
Afar,Hari Rasu,Dalifage,ET020504,NA,48346.455340120825,2025-Wk16-27,NA,0,NA,76.9,100,NA,NA,0,0,0,0,0,0,NA,NA,0,0,0,0,0,6.7,0,NA
Afar,Hari Rasu,Dewe,ET020503,NA,56600.453390663104,2025-Wk03-15,NA,0,NA,100,100,0,0,0,0,0,0,0,0,NA,NA,0,0,0,0,0,0,0,NA
Afar,Hari Rasu,Dewe,ET020503,NA,56600.453390663104,2025-Wk16-27,NA,0,NA,100,100,NA,NA,0,0,0,0,0,0,NA,NA,0,0,0,0,0,7.7,0,NA
Afar,Hari Rasu,Hadeleala,ET020505,NA,47146.126497705605,2025-Wk03-15,NA,0,NA,76.9,92.3,0,0,0,0,0,0,0,0,NA,NA,0,0,0,0,0,0,0,NA
Afar,Hari Rasu,Hadeleala,ET020505,NA,47146.126497705605,2025-Wk16-27,NA,0,NA,30.8,76.9,NA,NA,0,0,0,0,0,0,NA,NA,0,0,0,0,0,100,0,NA
Afar,Hari Rasu,Samarobi,ET020502,NA,42813.71307565758,2025-Wk03-15,NA,0,NA,46.2,76.9,0,0,0,0,0,0,0,0,NA,NA,0,0,0,0,0,0,0,NA
Afar,Hari Rasu,Samarobi,ET020502,NA,42813.71307565758,2025-Wk16-27,NA,0,NA,76.9,100,NA,NA,0,0,0,0,0,0,NA,NA,0,0,0,0,0,9.1,0,NA
Afar,Hari Rasu,Telalak,ET020501,NA,50765.93737026591,2025-Wk03-15,NA,0,NA,100,100,0,0,0,0,0,0,0,0,NA,NA,0,0,0,0,0,15.4,0,NA
Afar,Hari Rasu,Telalak,ET020501,NA,50765.93737026591,2025-Wk16-27,NA,0,NA,100,100,NA,NA,0,0,0,0,0,0,NA,NA,0,0,0,0,0,7.7,0,NA
Afar,Kilbati /Zone2,Abala Town,ET020209,NA,10462,2025-Wk28-52,0,NA,NA,96,100,NA,NA,NA,NA,100,0,NA,NA,NA,NA,100,0,0,0,0,0,0,NA
Afar,Kilbati /Zone2,Abala Woreda,ET020203,NA,40280.39841675955,2025-Wk28-52,0,NA,NA,96,100,NA,NA,NA,NA,0,0,NA,NA,NA,NA,100,0,0,0,0,16.7,0,NA
Afar,Kilbati /Zone2,Afdera,ET020207,NA,43080.067909745565,2025-Wk28-52,0,NA,NA,84,100,NA,NA,NA,NA,0,0,NA,NA,NA,NA,100,0,0,0,0,8.3,0,NA
Afar,Kilbati /Zone2,Berehale,ET020205,NA,106140.65041359887,2025-Wk28-52,0,NA,NA,52,100,NA,NA,NA,NA,0,0,NA,NA,NA,NA,100,0,0,0,0,0,0,NA
Afar,Kilbati /Zone2,Biidu,ET020208,NA,84875.16231684717,2025-Wk28-52,0,NA,NA,100,100,NA,NA,NA,NA,0,0,NA,NA,NA,NA,100,0,0,0,0,16.7,0,NA
Afar,Kilbati /Zone2,Dalol,ET020206,NA,112228.16942142393,2025-Wk28-52,0,NA,NA,100,100,NA,NA,NA,NA,100,0,NA,NA,NA,NA,100,0,0,0,0,0,0,NA
Afar,Kilbati /Zone2,Erebti,ET020201,NA,37587.67395425177,2025-Wk28-52,0,NA,NA,100,100,NA,NA,NA,NA,0,0,NA,NA,NA,NA,100,0,0,0,0,69.2,0,NA
Afar,Kilbati /Zone2,Konaba,ET020202,NA,72439.84305589268,2025-Wk28-52,0,NA,NA,72,100,NA,NA,NA,NA,0,0,NA,NA,NA,NA,100,0,0,0,0,0,0,NA
Afar,Kilbati /Zone2,Megalle,ET020204,NA,37587.67395425177,2025-Wk28-52,0,NA,NA,96,100,NA,NA,NA,NA,100,0,NA,NA,NA,NA,100,0,0,0,0,5.6,0,NA
Afar,Kilbati Rasu,Abala Town,ET020209,NA,10462,2025-Wk03-15,NA,0,NA,100,100,0,0,0,0,0,0,0,0,NA,NA,0,0,0,0,0,0,0,NA
Afar,Kilbati Rasu,Abala Town,ET020209,NA,10462,2025-Wk16-27,NA,0,NA,100,107.7,NA,NA,0,0,0,0,0,0,NA,NA,0,0,0,0,0,10,0,NA
Afar,Kilbati Rasu,Abala Woreda,ET020203,NA,40280.39841675955,2025-Wk03-15,NA,0,NA,92.3,92.3,0,0,0,0,0,0,0,0,NA,NA,0,0,0,0,0,0,0,NA
Afar,Kilbati Rasu,Abala Woreda,ET020203,NA,40280.39841675955,2025-Wk16-27,NA,0,NA,92.3,92.3,NA,NA,0,0,0,0,0,0,NA,NA,0,0,0,0,0,7.1,0,NA
Afar,Kilbati Rasu,Afdera,ET020207,NA,43080.067909745565,2025-Wk03-15,NA,0,NA,100,100,0,0,0,0,0,0,0,0,NA,NA,0,0,0,0,0,16.7,0,NA
Afar,Kilbati Rasu,Afdera,ET020207,NA,43080.067909745565,2025-Wk16-27,NA,0,NA,92.3,92.3,NA,NA,0,0,0,0,0,0,NA,NA,0,0,0,0,0,16.7,0,NA
Afar,Kilbati Rasu,Berehale,ET020205,NA,106140.65041359887,2025-Wk03-15,NA,0,NA,100,100,0,0,0,0,0,0,0,0,NA,NA,0,0,0,0,0,16.7,0,NA
Afar,Kilbati Rasu,Berehale,ET020205,NA,106140.65041359887,2025-Wk16-27,NA,0,NA,100,100,NA,NA,0,0,0,0,0,0,NA,NA,0,0,0,0,0,16.7,0,NA
Afar,Kilbati Rasu,Biidu,ET020208,NA,84875.16231684717,2025-Wk03-15,NA,0,NA,100,100,0,0,0,0,0,0,0,0,NA,NA,0,0,0,0,0,0,0,NA
Afar,Kilbati Rasu,Biidu,ET020208,NA,84875.16231684717,2025-Wk16-27,NA,0,NA,69.2,84.6,NA,NA,0,0,0,0,0,0,NA,NA,0,0,0,0,0,100,0,NA
Afar,Kilbati Rasu,Dalol,ET020206,NA,112228.16942142393,2025-Wk03-15,NA,0,NA,100,100,0,0,0,0,0,0,0,0,NA,NA,0,0,0,0,0,0,0,NA
Afar,Kilbati Rasu,Dalol,ET020206,NA,112228.16942142393,2025-Wk16-27,NA,0,NA,100,100,NA,NA,0,0,0,0,0,0,NA,NA,0,0,0,0,0,11.1,0,NA
Afar,Kilbati Rasu,Erebti,ET020201,NA,37587.67395425177,2025-Wk03-15,NA,0,NA,100,100,0,0,0,0,0,0,0,0,NA,NA,0,0,0,0,0,0,0,NA
Afar,Kilbati Rasu,Erebti,ET020201,NA,37587.67395425177,2025-Wk16-27,NA,0,NA,100,100,NA,NA,0,0,0,0,0,0,NA,NA,0,0,0,0,0,5.6,0,NA
Afar,Kilbati Rasu,Konaba,ET020202,NA,72439.84305589268,2025-Wk03-15,NA,0,NA,92.3,92.3,0,0,0,0,0,0,0,0,NA,NA,0,0,0,0,0,16.7,0,NA
Afar,Kilbati Rasu,Konaba,ET020202,NA,72439.84305589268,2025-Wk16-27,NA,0,NA,69.2,84.6,NA,NA,0,0,0,0,0,0,NA,NA,0,0,0,0,0,16.7,0,NA
Afar,Kilbati Rasu,Megalle,ET020204,NA,37587.67395425177,2025-Wk03-15,NA,0,NA,100,100,0,0,0,0,0,0,0,0,NA,NA,0,0,0,0,0,0,0,NA
Afar,Kilbati Rasu,Megalle,ET020204,NA,37587.67395425177,2025-Wk16-27,NA,0,NA,92.3,92.3,NA,NA,0,0,0,0,0,0,NA,NA,0,0,0,0,0,6.2,0,NA
Amhara,Awi,Agew_Midir General Hospital,ET030903,NA,115011.39338424802,2025-Wk03-15,NA,NA,NA,100,100,NA,NA,NA,NA,NA,NA,NA,NA,NA,NA,0,NA,NA,NA,NA,NA,NA,NA
Amhara,Awi,Agew_Midir General Hospital,ET030903,NA,115011.39338424802,2025-Wk16-27,NA,NA,NA,100,100,NA,NA,NA,NA,NA,NA,NA,NA,NA,NA,0,NA,NA,NA,NA,NA,NA,NA
Amhara,Awi,Agew_Midir General Hospital,ET030903,NA,115011.39338424802,2025-Wk28-52,NA,NA,NA,100,100,NA,NA,NA,NA,NA,NA,NA,NA,NA,NA,0,NA,NA,NA,NA,NA,NA,NA
Amhara,Awi,Ankasha Guagusa,ET030903,115011,115011,2025-Wk03-15,NA,NA,NA,96.3,96.3,0,100,NA,NA,NA,NA,NA,NA,NA,NA,0,NA,NA,NA,NA,NA,NA,NA
Amhara,Awi,Ankasha Guagusa,ET030903,115011,115011,2025-Wk16-27,NA,NA,NA,100,100,NA,NA,NA,NA,NA,NA,NA,NA,NA,NA,0,NA,NA,NA,NA,NA,NA,NA
Amhara,Awi,Ankasha Guagusa,ET030903,118257,118257,2025-Wk28-52,NA,NA,NA,100,100,NA,NA,NA,NA,NA,NA,NA,NA,NA,NA,0,NA,NA,NA,NA,NA,NA,NA
Amhara,Awi,Ayehu Guagusa,ET030908,141284,141284,2025-Wk03-15,NA,NA,NA,84.1,90.7,0,100,NA,NA,NA,NA,NA,NA,NA,NA,0,NA,NA,NA,NA,NA,NA,NA
Amhara,Awi,Ayehu Guagusa,ET030908,141284,141284,2025-Wk16-27,NA,NA,NA,85.4,85.4,NA,NA,NA,NA,NA,NA,NA,NA,NA,NA,0,NA,NA,NA,NA,NA,NA,NA
Amhara,Awi,Ayehu Guagusa,ET030908,145276,145276,2025-Wk28-52,NA,NA,NA,96.3,96.3,NA,NA,NA,NA,NA,NA,NA,NA,NA,NA,0,NA,NA,NA,NA,NA,NA,NA
Amhara,Awi,Banja,ET030902,87036,87036,2025-Wk03-15,NA,NA,NA,97.9,97.9,0,NA,NA,NA,NA,NA,NA,NA,NA,NA,0,NA,NA,NA,NA,NA,NA,NA
Amhara,Awi,Banja,ET030902,87036,87036,2025-Wk16-27,NA,NA,NA,100,100,NA,NA,NA,NA,NA,NA,NA,NA,NA,NA,0,NA,NA,NA,NA,NA,NA,NA
Amhara,Awi,Banja,ET030902,89492,89492,2025-Wk28-52,NA,NA,NA,100,100,NA,NA,NA,NA,NA,NA,NA,NA,NA,NA,0,NA,NA,NA,NA,NA,NA,NA
Amhara,Awi,Chagni,ET030999,52904,52904,2025-Wk03-15,NA,NA,NA,98.6,98.6,0,NA,NA,NA,NA,NA,NA,NA,NA,NA,0,NA,NA,NA,NA,NA,NA,NA
Amhara,Awi,Chagni,ET030999,52904,52904,2025-Wk16-27,NA,NA,NA,97,97,NA,NA,NA,NA,NA,NA,NA,NA,NA,NA,0,NA,NA,NA,NA,NA,NA,NA
Amhara,Awi,Chagni,ET030999,54397,54397,2025-Wk28-52,NA,NA,NA,100,100,NA,NA,NA,NA,NA,NA,NA,NA,NA,NA,0,NA,NA,NA,NA,NA,NA,NA
Amhara,Awi,Dangila Town,ET030998,66438,66438,2025-Wk03-15,NA,NA,NA,100,100,0,NA,NA,NA,NA,NA,NA,NA,NA,NA,0,NA,NA,NA,NA,NA,NA,NA
Amhara,Awi,Dangila Town,ET030998,66438,66438,2025-Wk16-27,NA,NA,NA,100,100,NA,NA,NA,NA,NA,NA,NA,NA,NA,NA,0,NA,NA,NA,NA,NA,NA,NA
Amhara,Awi,Dangila Town,ET030998,68313,68313,2025-Wk28-52,NA,NA,NA,100,100,NA,NA,NA,NA,NA,NA,NA,NA,NA,NA,0,NA,NA,NA,NA,NA,NA,NA
Amhara,Awi,Dangila Zuria,ET030901,143706,143706,2025-Wk03-15,NA,NA,NA,94.6,94.6,NA,NA,NA,NA,NA,NA,NA,NA,NA,NA,0,NA,NA,NA,NA,NA,NA,NA
Amhara,Awi,Dangila Zuria,ET030901,143706,143706,2025-Wk16-27,NA,NA,NA,85.1,85.1,NA,NA,NA,NA,NA,NA,NA,NA,NA,NA,0,NA,NA,NA,NA,NA,NA,NA
Amhara,Awi,Dangila Zuria,ET030901,146758,146758,2025-Wk28-52,NA,NA,NA,94.1,94.1,NA,NA,NA,NA,NA,NA,NA,NA,NA,NA,0,NA,NA,NA,NA,NA,NA,NA
Amhara,Awi,Fagita Lokoma,ET030905,174545,174545,2025-Wk03-15,NA,NA,NA,97.4,97.4,0,100,NA,NA,NA,NA,NA,NA,NA,NA,0,NA,NA,NA,NA,NA,NA,NA
Amhara,Awi,Fagita Lokoma,ET030905,174545,174545,2025-Wk16-27,NA,NA,NA,97.2,97.2,NA,NA,NA,NA,NA,NA,NA,NA,NA,NA,0,NA,NA,NA,NA,NA,NA,NA
Amhara,Awi,Fagita Lokoma,ET030905,179475,179475,2025-Wk28-52,NA,NA,NA,100,100,NA,NA,NA,NA,NA,NA,NA,NA,NA,NA,0,NA,NA,NA,NA,NA,NA,NA
Amhara,Awi,Guagusa Shekudad,ET030907,114849,114849,2025-Wk03-15,NA,NA,NA,99.1,99.1,NA,100,NA,NA,NA,NA,NA,NA,NA,NA,0,NA,NA,NA,NA,NA,NA,NA
Amhara,Awi,Guagusa Shekudad,ET030907,114849,114849,2025-Wk16-27,NA,NA,NA,94.9,94.9,NA,NA,NA,NA,NA,NA,NA,NA,NA,NA,0,NA,NA,NA,NA,NA,NA,NA
Amhara,Awi,Guagusa Shekudad,ET030907,119093,119093,2025-Wk28-52,NA,NA,NA,94.7,94.7,NA,NA,NA,NA,NA,NA,NA,NA,NA,NA,0,NA,NA,NA,NA,NA,NA,NA
Amhara,Awi,Guangua,ET030904,149369,149369,2025-Wk03-15,NA,NA,NA,99.4,99.4,NA,NA,NA,NA,NA,NA,NA,NA,NA,NA,0,NA,NA,NA,NA,NA,NA,NA
Amhara,Awi,Guangua,ET030904,149369,149369,2025-Wk16-27,NA,NA,NA,98.3,98.3,NA,NA,NA,NA,NA,NA,NA,NA,NA,NA,0,NA,NA,NA,NA,NA,NA,NA
Amhara,Awi,Guangua,ET030904,154398,154398,2025-Wk28-52,NA,NA,NA,92,92,NA,NA,NA,NA,NA,NA,NA,NA,NA,NA,0,NA,NA,NA,NA,NA,NA,NA
Amhara,Awi,Injibara General Hospital,ET030996,NA,50326.94908387481,2025-Wk03-15,NA,NA,NA,100,100,NA,0,NA,NA,NA,NA,NA,NA,NA,NA,0,NA,NA,NA,NA,NA,NA,NA
Amhara,Awi,Injibara General Hospital,ET030996,NA,50326.94908387481,2025-Wk16-27,NA,NA,NA,100,100,NA,NA,NA,NA,NA,NA,NA,NA,NA,NA,0,NA,NA,NA,NA,NA,NA,NA
Amhara,Awi,Injibara General Hospital,ET030996,0,0,2025-Wk28-52,NA,NA,NA,100,100,NA,NA,NA,NA,NA,NA,NA,NA,NA,NA,0,NA,NA,NA,NA,NA,NA,NA
Amhara,Awi,Injibara Town,ET030996,68657,68657,2025-Wk03-15,NA,NA,NA,96,96,NA,100,NA,NA,NA,NA,NA,NA,NA,NA,0,NA,NA,NA,NA,NA,NA,NA
Amhara,Awi,Injibara Town,ET030996,68657,68657,2025-Wk16-27,NA,NA,NA,95.6,95.6,NA,NA,NA,NA,NA,NA,NA,NA,NA,NA,0,NA,NA,NA,NA,NA,NA,NA
Amhara,Awi,Injibara Town,ET030996,68654,68654,2025-Wk28-52,NA,NA,NA,100,100,NA,NA,NA,NA,NA,NA,NA,NA,NA,NA,0,NA,NA,NA,NA,NA,NA,NA
Amhara,Awi,Jawi,ET030906,152955,152955,2025-Wk03-15,NA,NA,100,81.9,81.9,NA,NA,NA,NA,NA,NA,NA,NA,NA,NA,0,NA,NA,NA,NA,NA,NA,NA
Amhara,Awi,Jawi,ET030906,152955,152955,2025-Wk16-27,NA,NA,NA,81.7,81.7,NA,NA,NA,NA,NA,NA,NA,NA,NA,NA,0,NA,NA,NA,NA,NA,NA,NA
Amhara,Awi,Jawi,ET030906,157270.99999999997,157270.99999999997,2025-Wk28-52,NA,NA,NA,79.7,79.7,NA,NA,NA,NA,NA,NA,NA,NA,NA,NA,0,NA,NA,NA,NA,NA,NA,NA
Amhara,Awi,Zigem,ET030997,115366,115366,2025-Wk03-15,NA,NA,100,79.9,79.9,NA,NA,NA,NA,NA,NA,NA,NA,NA,NA,0,NA,NA,NA,NA,NA,NA,NA
Amhara,Awi,Zigem,ET030997,115366,115366,2025-Wk16-27,NA,NA,NA,80.7,80.7,NA,NA,NA,NA,NA,NA,NA,NA,NA,NA,0,NA,NA,NA,NA,NA,NA,NA
Amhara,Awi,Zigem,ET030997,118622,118622,2025-Wk28-52,NA,NA,NA,96,96,NA,NA,NA,NA,NA,NA,NA,NA,NA,NA,0,NA,NA,NA,NA,NA,NA,NA
Amhara,Bahir Dar City,Adinas General Hospital,ET030712,NA,406662.82952071796,2025-Wk03-15,NA,NA,NA,92.3,100,0,NA,NA,NA,NA,NA,NA,NA,NA,NA,0,NA,NA,NA,NA,NA,NA,NA
Amhara,Bahir Dar City,Adinas General Hospital,ET030712,NA,406662.82952071796,2025-Wk16-27,NA,NA,NA,100,100,NA,NA,NA,NA,NA,NA,NA,NA,NA,NA,0,NA,NA,NA,NA,NA,NA,NA
Amhara,Bahir Dar City,Adinas General Hospital,ET030712,0,0,2025-Wk28-52,NA,NA,NA,100,100,NA,NA,NA,NA,NA,NA,NA,NA,NA,NA,0,NA,NA,NA,NA,NA,NA,NA
Amhara,Bahir Dar City,Afilas General Hospital,ET030712,NA,406662.82952071796,2025-Wk03-15,NA,NA,NA,92.3,100,NA,NA,NA,NA,NA,NA,NA,NA,NA,NA,0,NA,NA,NA,NA,NA,NA,NA
Amhara,Bahir Dar City,Afilas General Hospital,ET030712,NA,406662.82952071796,2025-Wk16-27,NA,NA,NA,100,100,NA,NA,NA,NA,NA,NA,NA,NA,NA,NA,0,NA,NA,NA,NA,NA,NA,NA
Amhara,Bahir Dar City,Afilas General Hospital,ET030712,0,0,2025-Wk28-52,NA,NA,NA,100,100,NA,NA,NA,NA,NA,NA,NA,NA,NA,NA,0,NA,NA,NA,NA,NA,NA,NA
Amhara,Bahir Dar City,Bahir Dar Town,ET030712,439121.2573572334,439121.2573572334,2025-Wk03-15,NA,NA,100,89.2,96.5,0,25,NA,NA,NA,NA,NA,NA,NA,NA,0,NA,NA,NA,NA,NA,NA,NA
Amhara,Bahir Dar City,Bahir Dar Town,ET030712,439121.2573572334,439121.2573572334,2025-Wk16-27,NA,NA,NA,91,91,NA,NA,NA,NA,NA,NA,NA,NA,NA,NA,0,NA,NA,NA,NA,NA,NA,NA
Amhara,Bahir Dar City,Bahir Dar Town,ET030712,418140,418140,2025-Wk28-52,NA,NA,NA,89.5,89.5,NA,NA,NA,NA,NA,NA,NA,NA,NA,NA,0,NA,NA,NA,NA,NA,NA,NA
Amhara,Bahir Dar City,Dream Care General Hospital,ET030712,NA,406662.82952071796,2025-Wk03-15,NA,NA,NA,92.3,100,NA,NA,NA,NA,NA,NA,NA,NA,NA,NA,0,NA,NA,NA,NA,NA,NA,NA
Amhara,Bahir Dar City,Dream Care General Hospital,ET030712,NA,406662.82952071796,2025-Wk16-27,NA,NA,NA,91.7,91.7,NA,NA,NA,NA,NA,NA,NA,NA,NA,NA,0,NA,NA,NA,NA,NA,NA,NA
Amhara,Bahir Dar City,Dream Care General Hospital,ET030712,0,0,2025-Wk28-52,NA,NA,NA,91.7,91.7,NA,NA,NA,NA,NA,NA,NA,NA,NA,NA,0,NA,NA,NA,NA,NA,NA,NA
Amhara,Bahir Dar City,Felege Hiwot Specialized Hospital,ET030712,NA,406662.82952071796,2025-Wk03-15,NA,NA,NA,92.3,100,0,NA,NA,NA,NA,NA,NA,NA,NA,NA,0,NA,NA,NA,NA,NA,NA,NA
Amhara,Bahir Dar City,Felege Hiwot Specialized Hospital,ET030712,NA,406662.82952071796,2025-Wk16-27,NA,NA,NA,100,100,NA,NA,NA,NA,NA,NA,NA,NA,NA,NA,0,NA,NA,NA,NA,NA,NA,NA
Amhara,Bahir Dar City,Felege Hiwot Specialized Hospital,ET030712,0,0,2025-Wk28-52,NA,NA,NA,100,100,NA,NA,NA,NA,NA,NA,NA,NA,NA,NA,0,NA,NA,NA,NA,NA,NA,NA
Amhara,Bahir Dar City,Gamby General Hospital,ET030712,NA,406662.82952071796,2025-Wk03-15,NA,NA,NA,92.3,100,NA,NA,NA,NA,NA,NA,NA,NA,NA,NA,0,NA,NA,NA,NA,NA,NA,NA
Amhara,Bahir Dar City,Gamby General Hospital,ET030712,NA,406662.82952071796,2025-Wk16-27,NA,NA,NA,100,100,NA,NA,NA,NA,NA,NA,NA,NA,NA,NA,0,NA,NA,NA,NA,NA,NA,NA
Amhara,Bahir Dar City,Gamby General Hospital,ET030712,0,0,2025-Wk28-52,NA,NA,NA,100,100,NA,NA,NA,NA,NA,NA,NA,NA,NA,NA,0,NA,NA,NA,NA,NA,NA,NA
Amhara,Bahir Dar City,Tibebe Ghion Specialized Hospital,ET030712,NA,406662.82952071796,2025-Wk03-15,NA,NA,NA,92.3,100,NA,NA,NA,NA,NA,NA,NA,NA,NA,NA,0,NA,NA,NA,NA,NA,NA,NA
Amhara,Bahir Dar City,Tibebe Ghion Specialized Hospital,ET030712,NA,406662.82952071796,2025-Wk16-27,NA,NA,NA,83.3,100,NA,NA,NA,NA,NA,NA,NA,NA,NA,NA,0,NA,NA,NA,NA,NA,NA,NA
Amhara,Bahir Dar City,Tibebe Ghion Specialized Hospital,ET030712,0,0,2025-Wk28-52,NA,NA,NA,83.3,83.3,NA,NA,NA,NA,NA,NA,NA,NA,NA,NA,0,NA,NA,NA,NA,NA,NA,NA
Amhara,Central Gondar,Alefa,ET031115,244426,244426,2025-Wk03-15,NA,NA,100,95.1,95.1,77.8,NA,NA,NA,NA,NA,NA,NA,NA,NA,0,NA,NA,NA,NA,NA,NA,NA
Amhara,Central Gondar,Alefa,ET031115,244426,244426,2025-Wk16-27,NA,NA,NA,92,92,NA,NA,NA,NA,NA,NA,NA,NA,NA,NA,0,NA,NA,NA,NA,NA,NA,NA
Amhara,Central Gondar,Alefa,ET031115,251325.682524514,251325.682524514,2025-Wk28-52,NA,NA,NA,93.6,93.6,NA,NA,NA,NA,NA,NA,NA,NA,NA,NA,0,NA,NA,NA,NA,NA,NA,NA
Amhara,Central Gondar,Central Armachiho,ET031119,51156,51156,2025-Wk03-15,NA,NA,NA,56.9,63.8,0,NA,NA,NA,NA,NA,NA,NA,NA,NA,0,NA,NA,NA,NA,NA,NA,NA
Amhara,Central Gondar,Central Armachiho,ET031119,51156,51156,2025-Wk16-27,NA,NA,NA,32.9,75.4,NA,NA,NA,NA,NA,NA,NA,NA,NA,NA,0,NA,NA,NA,NA,NA,NA,NA
Amhara,Central Gondar,Central Armachiho,ET031119,53249,53249,2025-Wk28-52,NA,NA,NA,93.3,93.3,NA,NA,NA,NA,NA,NA,NA,NA,NA,NA,0,NA,NA,NA,NA,NA,NA,NA
Amhara,Central Gondar,Chilga,ET031106,173799,173799,2025-Wk28-52,NA,NA,NA,100,100,NA,NA,NA,NA,NA,NA,NA,NA,NA,NA,0,NA,NA,NA,NA,NA,NA,NA
Amhara,Central Gondar,Chilga 1,ET031106,187463,187463,2025-Wk03-15,NA,NA,NA,92.8,92.8,0,NA,NA,NA,NA,NA,NA,NA,NA,NA,0,NA,NA,NA,NA,NA,NA,NA
Amhara,Central Gondar,Chilga 1,ET031106,187463,187463,2025-Wk16-27,NA,NA,NA,90.6,90.6,NA,NA,NA,NA,NA,NA,NA,NA,NA,NA,0,NA,NA,NA,NA,NA,NA,NA
Amhara,Central Gondar,Chilga 2,ET031112,69103,69103,2025-Wk03-15,NA,NA,NA,70.7,78.4,NA,NA,NA,NA,NA,NA,NA,NA,NA,NA,0,NA,NA,NA,NA,NA,NA,NA
Amhara,Central Gondar,Chilga 2,ET031112,69103,69103,2025-Wk16-27,NA,NA,NA,85.3,85.3,NA,NA,NA,NA,NA,NA,NA,NA,NA,NA,0,NA,NA,NA,NA,NA,NA,NA
Amhara,Central Gondar,East Belesa,ET031117,161920,161920,2025-Wk03-15,NA,NA,NA,81.2,81.2,NA,NA,NA,NA,NA,NA,NA,NA,NA,NA,0,NA,NA,NA,NA,NA,NA,NA
Amhara,Central Gondar,East Belesa,ET031117,161920,161920,2025-Wk16-27,NA,NA,NA,77.8,77.8,NA,NA,NA,NA,NA,NA,NA,NA,NA,NA,0,NA,NA,NA,NA,NA,NA,NA
Amhara,Central Gondar,East Belesa,ET031117,150424,150424,2025-Wk28-52,NA,NA,NA,69.4,69.4,NA,NA,NA,NA,NA,NA,NA,NA,NA,NA,0,NA,NA,NA,NA,NA,NA,NA
Amhara,Central Gondar,East Dembia,ET031111,211789,211789,2025-Wk03-15,NA,NA,NA,75.6,75.6,0,NA,NA,NA,NA,NA,NA,NA,NA,NA,0,NA,NA,NA,NA,NA,NA,NA
Amhara,Central Gondar,East Dembia,ET031111,211789,211789,2025-Wk16-27,NA,NA,NA,98,98,NA,NA,NA,NA,NA,NA,NA,NA,NA,NA,0,NA,NA,NA,NA,NA,NA,NA
Amhara,Central Gondar,East Dembia,ET031111,228886,228886,2025-Wk28-52,NA,NA,NA,94.1,94.1,NA,NA,NA,NA,NA,NA,NA,NA,NA,NA,0,NA,NA,NA,NA,NA,NA,NA
Amhara,Central Gondar,Gondar Zuria,ET031110,258712,258712,2025-Wk03-15,NA,NA,NA,82.7,82.7,0,NA,NA,NA,NA,NA,NA,NA,NA,NA,0,NA,NA,NA,NA,NA,NA,NA
Amhara,Central Gondar,Gondar Zuria,ET031110,258712,258712,2025-Wk16-27,NA,NA,NA,83.5,83.5,NA,NA,NA,NA,NA,NA,NA,NA,NA,NA,0,NA,NA,NA,NA,NA,NA,NA
Amhara,Central Gondar,Gondar Zuria,ET031110,264369,264369,2025-Wk28-52,NA,NA,NA,88,88,NA,NA,NA,NA,NA,NA,NA,NA,NA,NA,0,NA,NA,NA,NA,NA,NA,NA
Amhara,Central Gondar,Kinfaz Begela,ET031122,76519,76519,2025-Wk03-15,NA,NA,NA,57.5,57.5,NA,NA,NA,NA,NA,NA,NA,NA,NA,NA,0,NA,NA,NA,NA,NA,NA,NA
Amhara,Central Gondar,Kinfaz Begela,ET031122,76519,76519,2025-Wk16-27,NA,NA,NA,69.8,77.8,NA,NA,NA,NA,NA,NA,NA,NA,NA,NA,0,NA,NA,NA,NA,NA,NA,NA
Amhara,Central Gondar,Kinfaz Begela,ET031122,157359.97198166046,157359.97198166046,2025-Wk28-52,NA,NA,NA,66.7,66.7,NA,NA,NA,NA,NA,NA,NA,NA,NA,NA,0,NA,NA,NA,NA,NA,NA,NA
Amhara,Central Gondar,Lay Armachiho,ET031108,154076,154076,2025-Wk03-15,NA,NA,NA,91.6,91.6,NA,NA,NA,NA,NA,NA,NA,NA,NA,NA,0,NA,NA,NA,NA,NA,NA,NA
Amhara,Central Gondar,Lay Armachiho,ET031108,154076,154076,2025-Wk16-27,NA,NA,NA,90.5,90.5,NA,NA,NA,NA,NA,NA,NA,NA,NA,NA,0,NA,NA,NA,NA,NA,NA,NA
Amhara,Central Gondar,Lay Armachiho,ET031108,158425.95289677917,158425.95289677917,2025-Wk28-52,NA,NA,NA,96.8,96.8,NA,NA,NA,NA,NA,NA,NA,NA,NA,NA,0,NA,NA,NA,NA,NA,NA,NA
Amhara,Central Gondar,Nebaru Chilga,ET031106,71964,71964,2025-Wk28-52,NA,NA,NA,99.5,99.5,NA,NA,NA,NA,NA,NA,NA,NA,NA,NA,0,NA,NA,NA,NA,NA,NA,NA
Amhara,Central Gondar,Tach Armachiho,ET031120,126834,126834,2025-Wk03-15,NA,NA,100,83,83,NA,NA,NA,NA,NA,NA,NA,NA,NA,NA,0,NA,NA,NA,NA,NA,NA,NA
Amhara,Central Gondar,Tach Armachiho,ET031120,126834,126834,2025-Wk16-27,NA,NA,NA,77.9,77.9,NA,NA,NA,NA,NA,NA,NA,NA,NA,NA,0,NA,NA,NA,NA,NA,NA,NA
Amhara,Central Gondar,Tach Armachiho,ET031120,130349.9999991381,130349.9999991381,2025-Wk28-52,NA,NA,NA,96.9,96.9,NA,NA,NA,NA,NA,NA,NA,NA,NA,NA,0,NA,NA,NA,NA,NA,NA,NA
Amhara,Central Gondar,Takusa,ET031121,174388,174388,2025-Wk03-15,NA,NA,NA,44.1,44.1,NA,NA,NA,NA,NA,NA,NA,NA,NA,NA,0,NA,NA,NA,NA,NA,NA,NA
Amhara,Central Gondar,Takusa,ET031121,174388,174388,2025-Wk16-27,NA,NA,NA,43.2,43.2,NA,NA,NA,NA,NA,NA,NA,NA,NA,NA,0,NA,NA,NA,NA,NA,NA,NA
Amhara,Central Gondar,Takusa,ET031121,179522.194124808,179522.194124808,2025-Wk28-52,NA,NA,NA,42.9,42.9,NA,NA,NA,NA,NA,NA,NA,NA,NA,NA,0,NA,NA,NA,NA,NA,NA,NA
Amhara,Central Gondar,Tegede,ET031107,100349,100349,2025-Wk03-15,NA,NA,NA,87.7,87.7,NA,NA,NA,NA,NA,NA,NA,NA,NA,NA,0,NA,NA,NA,NA,NA,NA,NA
Amhara,Central Gondar,Tegede,ET031107,100349,100349,2025-Wk16-27,NA,NA,NA,90,90,NA,NA,NA,NA,NA,NA,NA,NA,NA,NA,0,NA,NA,NA,NA,NA,NA,NA
Amhara,Central Gondar,Tegede,ET031107,103321.50711497253,103321.50711497253,2025-Wk28-52,NA,NA,NA,77.4,77.4,NA,NA,NA,NA,NA,NA,NA,NA,NA,NA,0,NA,NA,NA,NA,NA,NA,NA
Amhara,Central Gondar,West Belesa,ET031116,174063,174063,2025-Wk03-15,NA,NA,NA,100,100,NA,NA,NA,NA,NA,NA,NA,NA,NA,NA,0,NA,NA,NA,NA,NA,NA,NA
Amhara,Central Gondar,West Belesa,ET031116,174063,174063,2025-Wk16-27,NA,NA,NA,98.1,98.1,NA,NA,NA,NA,NA,NA,NA,NA,NA,NA,0,NA,NA,NA,NA,NA,NA,NA
Amhara,Central Gondar,West Belesa,ET031116,181036,181036,2025-Wk28-52,NA,NA,NA,97.1,97.1,NA,NA,NA,NA,NA,NA,NA,NA,NA,NA,0,NA,NA,NA,NA,NA,NA,NA
Amhara,Central Gondar,West Dembia,ET031125,138638,138638,2025-Wk03-15,NA,NA,NA,99.4,99.4,NA,NA,NA,NA,NA,NA,NA,NA,NA,NA,0,NA,NA,NA,NA,NA,NA,NA
Amhara,Central Gondar,West Dembia,ET031125,138638,138638,2025-Wk16-27,NA,NA,NA,98.7,98.7,NA,NA,NA,NA,NA,NA,NA,NA,NA,NA,0,NA,NA,NA,NA,NA,NA,NA
Amhara,Central Gondar,West Dembia,ET031125,143836,143836,2025-Wk28-52,NA,NA,NA,96.3,96.3,NA,NA,NA,NA,NA,NA,NA,NA,NA,NA,0,NA,NA,NA,NA,NA,NA,NA
Amhara,Central Gondar,Wogera,ET031109,256925,256925,2025-Wk03-15,NA,NA,NA,84.3,84.3,NA,NA,NA,NA,NA,NA,NA,NA,NA,NA,0,NA,NA,NA,NA,NA,NA,NA
Amhara,Central Gondar,Wogera,ET031109,256925,256925,2025-Wk16-27,NA,NA,NA,87.8,87.8,NA,NA,NA,NA,NA,NA,NA,NA,NA,NA,0,NA,NA,NA,NA,NA,NA,NA
Amhara,Central Gondar,Wogera,ET031109,267976.05604876566,267976.05604876566,2025-Wk28-52,NA,NA,NA,95.3,95.3,NA,NA,NA,NA,NA,NA,NA,NA,NA,NA,0,NA,NA,NA,NA,NA,NA,NA
Amhara,Debre Birhan City,Ayu General Hospital,ET030520,NA,125808.5601447797,2025-Wk03-15,NA,NA,NA,100,100,NA,NA,NA,NA,NA,NA,NA,NA,NA,NA,0,NA,NA,NA,NA,NA,NA,NA
Amhara,Debre Birhan City,Ayu General Hospital,ET030520,NA,125808.5601447797,2025-Wk16-27,NA,NA,NA,100,100,NA,NA,NA,NA,NA,NA,NA,NA,NA,NA,0,NA,NA,NA,NA,NA,NA,NA
Amhara,Debre Birhan City,Ayu General Hospital,ET030520,0,0,2025-Wk28-52,NA,NA,NA,100,100,NA,NA,NA,NA,NA,NA,NA,NA,NA,NA,0,NA,NA,NA,NA,NA,NA,NA
Amhara,Debre Birhan City,Debre Birhan Specialized Hospital,ET030520,NA,125808.5601447797,2025-Wk03-15,NA,NA,NA,100,100,0,100,NA,NA,NA,NA,NA,NA,NA,NA,0,NA,NA,NA,NA,NA,NA,NA
Amhara,Debre Birhan City,Debre Birhan Specialized Hospital,ET030520,NA,125808.5601447797,2025-Wk16-27,NA,NA,NA,100,100,NA,NA,NA,NA,NA,NA,NA,NA,NA,NA,0,NA,NA,NA,NA,NA,NA,NA
Amhara,Debre Birhan City,Debre Birhan Specialized Hospital,ET030520,0,0,2025-Wk28-52,NA,NA,NA,100,100,NA,NA,NA,NA,NA,NA,NA,NA,NA,NA,0,NA,NA,NA,NA,NA,NA,NA
Amhara,Debre Birhan City,Debre Birhan Town,ET030520,209010.6288228664,209010.6288228664,2025-Wk03-15,NA,NA,NA,100,100,0,100,NA,NA,NA,NA,NA,NA,NA,NA,0,NA,NA,NA,NA,NA,NA,NA
Amhara,Debre Birhan City,Debre Birhan Town,ET030520,209010.6288228664,209010.6288228664,2025-Wk16-27,NA,NA,NA,99.6,99.6,NA,NA,NA,NA,NA,NA,NA,NA,NA,NA,0,NA,NA,NA,NA,NA,NA,NA
Amhara,Debre Birhan City,Debre Birhan Town,ET030520,227503,227503,2025-Wk28-52,NA,NA,NA,100,100,NA,NA,NA,NA,NA,NA,NA,NA,NA,NA,0,NA,NA,NA,NA,NA,NA,NA
Amhara,Debre Birhan City,Hakim Gizaw General Hospital,ET030520,NA,125808.5601447797,2025-Wk03-15,NA,NA,NA,100,100,NA,NA,NA,NA,NA,NA,NA,NA,NA,NA,0,NA,NA,NA,NA,NA,NA,NA
Amhara,Debre Birhan City,Hakim Gizaw General Hospital,ET030520,NA,125808.5601447797,2025-Wk16-27,NA,NA,NA,100,100,NA,NA,NA,NA,NA,NA,NA,NA,NA,NA,0,NA,NA,NA,NA,NA,NA,NA
Amhara,Debre Birhan City,Hakim Gizaw General Hospital,ET030520,0,0,2025-Wk28-52,NA,NA,NA,100,100,NA,NA,NA,NA,NA,NA,NA,NA,NA,NA,0,NA,NA,NA,NA,NA,NA,NA
Amhara,Debre Markos City,Debre Markos Specialized Hospital,ET030615,NA,145240.77032987017,2025-Wk03-15,NA,NA,NA,100,100,25,NA,NA,NA,NA,NA,NA,NA,NA,NA,0,NA,NA,NA,NA,NA,NA,NA
Amhara,Debre Markos City,Debre Markos Specialized Hospital,ET030615,NA,145240.77032987017,2025-Wk16-27,NA,NA,NA,100,100,NA,NA,NA,NA,NA,NA,NA,NA,NA,NA,0,NA,NA,NA,NA,NA,NA,NA
Amhara,Debre Markos City,Debre Markos Specialized Hospital,ET030615,0,0,2025-Wk28-52,NA,NA,NA,100,100,NA,NA,NA,NA,NA,NA,NA,NA,NA,NA,0,NA,NA,NA,NA,NA,NA,NA
Amhara,Debre Markos City,Debre Markos Town,ET030615,192977.61818736207,192977.61818736207,2025-Wk03-15,NA,NA,100,99.5,99.5,10,NA,NA,NA,NA,NA,NA,NA,NA,NA,0,NA,NA,NA,NA,NA,NA,NA
Amhara,Debre Markos City,Debre Markos Town,ET030615,192977.61818736207,192977.61818736207,2025-Wk16-27,NA,NA,NA,99.7,99.7,NA,NA,NA,NA,NA,NA,NA,NA,NA,NA,0,NA,NA,NA,NA,NA,NA,NA
Amhara,Debre Markos City,Debre Markos Town,ET030615,207988,207988,2025-Wk28-52,NA,NA,NA,100,100,NA,NA,NA,NA,NA,NA,NA,NA,NA,NA,0,NA,NA,NA,NA,NA,NA,NA
Amhara,Debre Tabor City,Debre Tabor Specialized Hospital,ET030210,NA,70014.50812665236,2025-Wk03-15,NA,NA,NA,100,100,0,100,NA,NA,NA,NA,NA,NA,NA,NA,0,NA,NA,NA,NA,NA,NA,NA
Amhara,Debre Tabor City,Debre Tabor Specialized Hospital,ET030210,NA,70014.50812665236,2025-Wk16-27,NA,NA,NA,100,100,NA,NA,NA,NA,NA,NA,NA,NA,NA,NA,0,NA,NA,NA,NA,NA,NA,NA
Amhara,Debre Tabor City,Debre Tabor Specialized Hospital,ET030210,0,0,2025-Wk28-52,NA,NA,NA,100,100,NA,NA,NA,NA,NA,NA,NA,NA,NA,NA,0,NA,NA,NA,NA,NA,NA,NA
Amhara,Debre Tabor City,Debre Tabor Town,ET030210,123706.3516277116,123706.3516277116,2025-Wk03-15,NA,NA,NA,100,100,NA,100,NA,NA,NA,NA,NA,NA,NA,NA,0,NA,NA,NA,NA,NA,NA,NA
Amhara,Debre Tabor City,Debre Tabor Town,ET030210,123706.3516277116,123706.3516277116,2025-Wk16-27,NA,NA,NA,100,100,NA,NA,NA,NA,NA,NA,NA,NA,NA,NA,0,NA,NA,NA,NA,NA,NA,NA
Amhara,Debre Tabor City,Debre Tabor Town,ET030210,119442,119442,2025-Wk28-52,NA,NA,NA,100,100,NA,NA,NA,NA,NA,NA,NA,NA,NA,NA,0,NA,NA,NA,NA,NA,NA,NA
Amhara,Dessie City,Bati General Hospital,ET030418,NA,285584.6687295494,2025-Wk03-15,NA,NA,NA,92.3,100,NA,NA,NA,NA,NA,NA,NA,NA,NA,NA,0,NA,NA,NA,NA,NA,NA,NA
Amhara,Dessie City,Bati General Hospital,ET030418,NA,285584.6687295494,2025-Wk16-27,NA,NA,NA,100,100,NA,NA,NA,NA,NA,NA,NA,NA,NA,NA,0,NA,NA,NA,NA,NA,NA,NA
Amhara,Dessie City,Bati General Hospital,ET030418,0,0,2025-Wk28-52,NA,NA,NA,100,100,NA,NA,NA,NA,NA,NA,NA,NA,NA,NA,0,NA,NA,NA,NA,NA,NA,NA
Amhara,Dessie City,Boru Meda General Hospital,ET030418,NA,285584.6687295494,2025-Wk03-15,NA,NA,NA,92.3,100,NA,NA,NA,NA,NA,NA,NA,NA,NA,NA,0,NA,NA,NA,NA,NA,NA,NA
Amhara,Dessie City,Boru Meda General Hospital,ET030418,NA,285584.6687295494,2025-Wk16-27,NA,NA,NA,100,100,NA,NA,NA,NA,NA,NA,NA,NA,NA,NA,0,NA,NA,NA,NA,NA,NA,NA
Amhara,Dessie City,Boru Meda General Hospital,ET030418,0,0,2025-Wk28-52,NA,NA,NA,100,100,NA,NA,NA,NA,NA,NA,NA,NA,NA,NA,0,NA,NA,NA,NA,NA,NA,NA
Amhara,Dessie City,Dessie Specialized Hospital,ET030418,NA,285584.6687295494,2025-Wk03-15,NA,NA,NA,92.3,100,NA,NA,NA,NA,NA,NA,NA,NA,NA,NA,0,NA,NA,NA,NA,NA,NA,NA
Amhara,Dessie City,Dessie Specialized Hospital,ET030418,NA,285584.6687295494,2025-Wk16-27,NA,NA,NA,100,100,NA,NA,NA,NA,NA,NA,NA,NA,NA,NA,0,NA,NA,NA,NA,NA,NA,NA
Amhara,Dessie City,Dessie Specialized Hospital,ET030418,0,0,2025-Wk28-52,NA,NA,NA,100,100,NA,NA,NA,NA,NA,NA,NA,NA,NA,NA,0,NA,NA,NA,NA,NA,NA,NA
Amhara,Dessie City,Dessie Town,ET030418,308683.8635886748,308683.8635886748,2025-Wk03-15,NA,NA,NA,92.1,99.8,0,100,NA,NA,NA,NA,NA,NA,NA,NA,0,NA,NA,NA,NA,NA,NA,NA
Amhara,Dessie City,Dessie Town,ET030418,308683.8635886748,308683.8635886748,2025-Wk16-27,NA,NA,NA,96,96,NA,NA,NA,NA,NA,NA,NA,NA,NA,NA,0,NA,NA,NA,NA,NA,NA,NA
Amhara,Dessie City,Dessie Town,ET030418,0,0,2025-Wk28-52,NA,NA,NA,100,100,NA,NA,NA,NA,NA,NA,NA,NA,NA,NA,0,NA,NA,NA,NA,NA,NA,NA
Amhara,Dessie City,Ethio General Hospital,ET030418,NA,285584.6687295494,2025-Wk03-15,NA,NA,NA,92.3,100,NA,NA,NA,NA,NA,NA,NA,NA,NA,NA,0,NA,NA,NA,NA,NA,NA,NA
Amhara,Dessie City,Ethio General Hospital,ET030418,NA,285584.6687295494,2025-Wk16-27,NA,NA,NA,100,100,NA,NA,NA,NA,NA,NA,NA,NA,NA,NA,0,NA,NA,NA,NA,NA,NA,NA
Amhara,Dessie City,Ethio General Hospital,ET030418,0,0,2025-Wk28-52,NA,NA,NA,100,100,NA,NA,NA,NA,NA,NA,NA,NA,NA,NA,0,NA,NA,NA,NA,NA,NA,NA
Amhara,Dessie City,Selam General Hospital,ET030418,NA,285584.6687295494,2025-Wk03-15,NA,NA,NA,92.3,100,NA,NA,NA,NA,NA,NA,NA,NA,NA,NA,0,NA,NA,NA,NA,NA,NA,NA
Amhara,Dessie City,Selam General Hospital,ET030418,NA,285584.6687295494,2025-Wk16-27,NA,NA,NA,100,100,NA,NA,NA,NA,NA,NA,NA,NA,NA,NA,0,NA,NA,NA,NA,NA,NA,NA
Amhara,Dessie City,Selam General Hospital,ET030418,0,0,2025-Wk28-52,NA,NA,NA,100,100,NA,NA,NA,NA,NA,NA,NA,NA,NA,NA,0,NA,NA,NA,NA,NA,NA,NA
Amhara,Dessie City,W/ro Sihin General Hospital,ET030418,NA,285584.6687295494,2025-Wk03-15,NA,NA,NA,92.3,100,NA,NA,NA,NA,NA,NA,NA,NA,NA,NA,0,NA,NA,NA,NA,NA,NA,NA
Amhara,Dessie City,W/ro Sihin General Hospital,ET030418,NA,285584.6687295494,2025-Wk16-27,NA,NA,NA,100,100,NA,NA,NA,NA,NA,NA,NA,NA,NA,NA,0,NA,NA,NA,NA,NA,NA,NA
Amhara,Dessie City,W/ro Sihin General Hospital,ET030418,0,0,2025-Wk28-52,NA,NA,NA,100,100,NA,NA,NA,NA,NA,NA,NA,NA,NA,NA,0,NA,NA,NA,NA,NA,NA,NA
Amhara,East Gojjam,Aneded,ET030617,98666,98666,2025-Wk03-15,NA,NA,NA,96.2,96.2,NA,NA,NA,NA,NA,NA,NA,NA,NA,NA,0,NA,NA,NA,NA,NA,NA,NA
Amhara,East Gojjam,Aneded,ET030617,98666,98666,2025-Wk16-27,NA,NA,NA,98.3,98.3,NA,NA,NA,NA,NA,NA,NA,NA,NA,NA,0,NA,NA,NA,NA,NA,NA,NA
Amhara,East Gojjam,Aneded,ET030617,100427,100427,2025-Wk28-52,NA,NA,NA,100,100,NA,NA,NA,NA,NA,NA,NA,NA,NA,NA,0,NA,NA,NA,NA,NA,NA,NA
Amhara,East Gojjam,Awabel,ET030612,158891,158891,2025-Wk03-15,NA,NA,NA,82.3,82.3,0,NA,NA,NA,NA,NA,NA,NA,NA,NA,0,NA,NA,NA,NA,NA,NA,NA
Amhara,East Gojjam,Awabel,ET030612,158891,158891,2025-Wk16-27,NA,NA,NA,87.6,87.6,NA,NA,NA,NA,NA,NA,NA,NA,NA,NA,0,NA,NA,NA,NA,NA,NA,NA
Amhara,East Gojjam,Awabel,ET030612,163802,163802,2025-Wk28-52,NA,NA,NA,88.9,88.9,NA,NA,NA,NA,NA,NA,NA,NA,NA,NA,0,NA,NA,NA,NA,NA,NA,NA
Amhara,East Gojjam,Baso Liben,ET030611,177293,177293,2025-Wk03-15,NA,NA,NA,92.6,92.6,0,100,NA,NA,NA,NA,NA,NA,NA,NA,0,NA,NA,NA,NA,NA,NA,NA
Amhara,East Gojjam,Baso Liben,ET030611,177293,177293,2025-Wk16-27,NA,NA,NA,96.4,96.4,NA,NA,NA,NA,NA,NA,NA,NA,NA,NA,0,NA,NA,NA,NA,NA,NA,NA
Amhara,East Gojjam,Baso Liben,ET030611,185029,185029,2025-Wk28-52,NA,NA,NA,75,75,NA,NA,NA,NA,NA,NA,NA,NA,NA,NA,0,NA,NA,NA,NA,NA,NA,NA
Amhara,East Gojjam,Bibugn,ET030601,101256,101256,2025-Wk03-15,NA,NA,NA,100,100,0,NA,NA,NA,NA,NA,NA,NA,NA,NA,0,NA,NA,NA,NA,NA,NA,NA
Amhara,East Gojjam,Bibugn,ET030601,101256,101256,2025-Wk16-27,NA,NA,NA,100,100,NA,NA,NA,NA,NA,NA,NA,NA,NA,NA,0,NA,NA,NA,NA,NA,NA,NA
Amhara,East Gojjam,Bibugn,ET030601,104891,104891,2025-Wk28-52,NA,NA,NA,100,100,NA,NA,NA,NA,NA,NA,NA,NA,NA,NA,0,NA,NA,NA,NA,NA,NA,NA
Amhara,East Gojjam,Debay,ET030607,154095,154095,2025-Wk03-15,NA,NA,NA,99.1,99.1,NA,NA,NA,NA,NA,NA,NA,NA,NA,NA,0,NA,NA,NA,NA,NA,NA,NA
Amhara,East Gojjam,Debay,ET030607,154095,154095,2025-Wk16-27,NA,NA,NA,99.3,99.3,NA,NA,NA,NA,NA,NA,NA,NA,NA,NA,0,NA,NA,NA,NA,NA,NA,NA
Amhara,East Gojjam,Debay,ET030607,161362,161362,2025-Wk28-52,NA,NA,NA,100,100,NA,NA,NA,NA,NA,NA,NA,NA,NA,NA,0,NA,NA,NA,NA,NA,NA,NA
Amhara,East Gojjam,Debre Elias,ET030608,111467,111467,2025-Wk03-15,NA,NA,NA,88.3,88.3,0,NA,NA,NA,NA,NA,NA,NA,NA,NA,0,NA,NA,NA,NA,NA,NA,NA
Amhara,East Gojjam,Debre Elias,ET030608,111467,111467,2025-Wk16-27,NA,NA,NA,99.6,99.6,NA,NA,NA,NA,NA,NA,NA,NA,NA,NA,0,NA,NA,NA,NA,NA,NA,NA
Amhara,East Gojjam,Debre Elias,ET030608,114989,114989,2025-Wk28-52,NA,NA,NA,100,100,NA,NA,NA,NA,NA,NA,NA,NA,NA,NA,0,NA,NA,NA,NA,NA,NA,NA
Amhara,East Gojjam,Dejen,ET030613,134037,134037,2025-Wk03-15,NA,NA,NA,98.1,98.1,50,NA,NA,NA,NA,NA,NA,NA,NA,NA,0,NA,NA,NA,NA,NA,NA,NA
Amhara,East Gojjam,Dejen,ET030613,134037,134037,2025-Wk16-27,NA,NA,NA,99.4,99.4,NA,NA,NA,NA,NA,NA,NA,NA,NA,NA,0,NA,NA,NA,NA,NA,NA,NA
Amhara,East Gojjam,Dejen,ET030613,138368,138368,2025-Wk28-52,NA,NA,NA,100,100,NA,NA,NA,NA,NA,NA,NA,NA,NA,NA,0,NA,NA,NA,NA,NA,NA,NA
Amhara,East Gojjam,Enarj Enawga,ET030605,228155,228155,2025-Wk03-15,NA,NA,100,83,83,0,NA,NA,NA,NA,NA,NA,NA,NA,NA,0,NA,NA,NA,NA,NA,NA,NA
Amhara,East Gojjam,Enarj Enawga,ET030605,228155,228155,2025-Wk16-27,NA,NA,NA,81.8,81.8,NA,NA,NA,NA,NA,NA,NA,NA,NA,NA,0,NA,NA,NA,NA,NA,NA,NA
Amhara,East Gojjam,Enarj Enawga,ET030605,234499,234499,2025-Wk28-52,NA,NA,NA,83.8,83.8,NA,NA,NA,NA,NA,NA,NA,NA,NA,NA,0,NA,NA,NA,NA,NA,NA,NA
Amhara,East Gojjam,Enebisie Sar Midir,ET030604,177487,177487,2025-Wk03-15,NA,NA,NA,97.2,97.2,0,NA,NA,NA,NA,NA,NA,NA,NA,NA,0,NA,NA,NA,NA,NA,NA,NA
Amhara,East Gojjam,Enebisie Sar Midir,ET030604,177487,177487,2025-Wk16-27,NA,NA,NA,91.2,91.2,NA,NA,NA,NA,NA,NA,NA,NA,NA,NA,0,NA,NA,NA,NA,NA,NA,NA
Amhara,East Gojjam,Enebisie Sar Midir,ET030604,182587,182587,2025-Wk28-52,NA,NA,NA,100,100,NA,NA,NA,NA,NA,NA,NA,NA,NA,NA,0,NA,NA,NA,NA,NA,NA,NA
Amhara,East Gojjam,Enemay,ET030606,213980,213980,2025-Wk03-15,NA,NA,NA,97.6,97.6,0,NA,NA,NA,NA,NA,NA,NA,NA,NA,0,NA,NA,NA,NA,NA,NA,NA
Amhara,East Gojjam,Enemay,ET030606,213980,213980,2025-Wk16-27,NA,NA,NA,97,97,NA,NA,NA,NA,NA,NA,NA,NA,NA,NA,0,NA,NA,NA,NA,NA,NA,NA
Amhara,East Gojjam,Enemay,ET030606,221085,221085,2025-Wk28-52,NA,NA,NA,97.6,97.6,NA,NA,NA,NA,NA,NA,NA,NA,NA,NA,0,NA,NA,NA,NA,NA,NA,NA
Amhara,East Gojjam,Goncha,ET030603,217562,217562,2025-Wk03-15,NA,NA,NA,40.2,40.2,0,NA,NA,NA,NA,NA,NA,NA,NA,NA,0,NA,NA,NA,NA,NA,NA,NA
Amhara,East Gojjam,Goncha,ET030603,217562,217562,2025-Wk16-27,NA,NA,NA,50,50,NA,NA,NA,NA,NA,NA,NA,NA,NA,NA,0,NA,NA,NA,NA,NA,NA,NA
Amhara,East Gojjam,Goncha,ET030603,227663,227663,2025-Wk28-52,NA,NA,NA,64.7,64.7,NA,NA,NA,NA,NA,NA,NA,NA,NA,NA,0,NA,NA,NA,NA,NA,NA,NA
Amhara,East Gojjam,Gozamen,ET030610,144747,144747,2025-Wk03-15,NA,NA,NA,95.7,95.7,NA,NA,NA,NA,NA,NA,NA,NA,NA,NA,0,NA,NA,NA,NA,NA,NA,NA
Amhara,East Gojjam,Gozamen,ET030610,144747,144747,2025-Wk16-27,NA,NA,NA,98.7,98.7,NA,NA,NA,NA,NA,NA,NA,NA,NA,NA,0,NA,NA,NA,NA,NA,NA,NA
Amhara,East Gojjam,Gozamen,ET030610,147467,147467,2025-Wk28-52,NA,NA,NA,100,100,NA,NA,NA,NA,NA,NA,NA,NA,NA,NA,0,NA,NA,NA,NA,NA,NA,NA
Amhara,East Gojjam,Hulet Eju Enese,ET030602,162829,162829,2025-Wk03-15,NA,NA,NA,99.5,99.5,NA,NA,NA,NA,NA,NA,NA,NA,NA,NA,0,NA,NA,NA,NA,NA,NA,NA
Amhara,East Gojjam,Hulet Eju Enese,ET030602,162829,162829,2025-Wk16-27,NA,NA,NA,99.7,99.7,NA,NA,NA,NA,NA,NA,NA,NA,NA,NA,0,NA,NA,NA,NA,NA,NA,NA
Amhara,East Gojjam,Hulet Eju Enese,ET030602,155382,155382,2025-Wk28-52,NA,NA,NA,100,100,NA,NA,NA,NA,NA,NA,NA,NA,NA,NA,0,NA,NA,NA,NA,NA,NA,NA
Amhara,East Gojjam,Machakel,ET030609,150302,150302,2025-Wk03-15,NA,NA,NA,92.5,92.5,NA,NA,NA,NA,NA,NA,NA,NA,NA,NA,0,NA,NA,NA,NA,NA,NA,NA
Amhara,East Gojjam,Machakel,ET030609,150302,150302,2025-Wk16-27,NA,NA,NA,94.3,94.3,NA,NA,NA,NA,NA,NA,NA,NA,NA,NA,0,NA,NA,NA,NA,NA,NA,NA
Amhara,East Gojjam,Machakel,ET030609,156026,156026,2025-Wk28-52,NA,NA,NA,96.9,96.9,NA,NA,NA,NA,NA,NA,NA,NA,NA,NA,0,NA,NA,NA,NA,NA,NA,NA
Amhara,East Gojjam,Motta Town,ET030694,62557,62557,2025-Wk03-15,NA,NA,NA,62.9,62.9,NA,100,NA,NA,NA,NA,NA,NA,NA,NA,0,NA,NA,NA,NA,NA,NA,NA
Amhara,East Gojjam,Motta Town,ET030694,62557,62557,2025-Wk16-27,NA,NA,NA,57.6,72,NA,NA,NA,NA,NA,NA,NA,NA,NA,NA,0,NA,NA,NA,NA,NA,NA,NA
Amhara,East Gojjam,Motta Town,ET030694,66268,66268,2025-Wk28-52,NA,NA,NA,80,80,NA,NA,NA,NA,NA,NA,NA,NA,NA,NA,0,NA,NA,NA,NA,NA,NA,NA
Amhara,East Gojjam,Sedie,ET030619,111189,111189,2025-Wk03-15,NA,NA,NA,93.7,93.7,NA,NA,NA,NA,NA,NA,NA,NA,NA,NA,0,NA,NA,NA,NA,NA,NA,NA
Amhara,East Gojjam,Sedie,ET030619,111189,111189,2025-Wk16-27,NA,NA,NA,94.6,94.6,NA,NA,NA,NA,NA,NA,NA,NA,NA,NA,0,NA,NA,NA,NA,NA,NA,NA
Amhara,East Gojjam,Sedie,ET030619,116459,116459,2025-Wk28-52,NA,NA,NA,94.1,94.1,NA,NA,NA,NA,NA,NA,NA,NA,NA,NA,0,NA,NA,NA,NA,NA,NA,NA
Amhara,East Gojjam,Shebel Berenta,ET030614,139862,139862,2025-Wk03-15,NA,NA,NA,97.4,97.4,NA,NA,NA,NA,NA,NA,NA,NA,NA,NA,0,NA,NA,NA,NA,NA,NA,NA
Amhara,East Gojjam,Shebel Berenta,ET030614,139862,139862,2025-Wk16-27,NA,NA,NA,100,100,NA,NA,NA,NA,NA,NA,NA,NA,NA,NA,0,NA,NA,NA,NA,NA,NA,NA
Amhara,East Gojjam,Shebel Berenta,ET030614,145597,145597,2025-Wk28-52,NA,NA,NA,100,100,NA,NA,NA,NA,NA,NA,NA,NA,NA,NA,0,NA,NA,NA,NA,NA,NA,NA
Amhara,East Gojjam,Shegaw Motta General Hospital,ET030694,NA,54621.28420642055,2025-Wk03-15,NA,NA,NA,100,100,NA,NA,NA,NA,NA,NA,NA,NA,NA,NA,0,NA,NA,NA,NA,NA,NA,NA
Amhara,East Gojjam,Shegaw Motta General Hospital,ET030694,NA,54621.28420642055,2025-Wk16-27,NA,NA,NA,100,100,NA,NA,NA,NA,NA,NA,NA,NA,NA,NA,0,NA,NA,NA,NA,NA,NA,NA
Amhara,East Gojjam,Shegaw Motta General Hospital,ET030694,0,0,2025-Wk28-52,NA,NA,NA,100,100,NA,NA,NA,NA,NA,NA,NA,NA,NA,NA,0,NA,NA,NA,NA,NA,NA,NA
Amhara,East Gojjam,Sinan,ET030616,126410,126410,2025-Wk03-15,NA,NA,NA,100,100,NA,NA,NA,NA,NA,NA,NA,NA,NA,NA,0,NA,NA,NA,NA,NA,NA,NA
Amhara,East Gojjam,Sinan,ET030616,126410,126410,2025-Wk16-27,NA,NA,NA,100,100,NA,NA,NA,NA,NA,NA,NA,NA,NA,NA,0,NA,NA,NA,NA,NA,NA,NA
Amhara,East Gojjam,Sinan,ET030616,131298,131298,2025-Wk28-52,NA,NA,NA,100,100,NA,NA,NA,NA,NA,NA,NA,NA,NA,NA,0,NA,NA,NA,NA,NA,NA,NA
Amhara,Gondar City,Ayra General Hospital,ET031118,NA,451609.46035708336,2025-Wk03-15,NA,NA,NA,84.6,100,400,NA,NA,NA,NA,NA,NA,NA,NA,NA,0,NA,NA,NA,NA,NA,NA,NA
Amhara,Gondar City,Ayra General Hospital,ET031118,NA,451609.46035708336,2025-Wk16-27,NA,NA,NA,100,100,NA,NA,NA,NA,NA,NA,NA,NA,NA,NA,0,NA,NA,NA,NA,NA,NA,NA
Amhara,Gondar City,Ayra General Hospital,ET031118,0,0,2025-Wk28-52,NA,NA,NA,100,100,NA,NA,NA,NA,NA,NA,NA,NA,NA,NA,0,NA,NA,NA,NA,NA,NA,NA
Amhara,Gondar City,Gondar Town,ET031118,496470.6499498833,496470.6499498833,2025-Wk03-15,NA,NA,100,91.4,99.3,0,NA,NA,NA,NA,NA,NA,NA,NA,NA,0,NA,NA,NA,NA,NA,NA,NA
Amhara,Gondar City,Gondar Town,ET031118,496470.6499498833,496470.6499498833,2025-Wk16-27,NA,NA,NA,98.6,98.6,NA,NA,NA,NA,NA,NA,NA,NA,NA,NA,0,NA,NA,NA,NA,NA,NA,NA
Amhara,Gondar City,Gondar Town,ET031118,459357,459357,2025-Wk28-52,NA,NA,NA,97.7,97.7,NA,NA,NA,NA,NA,NA,NA,NA,NA,NA,0,NA,NA,NA,NA,NA,NA,NA
Amhara,Gondar City,Gondar University Specialized Hospital,ET031118,NA,451609.46035708336,2025-Wk03-15,NA,NA,NA,84.6,92.3,0,NA,NA,NA,NA,NA,NA,NA,NA,NA,0,NA,NA,NA,NA,NA,NA,NA
Amhara,Gondar City,Gondar University Specialized Hospital,ET031118,NA,451609.46035708336,2025-Wk16-27,NA,NA,NA,8.3,100,NA,NA,NA,NA,NA,NA,NA,NA,NA,NA,0,NA,NA,NA,NA,NA,NA,NA
Amhara,Gondar City,Gondar University Specialized Hospital,ET031118,0,0,2025-Wk28-52,NA,NA,NA,0,0,NA,NA,NA,NA,NA,NA,NA,NA,NA,NA,0,NA,NA,NA,NA,NA,NA,NA
Amhara,Gondar City,Nour General Hospital,ET031118,NA,451609.46035708336,2025-Wk03-15,NA,NA,NA,76.9,84.6,NA,NA,NA,NA,NA,NA,NA,NA,NA,NA,0,NA,NA,NA,NA,NA,NA,NA
Amhara,Gondar City,Nour General Hospital,ET031118,NA,451609.46035708336,2025-Wk16-27,NA,NA,NA,91.7,100,NA,NA,NA,NA,NA,NA,NA,NA,NA,NA,0,NA,NA,NA,NA,NA,NA,NA
Amhara,Gondar City,Nour General Hospital,ET031118,0,0,2025-Wk28-52,NA,NA,NA,100,100,NA,NA,NA,NA,NA,NA,NA,NA,NA,NA,0,NA,NA,NA,NA,NA,NA,NA
Amhara,Kombolcha City,Kombolcha General Hospital,ET030417,NA,169835.53276335454,2025-Wk03-15,NA,NA,NA,100,100,NA,NA,NA,NA,NA,NA,NA,NA,NA,NA,0,NA,NA,NA,NA,NA,NA,NA
Amhara,Kombolcha City,Kombolcha General Hospital,ET030417,NA,169835.53276335454,2025-Wk16-27,NA,NA,NA,100,100,NA,NA,NA,NA,NA,NA,NA,NA,NA,NA,0,NA,NA,NA,NA,NA,NA,NA
Amhara,Kombolcha City,Kombolcha General Hospital,ET030417,0,0,2025-Wk28-52,NA,NA,NA,100,100,NA,NA,NA,NA,NA,NA,NA,NA,NA,NA,0,NA,NA,NA,NA,NA,NA,NA
Amhara,Kombolcha City,Kombolcha Town,ET030417,182322.0566926837,182322.0566926837,2025-Wk03-15,NA,NA,NA,97.9,97.9,NA,100,NA,NA,NA,NA,NA,NA,NA,NA,0,NA,NA,NA,NA,NA,NA,NA
Amhara,Kombolcha City,Kombolcha Town,ET030417,182322.0566926837,182322.0566926837,2025-Wk16-27,NA,NA,NA,95,95,NA,NA,NA,NA,NA,NA,NA,NA,NA,NA,0,NA,NA,NA,NA,NA,NA,NA
Amhara,Kombolcha City,Kombolcha Town,ET030417,192346,192346,2025-Wk28-52,NA,NA,NA,97.7,97.7,NA,NA,NA,NA,NA,NA,NA,NA,NA,NA,0,NA,NA,NA,NA,NA,NA,NA
Amhara,North Gojjam,Bahir Dar Zuria,ET030702,237691,237691,2025-Wk03-15,NA,NA,100,86.7,94.4,34.4,12.5,NA,NA,NA,NA,NA,NA,NA,NA,0,NA,NA,NA,NA,NA,NA,NA
Amhara,North Gojjam,Bahir Dar Zuria,ET030702,237691,237691,2025-Wk16-27,NA,NA,NA,72.8,97.2,NA,NA,NA,NA,NA,NA,NA,NA,NA,NA,0,NA,NA,NA,NA,NA,NA,NA
Amhara,North Gojjam,Bahir Dar Zuria,ET030702,244398.01469581484,244398.01469581484,2025-Wk28-52,NA,NA,NA,88.4,88.4,NA,NA,NA,NA,NA,NA,NA,NA,NA,NA,0,NA,NA,NA,NA,NA,NA,NA
Amhara,North Gojjam,Gonji Kolela,ET030718,135044,135044,2025-Wk03-15,NA,NA,NA,88.3,95.8,NA,NA,NA,NA,NA,NA,NA,NA,NA,NA,0,NA,NA,NA,NA,NA,NA,NA
Amhara,North Gojjam,Gonji Kolela,ET030718,135044,135044,2025-Wk16-27,NA,NA,NA,70.2,93.4,NA,NA,NA,NA,NA,NA,NA,NA,NA,NA,0,NA,NA,NA,NA,NA,NA,NA
Amhara,North Gojjam,Gonji Kolela,ET030718,138853,138853,2025-Wk28-52,NA,NA,NA,88.6,88.6,NA,NA,NA,NA,NA,NA,NA,NA,NA,NA,0,NA,NA,NA,NA,NA,NA,NA
Amhara,North Gojjam,North Achefer,ET030701,271635,271635,2025-Wk03-15,NA,NA,NA,92,99.7,NA,NA,NA,NA,NA,NA,NA,NA,NA,NA,0,NA,NA,NA,NA,NA,NA,NA
Amhara,North Gojjam,North Achefer,ET030701,271635,271635,2025-Wk16-27,NA,NA,NA,75,100,NA,NA,NA,NA,NA,NA,NA,NA,NA,NA,0,NA,NA,NA,NA,NA,NA,NA
Amhara,North Gojjam,North Achefer,ET030701,279302.4484995882,279302.4484995882,2025-Wk28-52,NA,NA,NA,100,100,NA,NA,NA,NA,NA,NA,NA,NA,NA,NA,0,NA,NA,NA,NA,NA,NA,NA
Amhara,North Gojjam,North Mecha,ET030704,327841,327841,2025-Wk03-15,NA,NA,NA,86,93.4,NA,NA,NA,NA,NA,NA,NA,NA,NA,NA,0,NA,NA,NA,NA,NA,NA,NA
Amhara,North Gojjam,North Mecha,ET030704,327841,327841,2025-Wk16-27,NA,NA,NA,72.3,97.2,NA,NA,NA,NA,NA,NA,NA,NA,NA,NA,0,NA,NA,NA,NA,NA,NA,NA
Amhara,North Gojjam,North Mecha,ET030704,337093.14448316,337093.14448316,2025-Wk28-52,NA,NA,NA,93.9,93.9,NA,NA,NA,NA,NA,NA,NA,NA,NA,NA,0,NA,NA,NA,NA,NA,NA,NA
Amhara,North Gojjam,South Achefer,ET030713,175298,175298,2025-Wk03-15,NA,NA,NA,88.9,96,NA,NA,NA,NA,NA,NA,NA,NA,NA,NA,0,NA,NA,NA,NA,NA,NA,NA
Amhara,North Gojjam,South Achefer,ET030713,175298,175298,2025-Wk16-27,NA,NA,NA,71.6,96.3,NA,NA,NA,NA,NA,NA,NA,NA,NA,NA,0,NA,NA,NA,NA,NA,NA,NA
Amhara,North Gojjam,South Achefer,ET030713,180246,180246,2025-Wk28-52,NA,NA,NA,100,100,NA,NA,NA,NA,NA,NA,NA,NA,NA,NA,0,NA,NA,NA,NA,NA,NA,NA
Amhara,North Gojjam,South Mecha,ET030715,91655,91655,2025-Wk03-15,NA,NA,NA,80,86.7,NA,NA,NA,NA,NA,NA,NA,NA,NA,NA,0,NA,NA,NA,NA,NA,NA,NA
Amhara,North Gojjam,South Mecha,ET030715,91655,91655,2025-Wk16-27,NA,NA,NA,66.1,87.2,NA,NA,NA,NA,NA,NA,NA,NA,NA,NA,0,NA,NA,NA,NA,NA,NA,NA
Amhara,North Gojjam,South Mecha,ET030715,94244,94244,2025-Wk28-52,NA,NA,NA,73.3,73.3,NA,NA,NA,NA,NA,NA,NA,NA,NA,NA,0,NA,NA,NA,NA,NA,NA,NA
Amhara,North Gojjam,Yilmana Densa,ET030703,300720,300720,2025-Wk03-15,NA,NA,100,92.1,99.8,NA,NA,NA,NA,NA,NA,NA,NA,NA,NA,0,NA,NA,NA,NA,NA,NA,NA
Amhara,North Gojjam,Yilmana Densa,ET030703,300720,300720,2025-Wk16-27,NA,NA,NA,72.6,96.4,NA,NA,NA,NA,NA,NA,NA,NA,NA,NA,0,NA,NA,NA,NA,NA,NA,NA
Amhara,North Gojjam,Yilmana Densa,ET030703,309205,309205,2025-Wk28-52,NA,NA,NA,90,90,NA,NA,NA,NA,NA,NA,NA,NA,NA,NA,0,NA,NA,NA,NA,NA,NA,NA
Amhara,North Gondar,Adi'Arkay,ET030101,127697,127697,2025-Wk03-15,NA,NA,NA,82.6,82.6,0,NA,NA,NA,NA,NA,NA,NA,NA,NA,0,NA,NA,NA,NA,NA,NA,NA
Amhara,North Gondar,Adi'Arkay,ET030101,127697,127697,2025-Wk16-27,NA,NA,NA,81.2,81.2,NA,NA,NA,NA,NA,NA,NA,NA,NA,NA,0,NA,NA,NA,NA,NA,NA,NA
Amhara,North Gondar,Adi'Arkay,ET030101,131296,131296,2025-Wk28-52,NA,NA,NA,78.3,78.3,NA,NA,NA,NA,NA,NA,NA,NA,NA,NA,0,NA,NA,NA,NA,NA,NA,NA
Amhara,North Gondar,Beyeda,ET030102,100890,100890,2025-Wk03-15,NA,NA,NA,91.9,91.9,NA,NA,NA,NA,NA,NA,NA,NA,NA,NA,0,NA,NA,NA,NA,NA,NA,NA
Amhara,North Gondar,Beyeda,ET030102,100890,100890,2025-Wk16-27,NA,NA,NA,87.3,87.3,NA,NA,NA,NA,NA,NA,NA,NA,NA,NA,0,NA,NA,NA,NA,NA,NA,NA
Amhara,North Gondar,Beyeda,ET030102,103729,103729,2025-Wk28-52,NA,NA,NA,100,100,NA,NA,NA,NA,NA,NA,NA,NA,NA,NA,0,NA,NA,NA,NA,NA,NA,NA
Amhara,North Gondar,Dabat,ET030105,197749,197749,2025-Wk03-15,NA,NA,NA,70.5,70.5,NA,NA,NA,NA,NA,NA,NA,NA,NA,NA,0,NA,NA,NA,NA,NA,NA,NA
Amhara,North Gondar,Dabat,ET030105,197749,197749,2025-Wk16-27,NA,NA,NA,83.6,83.6,NA,NA,NA,NA,NA,NA,NA,NA,NA,NA,0,NA,NA,NA,NA,NA,NA,NA
Amhara,North Gondar,Dabat,ET030105,203328,203328,2025-Wk28-52,NA,NA,NA,75.7,75.7,NA,NA,NA,NA,NA,NA,NA,NA,NA,NA,0,NA,NA,NA,NA,NA,NA,NA
Amhara,North Gondar,Debark General Hospital,ET030198,NA,34334.254168906016,2025-Wk03-15,NA,NA,NA,100,100,100,NA,NA,NA,NA,NA,NA,NA,NA,NA,0,NA,NA,NA,NA,NA,NA,NA
Amhara,North Gondar,Debark General Hospital,ET030198,NA,34334.254168906016,2025-Wk16-27,NA,NA,NA,100,100,NA,NA,NA,NA,NA,NA,NA,NA,NA,NA,0,NA,NA,NA,NA,NA,NA,NA
Amhara,North Gondar,Debark General Hospital,ET030198,0,0,2025-Wk28-52,NA,NA,NA,100,100,NA,NA,NA,NA,NA,NA,NA,NA,NA,NA,0,NA,NA,NA,NA,NA,NA,NA
Amhara,North Gondar,Debark Town,ET030198,60796.14771064854,60796.14771064854,2025-Wk03-15,NA,NA,100,97.4,97.4,NA,100,NA,NA,NA,NA,NA,NA,NA,NA,0,NA,NA,NA,NA,NA,NA,NA
Amhara,North Gondar,Debark Town,ET030198,60796.14771064854,60796.14771064854,2025-Wk16-27,NA,NA,NA,93.8,93.8,NA,NA,NA,NA,NA,NA,NA,NA,NA,NA,0,NA,NA,NA,NA,NA,NA,NA
Amhara,North Gondar,Debark Town,ET030198,62512,62512,2025-Wk28-52,NA,NA,NA,100,100,NA,NA,NA,NA,NA,NA,NA,NA,NA,NA,0,NA,NA,NA,NA,NA,NA,NA
Amhara,North Gondar,Debark Zuria,ET030104,142914,142914,2025-Wk03-15,NA,NA,NA,61.3,61.3,NA,NA,NA,NA,NA,NA,NA,NA,NA,NA,0,NA,NA,NA,NA,NA,NA,NA
Amhara,North Gondar,Debark Zuria,ET030104,142914,142914,2025-Wk16-27,NA,NA,NA,63.2,63.2,NA,NA,NA,NA,NA,NA,NA,NA,NA,NA,0,NA,NA,NA,NA,NA,NA,NA
Amhara,North Gondar,Debark Zuria,ET030104,146948,146948,2025-Wk28-52,NA,NA,NA,63.3,63.3,NA,NA,NA,NA,NA,NA,NA,NA,NA,NA,0,NA,NA,NA,NA,NA,NA,NA
Amhara,North Gondar,East Telemt,ET010106,94114.58777021286,94114.58777021286,2025-Wk03-15,NA,NA,NA,48.5,48.5,0,NA,NA,NA,NA,NA,NA,NA,NA,NA,0,NA,NA,NA,NA,NA,NA,NA
Amhara,North Gondar,East Telemt,ET010106,94114.58777021286,94114.58777021286,2025-Wk16-27,NA,NA,NA,75.8,75.8,NA,NA,NA,NA,NA,NA,NA,NA,NA,NA,0,NA,NA,NA,NA,NA,NA,NA
Amhara,North Gondar,East Telemt,ET010106,238138,238138,2025-Wk28-52,NA,NA,NA,50,50,NA,NA,NA,NA,NA,NA,NA,NA,NA,NA,0,NA,NA,NA,NA,NA,NA,NA
Amhara,North Gondar,Janamora,ET030103,214315,214315,2025-Wk03-15,NA,NA,NA,96.6,96.6,NA,NA,NA,NA,NA,NA,NA,NA,NA,NA,0,NA,NA,NA,NA,NA,NA,NA
Amhara,North Gondar,Janamora,ET030103,214315,214315,2025-Wk16-27,NA,NA,NA,97.4,97.4,NA,NA,NA,NA,NA,NA,NA,NA,NA,NA,0,NA,NA,NA,NA,NA,NA,NA
Amhara,North Gondar,Janamora,ET030103,220262,220262,2025-Wk28-52,NA,NA,NA,100,100,NA,NA,NA,NA,NA,NA,NA,NA,NA,NA,0,NA,NA,NA,NA,NA,NA,NA
Amhara,North Gondar,Mytsebry Town,ET010116,21906,21906,2025-Wk03-15,NA,NA,NA,98.9,98.9,NA,NA,NA,NA,NA,NA,NA,NA,NA,NA,0,NA,NA,NA,NA,NA,NA,NA
Amhara,North Gondar,Mytsebry Town,ET010116,21906,21906,2025-Wk16-27,NA,NA,NA,100,100,NA,NA,NA,NA,NA,NA,NA,NA,NA,NA,0,NA,NA,NA,NA,NA,NA,NA
Amhara,North Gondar,Mytsebry Town,ET010116,22268,22268,2025-Wk28-52,NA,NA,NA,100,100,NA,NA,NA,NA,NA,NA,NA,NA,NA,NA,0,NA,NA,NA,NA,NA,NA,NA
Amhara,North Gondar,Telemt,ET030119,105865,105865,2025-Wk03-15,NA,NA,NA,86.4,86.4,NA,NA,NA,NA,NA,NA,NA,NA,NA,NA,0,NA,NA,NA,NA,NA,NA,NA
Amhara,North Gondar,Telemt,ET030119,105865,105865,2025-Wk16-27,NA,NA,NA,87.2,87.2,NA,NA,NA,NA,NA,NA,NA,NA,NA,NA,0,NA,NA,NA,NA,NA,NA,NA
Amhara,North Gondar,Telemt,ET030119,108853,108853,2025-Wk28-52,NA,NA,NA,76.9,76.9,NA,NA,NA,NA,NA,NA,NA,NA,NA,NA,0,NA,NA,NA,NA,NA,NA,NA
Amhara,North Gondar,West Telemt,ET010106,81498.26520701064,81498.26520701064,2025-Wk03-15,NA,NA,NA,78.5,78.5,NA,NA,NA,NA,NA,NA,NA,NA,NA,NA,0,NA,NA,NA,NA,NA,NA,NA
Amhara,North Gondar,West Telemt,ET010106,81498.26520701064,81498.26520701064,2025-Wk16-27,NA,NA,NA,80,80,NA,NA,NA,NA,NA,NA,NA,NA,NA,NA,0,NA,NA,NA,NA,NA,NA,NA
Amhara,North Gondar,West Telemt,ET010106,81836,81836,2025-Wk28-52,NA,NA,NA,80,80,NA,NA,NA,NA,NA,NA,NA,NA,NA,NA,0,NA,NA,NA,NA,NA,NA,NA
Amhara,North Shewa,Angolela,ET030513,75911.81828938414,75911.81828938414,2025-Wk03-15,NA,NA,NA,100,100,0,NA,NA,NA,NA,NA,NA,NA,NA,NA,0,NA,NA,NA,NA,NA,NA,NA
Amhara,North Shewa,Angolela,ET030513,75911.81828938414,75911.81828938414,2025-Wk16-27,NA,NA,NA,100,100,NA,NA,NA,NA,NA,NA,NA,NA,NA,NA,0,NA,NA,NA,NA,NA,NA,NA
Amhara,North Shewa,Angolela,ET030513,77699,77699,2025-Wk28-52,NA,NA,NA,100,100,NA,NA,NA,NA,NA,NA,NA,NA,NA,NA,0,NA,NA,NA,NA,NA,NA,NA
Amhara,North Shewa,Ankober,ET030515,97780.64699012038,97780.64699012038,2025-Wk03-15,NA,NA,NA,95.6,95.6,NA,NA,NA,NA,NA,NA,NA,NA,NA,NA,0,NA,NA,NA,NA,NA,NA,NA
Amhara,North Shewa,Ankober,ET030515,97780.64699012038,97780.64699012038,2025-Wk16-27,NA,NA,NA,96.4,96.4,NA,NA,NA,NA,NA,NA,NA,NA,NA,NA,0,NA,NA,NA,NA,NA,NA,NA
Amhara,North Shewa,Ankober,ET030515,102000.89409531424,102000.89409531424,2025-Wk28-52,NA,NA,NA,100,100,NA,NA,NA,NA,NA,NA,NA,NA,NA,NA,0,NA,NA,NA,NA,NA,NA,NA
Amhara,North Shewa,Antsokia,ET030507,68713.49302856615,68713.49302856615,2025-Wk03-15,NA,NA,NA,94.7,94.7,NA,100,NA,NA,NA,NA,NA,NA,NA,NA,0,NA,NA,NA,NA,NA,NA,NA
Amhara,North Shewa,Antsokia,ET030507,68713.49302856615,68713.49302856615,2025-Wk16-27,NA,NA,NA,95.2,95.2,NA,NA,NA,NA,NA,NA,NA,NA,NA,NA,0,NA,NA,NA,NA,NA,NA,NA
Amhara,North Shewa,Antsokia,ET030507,69176,69176,2025-Wk28-52,NA,NA,NA,100,100,NA,NA,NA,NA,NA,NA,NA,NA,NA,NA,0,NA,NA,NA,NA,NA,NA,NA
Amhara,North Shewa,Asagirt,ET030514,58778.11892159672,58778.11892159672,2025-Wk03-15,NA,NA,NA,99.5,99.5,NA,NA,NA,NA,NA,NA,NA,NA,NA,NA,0,NA,NA,NA,NA,NA,NA,NA
Amhara,North Shewa,Asagirt,ET030514,58778.11892159672,58778.11892159672,2025-Wk16-27,NA,NA,NA,100,100,NA,NA,NA,NA,NA,NA,NA,NA,NA,NA,0,NA,NA,NA,NA,NA,NA,NA
Amhara,North Shewa,Asagirt,ET030514,60581,60581,2025-Wk28-52,NA,NA,NA,100,100,NA,NA,NA,NA,NA,NA,NA,NA,NA,NA,0,NA,NA,NA,NA,NA,NA,NA
Amhara,North Shewa,Baso Worana,ET030519,101121.20814323626,101121.20814323626,2025-Wk03-15,NA,NA,NA,100,100,NA,NA,NA,NA,NA,NA,NA,NA,NA,NA,0,NA,NA,NA,NA,NA,NA,NA
Amhara,North Shewa,Baso Worana,ET030519,101121.20814323626,101121.20814323626,2025-Wk16-27,NA,NA,NA,100,100,NA,NA,NA,NA,NA,NA,NA,NA,NA,NA,0,NA,NA,NA,NA,NA,NA,NA
Amhara,North Shewa,Baso Worana,ET030519,88607,88607,2025-Wk28-52,NA,NA,NA,100,100,NA,NA,NA,NA,NA,NA,NA,NA,NA,NA,0,NA,NA,NA,NA,NA,NA,NA
Amhara,North Shewa,Berehet,ET030517,46702.34706307092,46702.34706307092,2025-Wk03-15,NA,NA,NA,98.8,98.8,NA,NA,NA,NA,NA,NA,NA,NA,NA,NA,0,NA,NA,NA,NA,NA,NA,NA
Amhara,North Shewa,Berehet,ET030517,46702.34706307092,46702.34706307092,2025-Wk16-27,NA,NA,NA,98.1,98.1,NA,NA,NA,NA,NA,NA,NA,NA,NA,NA,0,NA,NA,NA,NA,NA,NA,NA
Amhara,North Shewa,Berehet,ET030517,47988,47988,2025-Wk28-52,NA,NA,NA,100,100,NA,NA,NA,NA,NA,NA,NA,NA,NA,NA,0,NA,NA,NA,NA,NA,NA,NA
Amhara,North Shewa,Efrata Gidim,ET030508,190669.32688747943,190669.32688747943,2025-Wk03-15,NA,NA,NA,90,90,NA,NA,NA,NA,NA,NA,NA,NA,NA,NA,0,NA,NA,NA,NA,NA,NA,NA
Amhara,North Shewa,Efrata Gidim,ET030508,190669.32688747943,190669.32688747943,2025-Wk16-27,NA,NA,NA,94.4,94.4,NA,NA,NA,NA,NA,NA,NA,NA,NA,NA,0,NA,NA,NA,NA,NA,NA,NA
Amhara,North Shewa,Efrata Gidim,ET030508,194513,194513,2025-Wk28-52,NA,NA,NA,89.2,89.2,NA,NA,NA,NA,NA,NA,NA,NA,NA,NA,0,NA,NA,NA,NA,NA,NA,NA
Amhara,North Shewa,Enat General Hospital,ET030502,NA,158559.80974500751,2025-Wk03-15,NA,NA,NA,100,100,NA,NA,NA,NA,NA,NA,NA,NA,NA,NA,0,NA,NA,NA,NA,NA,NA,NA
Amhara,North Shewa,Enat General Hospital,ET030502,NA,158559.80974500751,2025-Wk16-27,NA,NA,NA,100,100,NA,NA,NA,NA,NA,NA,NA,NA,NA,NA,0,NA,NA,NA,NA,NA,NA,NA
Amhara,North Shewa,Enat General Hospital,ET030502,0,0,2025-Wk28-52,NA,NA,NA,100,100,NA,NA,NA,NA,NA,NA,NA,NA,NA,NA,0,NA,NA,NA,NA,NA,NA,NA
Amhara,North Shewa,Ensaro,ET030503,77038.71616943201,77038.71616943201,2025-Wk03-15,NA,NA,NA,100,100,NA,NA,NA,NA,NA,NA,NA,NA,NA,NA,0,NA,NA,NA,NA,NA,NA,NA
Amhara,North Shewa,Ensaro,ET030503,77038.71616943201,77038.71616943201,2025-Wk16-27,NA,NA,NA,100,100,NA,NA,NA,NA,NA,NA,NA,NA,NA,NA,0,NA,NA,NA,NA,NA,NA,NA
Amhara,North Shewa,Ensaro,ET030503,80627,80627,2025-Wk28-52,NA,NA,NA,94.1,94.1,NA,NA,NA,NA,NA,NA,NA,NA,NA,NA,0,NA,NA,NA,NA,NA,NA,NA
Amhara,North Shewa,Gishe,ET030506,76453.82747591673,76453.82747591673,2025-Wk03-15,NA,NA,NA,99.4,99.4,NA,NA,NA,NA,NA,NA,NA,NA,NA,NA,0,NA,NA,NA,NA,NA,NA,NA
Amhara,North Shewa,Gishe,ET030506,76453.82747591673,76453.82747591673,2025-Wk16-27,NA,NA,NA,100,100,NA,NA,NA,NA,NA,NA,NA,NA,NA,NA,0,NA,NA,NA,NA,NA,NA,NA
Amhara,North Shewa,Gishe,ET030506,79940,79940,2025-Wk28-52,NA,NA,NA,100,100,NA,NA,NA,NA,NA,NA,NA,NA,NA,NA,0,NA,NA,NA,NA,NA,NA,NA
Amhara,North Shewa,Hagere Mariam,ET030516,68922.78912058278,68922.78912058278,2025-Wk03-15,NA,NA,NA,100,100,NA,NA,NA,NA,NA,NA,NA,NA,NA,NA,0,NA,NA,NA,NA,NA,NA,NA
Amhara,North Shewa,Hagere Mariam,ET030516,68922.78912058278,68922.78912058278,2025-Wk16-27,NA,NA,NA,100,100,NA,NA,NA,NA,NA,NA,NA,NA,NA,NA,0,NA,NA,NA,NA,NA,NA,NA
Amhara,North Shewa,Hagere Mariam,ET030516,126205,126205,2025-Wk28-52,NA,NA,NA,100,100,NA,NA,NA,NA,NA,NA,NA,NA,NA,NA,0,NA,NA,NA,NA,NA,NA,NA
Amhara,North Shewa,Kewot,ET030512,94523.57151312266,94523.57151312266,2025-Wk03-15,NA,NA,NA,98.8,98.8,NA,NA,NA,NA,NA,NA,NA,NA,NA,NA,0,NA,NA,NA,NA,NA,NA,NA
Amhara,North Shewa,Kewot,ET030512,94523.57151312266,94523.57151312266,2025-Wk16-27,NA,NA,NA,99.1,99.1,NA,NA,NA,NA,NA,NA,NA,NA,NA,NA,0,NA,NA,NA,NA,NA,NA,NA
Amhara,North Shewa,Kewot,ET030512,95451,95451,2025-Wk28-52,NA,NA,NA,95,95,NA,NA,NA,NA,NA,NA,NA,NA,NA,NA,0,NA,NA,NA,NA,NA,NA,NA
Amhara,North Shewa,Mehal Meda General Hospital,ET030505,NA,133765.70418669446,2025-Wk03-15,NA,NA,NA,100,100,NA,NA,NA,NA,NA,NA,NA,NA,NA,NA,0,NA,NA,NA,NA,NA,NA,NA
Amhara,North Shewa,Mehal Meda General Hospital,ET030505,NA,133765.70418669446,2025-Wk16-27,NA,NA,NA,100,100,NA,NA,NA,NA,NA,NA,NA,NA,NA,NA,0,NA,NA,NA,NA,NA,NA,NA
Amhara,North Shewa,Mehal Meda General Hospital,ET030505,0,0,2025-Wk28-52,NA,NA,NA,100,100,NA,NA,NA,NA,NA,NA,NA,NA,NA,NA,0,NA,NA,NA,NA,NA,NA,NA
Amhara,North Shewa,Menz Giera,ET030505,134081.3549025913,134081.3549025913,2025-Wk03-15,NA,NA,NA,99.6,99.6,NA,NA,NA,NA,NA,NA,NA,NA,NA,NA,0,NA,NA,NA,NA,NA,NA,NA
Amhara,North Shewa,Menz Giera,ET030505,134081.3549025913,134081.3549025913,2025-Wk16-27,NA,NA,NA,97.9,97.9,NA,NA,NA,NA,NA,NA,NA,NA,NA,NA,0,NA,NA,NA,NA,NA,NA,NA
Amhara,North Shewa,Menz Giera,ET030505,135705,135705,2025-Wk28-52,NA,NA,NA,100,100,NA,NA,NA,NA,NA,NA,NA,NA,NA,NA,0,NA,NA,NA,NA,NA,NA,NA
Amhara,North Shewa,Menz Keya,ET030521,62204.72306084847,62204.72306084847,2025-Wk03-15,NA,NA,NA,100,100,NA,NA,NA,NA,NA,NA,NA,NA,NA,NA,0,NA,NA,NA,NA,NA,NA,NA
Amhara,North Shewa,Menz Keya,ET030521,62204.72306084847,62204.72306084847,2025-Wk16-27,NA,NA,NA,100,100,NA,NA,NA,NA,NA,NA,NA,NA,NA,NA,0,NA,NA,NA,NA,NA,NA,NA
Amhara,North Shewa,Menz Keya,ET030521,64097,64097,2025-Wk28-52,NA,NA,NA,92.9,92.9,NA,NA,NA,NA,NA,NA,NA,NA,NA,NA,0,NA,NA,NA,NA,NA,NA,NA
Amhara,North Shewa,Menz Lalo,ET030522,42514.1211139712,42514.1211139712,2025-Wk03-15,NA,NA,NA,92.3,100,NA,NA,NA,NA,NA,NA,NA,NA,NA,NA,0,NA,NA,NA,NA,NA,NA,NA
Amhara,North Shewa,Menz Lalo,ET030522,42514.1211139712,42514.1211139712,2025-Wk16-27,NA,NA,NA,100,100,NA,NA,NA,NA,NA,NA,NA,NA,NA,NA,0,NA,NA,NA,NA,NA,NA,NA
Amhara,North Shewa,Menz Lalo,ET030522,42835,42835,2025-Wk28-52,NA,NA,NA,100,100,NA,NA,NA,NA,NA,NA,NA,NA,NA,NA,0,NA,NA,NA,NA,NA,NA,NA
Amhara,North Shewa,Menz Mama,ET030509,109416.59664969127,109416.59664969127,2025-Wk03-15,NA,NA,NA,99.7,99.7,NA,100,NA,NA,NA,NA,NA,NA,NA,NA,0,NA,NA,NA,NA,NA,NA,NA
Amhara,North Shewa,Menz Mama,ET030509,109416.59664969127,109416.59664969127,2025-Wk16-27,NA,NA,NA,100,100,NA,NA,NA,NA,NA,NA,NA,NA,NA,NA,0,NA,NA,NA,NA,NA,NA,NA
Amhara,North Shewa,Menz Mama,ET030509,113354,113354,2025-Wk28-52,NA,NA,NA,100,100,NA,NA,NA,NA,NA,NA,NA,NA,NA,NA,0,NA,NA,NA,NA,NA,NA,NA
Amhara,North Shewa,Merhabete,ET030502,158538.4493544062,158538.4493544062,2025-Wk03-15,NA,NA,NA,100,100,NA,25,NA,NA,NA,NA,NA,NA,NA,NA,0,NA,NA,NA,NA,NA,NA,NA
Amhara,North Shewa,Merhabete,ET030502,158538.4493544062,158538.4493544062,2025-Wk16-27,NA,NA,NA,100,100,NA,NA,NA,NA,NA,NA,NA,NA,NA,NA,0,NA,NA,NA,NA,NA,NA,NA
Amhara,North Shewa,Merhabete,ET030502,163032,163032,2025-Wk28-52,NA,NA,NA,96.8,96.8,NA,NA,NA,NA,NA,NA,NA,NA,NA,NA,0,NA,NA,NA,NA,NA,NA,NA
Amhara,North Shewa,Mida Woremo,ET030501,119984.49054836246,119984.49054836246,2025-Wk03-15,NA,NA,NA,96.6,96.6,NA,NA,NA,NA,NA,NA,NA,NA,NA,NA,0,NA,NA,NA,NA,NA,NA,NA
Amhara,North Shewa,Mida Woremo,ET030501,119984.49054836246,119984.49054836246,2025-Wk16-27,NA,NA,NA,97.3,97.3,NA,NA,NA,NA,NA,NA,NA,NA,NA,NA,0,NA,NA,NA,NA,NA,NA,NA
Amhara,North Shewa,Mida Woremo,ET030501,124779,124779,2025-Wk28-52,NA,NA,NA,100,100,NA,NA,NA,NA,NA,NA,NA,NA,NA,NA,0,NA,NA,NA,NA,NA,NA,NA
Amhara,North Shewa,Minjar Shenkora,ET030518,178571.21691736527,178571.21691736527,2025-Wk03-15,NA,NA,NA,97.4,97.4,NA,NA,NA,NA,NA,NA,NA,NA,NA,NA,0,NA,NA,NA,NA,NA,NA,NA
Amhara,North Shewa,Minjar Shenkora,ET030518,178571.21691736527,178571.21691736527,2025-Wk16-27,NA,NA,NA,98.1,98.1,NA,NA,NA,NA,NA,NA,NA,NA,NA,NA,0,NA,NA,NA,NA,NA,NA,NA
Amhara,North Shewa,Minjar Shenkora,ET030518,182873,182873,2025-Wk28-52,NA,NA,NA,85,85,NA,NA,NA,NA,NA,NA,NA,NA,NA,NA,0,NA,NA,NA,NA,NA,NA,NA
Amhara,North Shewa,Mojana Wedera,ET030511,87536.38004100184,87536.38004100184,2025-Wk03-15,NA,NA,NA,100,100,NA,NA,NA,NA,NA,NA,NA,NA,NA,NA,0,NA,NA,NA,NA,NA,NA,NA
Amhara,North Shewa,Mojana Wedera,ET030511,87536.38004100184,87536.38004100184,2025-Wk16-27,NA,NA,NA,100,100,NA,NA,NA,NA,NA,NA,NA,NA,NA,NA,0,NA,NA,NA,NA,NA,NA,NA
Amhara,North Shewa,Mojana Wedera,ET030511,91098,91098,2025-Wk28-52,NA,NA,NA,100,100,NA,NA,NA,NA,NA,NA,NA,NA,NA,NA,0,NA,NA,NA,NA,NA,NA,NA
Amhara,North Shewa,Moretna Jiru,ET030504,119866.59738661064,119866.59738661064,2025-Wk03-15,NA,NA,NA,99.3,99.3,NA,NA,NA,NA,NA,NA,NA,NA,NA,NA,0,NA,NA,NA,NA,NA,NA,NA
Amhara,North Shewa,Moretna Jiru,ET030504,119866.59738661064,119866.59738661064,2025-Wk16-27,NA,NA,NA,96.8,96.8,NA,NA,NA,NA,NA,NA,NA,NA,NA,NA,0,NA,NA,NA,NA,NA,NA,NA
Amhara,North Shewa,Moretna Jiru,ET030504,124120,124120,2025-Wk28-52,NA,NA,NA,82.6,82.6,NA,NA,NA,NA,NA,NA,NA,NA,NA,NA,0,NA,NA,NA,NA,NA,NA,NA
Amhara,North Shewa,Shewa Robit Town,ET030595,66386.24223928562,66386.24223928562,2025-Wk03-15,NA,NA,NA,100,100,NA,NA,NA,NA,NA,NA,NA,NA,NA,NA,0,NA,NA,NA,NA,NA,NA,NA
Amhara,North Shewa,Shewa Robit Town,ET030595,66386.24223928562,66386.24223928562,2025-Wk16-27,NA,NA,NA,98,98,NA,NA,NA,NA,NA,NA,NA,NA,NA,NA,0,NA,NA,NA,NA,NA,NA,NA
Amhara,North Shewa,Shewa Robit Town,ET030595,68950,68950,2025-Wk28-52,NA,NA,NA,100,100,NA,NA,NA,NA,NA,NA,NA,NA,NA,NA,0,NA,NA,NA,NA,NA,NA,NA
Amhara,North Shewa,Siyadebrina Wayu,ET030523,77770.00781338436,77770.00781338436,2025-Wk03-15,NA,NA,NA,100,100,NA,NA,NA,NA,NA,NA,NA,NA,NA,NA,0,NA,NA,NA,NA,NA,NA,NA
Amhara,North Shewa,Siyadebrina Wayu,ET030523,77770.00781338436,77770.00781338436,2025-Wk16-27,NA,NA,NA,100,100,NA,NA,NA,NA,NA,NA,NA,NA,NA,NA,0,NA,NA,NA,NA,NA,NA,NA
Amhara,North Shewa,Siyadebrina Wayu,ET030523,132811,132811,2025-Wk28-52,NA,NA,NA,100,100,NA,NA,NA,NA,NA,NA,NA,NA,NA,NA,0,NA,NA,NA,NA,NA,NA,NA
Amhara,North Shewa,Tarmaber,ET030510,117719.41770074615,117719.41770074615,2025-Wk03-15,NA,NA,NA,100,100,NA,NA,NA,NA,NA,NA,NA,NA,NA,NA,0,NA,NA,NA,NA,NA,NA,NA
Amhara,North Shewa,Tarmaber,ET030510,117719.41770074615,117719.41770074615,2025-Wk16-27,NA,NA,NA,100,100,NA,NA,NA,NA,NA,NA,NA,NA,NA,NA,0,NA,NA,NA,NA,NA,NA,NA
Amhara,North Shewa,Tarmaber,ET030510,120649,120649,2025-Wk28-52,NA,NA,NA,100,100,NA,NA,NA,NA,NA,NA,NA,NA,NA,NA,0,NA,NA,NA,NA,NA,NA,NA
Amhara,North Wollo,Alamata General Hospital,ET010411,NA,74181.28227054767,2025-Wk03-15,NA,NA,NA,NA,NA,NA,NA,NA,NA,NA,NA,NA,NA,NA,NA,0,NA,NA,NA,NA,NA,NA,NA
Amhara,North Wollo,Alamata General Hospital,ET010411,NA,74181.28227054767,2025-Wk16-27,NA,NA,NA,NA,NA,NA,NA,NA,NA,NA,NA,NA,NA,NA,NA,0,NA,NA,NA,NA,NA,NA,NA
Amhara,North Wollo,Alamata General Hospital,ET010411,0,0,2025-Wk28-52,NA,NA,NA,NA,NA,NA,NA,NA,NA,NA,NA,NA,NA,NA,NA,0,NA,NA,NA,NA,NA,NA,NA
Amhara,North Wollo,Alamata town,ET010411,118551,118551,2025-Wk03-15,NA,NA,NA,NA,NA,NA,NA,NA,NA,NA,NA,NA,NA,NA,NA,0,NA,NA,NA,NA,NA,NA,NA
Amhara,North Wollo,Alamata town,ET010411,118551,118551,2025-Wk16-27,NA,NA,NA,NA,NA,NA,NA,NA,NA,NA,NA,NA,NA,NA,NA,0,NA,NA,NA,NA,NA,NA,NA
Amhara,North Wollo,Alamata town,ET010411,0,0,2025-Wk28-52,NA,NA,NA,NA,NA,NA,NA,NA,NA,NA,NA,NA,NA,NA,NA,0,NA,NA,NA,NA,NA,NA,NA
Amhara,North Wollo,Angot,ET030313,45539,45539,2025-Wk03-15,NA,NA,NA,99.5,99.5,NA,50,NA,NA,NA,NA,NA,NA,NA,NA,0,NA,NA,NA,NA,NA,NA,NA
Amhara,North Wollo,Angot,ET030313,45539,45539,2025-Wk16-27,NA,NA,NA,200,99.5,NA,NA,NA,NA,NA,NA,NA,NA,NA,NA,0,NA,NA,NA,NA,NA,NA,NA
Amhara,North Wollo,Angot,ET030313,46824,46824,2025-Wk28-52,NA,NA,NA,100,100,NA,NA,NA,NA,NA,NA,NA,NA,NA,NA,0,NA,NA,NA,NA,NA,NA,NA
Amhara,North Wollo,Bugna,ET030301,99339,99339,2025-Wk03-15,NA,NA,NA,97.3,97.3,0,100,NA,NA,NA,NA,NA,NA,NA,NA,0,NA,NA,NA,NA,NA,NA,NA
Amhara,North Wollo,Bugna,ET030301,99339,99339,2025-Wk16-27,NA,NA,NA,200,97.1,NA,NA,NA,NA,NA,NA,NA,NA,NA,NA,0,NA,NA,NA,NA,NA,NA,NA
Amhara,North Wollo,Bugna,ET030301,102758,102758,2025-Wk28-52,NA,NA,NA,100,100,NA,NA,NA,NA,NA,NA,NA,NA,NA,NA,0,NA,NA,NA,NA,NA,NA,NA
Amhara,North Wollo,Dawunt,ET030311,84429,84429,2025-Wk03-15,NA,NA,NA,100,100,NA,NA,NA,NA,NA,NA,NA,NA,NA,NA,0,NA,NA,NA,NA,NA,NA,NA
Amhara,North Wollo,Dawunt,ET030311,84429,84429,2025-Wk16-27,NA,NA,NA,200,99.1,NA,NA,NA,NA,NA,NA,NA,NA,NA,NA,0,NA,NA,NA,NA,NA,NA,NA
Amhara,North Wollo,Dawunt,ET030311,87408,87408,2025-Wk28-52,NA,NA,NA,100,100,NA,NA,NA,NA,NA,NA,NA,NA,NA,NA,0,NA,NA,NA,NA,NA,NA,NA
Amhara,North Wollo,Gazo,ET030312,84715,84715,2025-Wk03-15,NA,NA,NA,100,100,NA,NA,NA,NA,NA,NA,NA,NA,NA,NA,0,NA,NA,NA,NA,NA,NA,NA
Amhara,North Wollo,Gazo,ET030312,84715,84715,2025-Wk16-27,NA,NA,NA,200,100,NA,NA,NA,NA,NA,NA,NA,NA,NA,NA,0,NA,NA,NA,NA,NA,NA,NA
Amhara,North Wollo,Gazo,ET030312,87114,87114,2025-Wk28-52,NA,NA,NA,100,100,NA,NA,NA,NA,NA,NA,NA,NA,NA,NA,0,NA,NA,NA,NA,NA,NA,NA
Amhara,North Wollo,Gidan,ET030303,154710,154710,2025-Wk03-15,NA,NA,NA,100,100,NA,NA,NA,NA,NA,NA,NA,NA,NA,NA,0,NA,NA,NA,NA,NA,NA,NA
Amhara,North Wollo,Gidan,ET030303,154710,154710,2025-Wk16-27,NA,NA,NA,200,100,NA,NA,NA,NA,NA,NA,NA,NA,NA,NA,0,NA,NA,NA,NA,NA,NA,NA
Amhara,North Wollo,Gidan,ET030303,159078,159078,2025-Wk28-52,NA,NA,NA,100,100,NA,NA,NA,NA,NA,NA,NA,NA,NA,NA,0,NA,NA,NA,NA,NA,NA,NA
Amhara,North Wollo,Gubalaftu,ET030307,188093,188093,2025-Wk03-15,NA,NA,NA,97.5,97.5,NA,NA,NA,NA,NA,NA,NA,NA,NA,NA,0,NA,NA,NA,NA,NA,NA,NA
Amhara,North Wollo,Gubalaftu,ET030307,188093,188093,2025-Wk16-27,NA,NA,NA,191.5,98,NA,NA,NA,NA,NA,NA,NA,NA,NA,NA,0,NA,NA,NA,NA,NA,NA,NA
Amhara,North Wollo,Gubalaftu,ET030307,193401.56286121177,193401.56286121177,2025-Wk28-52,NA,NA,NA,97.4,97.4,NA,NA,NA,NA,NA,NA,NA,NA,NA,NA,0,NA,NA,NA,NA,NA,NA,NA
Amhara,North Wollo,Habru,ET030308,246973,246973,2025-Wk03-15,NA,NA,NA,94.4,94.4,NA,100,NA,NA,NA,NA,NA,NA,NA,NA,0,NA,NA,NA,NA,NA,NA,NA
Amhara,North Wollo,Habru,ET030308,246973,246973,2025-Wk16-27,NA,NA,NA,186.4,95.5,NA,NA,NA,NA,NA,NA,NA,NA,NA,NA,0,NA,NA,NA,NA,NA,NA,NA
Amhara,North Wollo,Habru,ET030308,253970.822149437,253970.822149437,2025-Wk28-52,NA,NA,NA,93.1,93.1,NA,NA,NA,NA,NA,NA,NA,NA,NA,NA,0,NA,NA,NA,NA,NA,NA,NA
Amhara,North Wollo,Kobo Town,ET030399,57235,57235,2025-Wk03-15,NA,NA,NA,96.4,96.4,NA,NA,NA,NA,NA,NA,NA,NA,NA,NA,0,NA,NA,NA,NA,NA,NA,NA
Amhara,North Wollo,Kobo Town,ET030399,57235,57235,2025-Wk16-27,NA,NA,NA,123.1,89.1,NA,NA,NA,NA,NA,NA,NA,NA,NA,NA,0,NA,NA,NA,NA,NA,NA,NA
Amhara,North Wollo,Kobo Town,ET030399,58850,58850,2025-Wk28-52,NA,NA,NA,100,100,NA,NA,NA,NA,NA,NA,NA,NA,NA,NA,0,NA,NA,NA,NA,NA,NA,NA
Amhara,North Wollo,Lalibela General Hospital,ET030398,NA,43000.970664855806,2025-Wk03-15,NA,NA,NA,100,100,NA,NA,NA,NA,NA,NA,NA,NA,NA,NA,0,NA,NA,NA,NA,NA,NA,NA
Amhara,North Wollo,Lalibela General Hospital,ET030398,NA,43000.970664855806,2025-Wk16-27,NA,NA,NA,200,100,NA,NA,NA,NA,NA,NA,NA,NA,NA,NA,0,NA,NA,NA,NA,NA,NA,NA
Amhara,North Wollo,Lalibela General Hospital,ET030398,1500000,1500000,2025-Wk28-52,NA,NA,NA,100,100,NA,NA,NA,NA,NA,NA,NA,NA,NA,NA,0,NA,NA,NA,NA,NA,NA,NA
Amhara,North Wollo,Lalibela Town,ET030398,43001,43001,2025-Wk03-15,NA,NA,NA,100,100,NA,100,NA,NA,NA,NA,NA,NA,NA,NA,0,NA,NA,NA,NA,NA,NA,NA
Amhara,North Wollo,Lalibela Town,ET030398,43001,43001,2025-Wk16-27,NA,NA,NA,200,100,NA,NA,NA,NA,NA,NA,NA,NA,NA,NA,0,NA,NA,NA,NA,NA,NA,NA
Amhara,North Wollo,Lalibela Town,ET030398,44216,44216,2025-Wk28-52,NA,NA,NA,40,40,NA,NA,NA,NA,NA,NA,NA,NA,NA,NA,0,NA,NA,NA,NA,NA,NA,NA
Amhara,North Wollo,Lasta,ET030310,149389,149389,2025-Wk03-15,NA,NA,NA,99.1,99.1,NA,NA,NA,NA,NA,NA,NA,NA,NA,NA,0,NA,NA,NA,NA,NA,NA,NA
Amhara,North Wollo,Lasta,ET030310,149389,149389,2025-Wk16-27,NA,NA,NA,200,100,NA,NA,NA,NA,NA,NA,NA,NA,NA,NA,0,NA,NA,NA,NA,NA,NA,NA
Amhara,North Wollo,Lasta,ET030310,153605,153605,2025-Wk28-52,NA,NA,NA,100,100,NA,NA,NA,NA,NA,NA,NA,NA,NA,NA,0,NA,NA,NA,NA,NA,NA,NA
Amhara,North Wollo,Mekiet,ET030304,220954,220954,2025-Wk03-15,NA,NA,NA,97.6,97.6,NA,100,NA,NA,NA,NA,NA,NA,NA,NA,0,NA,NA,NA,NA,NA,NA,NA
Amhara,North Wollo,Mekiet,ET030304,220954,220954,2025-Wk16-27,NA,NA,NA,195.6,97.8,NA,NA,NA,NA,NA,NA,NA,NA,NA,NA,0,NA,NA,NA,NA,NA,NA,NA
Amhara,North Wollo,Mekiet,ET030304,227191,227191,2025-Wk28-52,NA,NA,NA,97.6,97.6,NA,NA,NA,NA,NA,NA,NA,NA,NA,NA,0,NA,NA,NA,NA,NA,NA,NA
Amhara,North Wollo,Raya Alamata,ET010407,155153,155153,2025-Wk03-15,NA,NA,NA,NA,NA,NA,NA,NA,NA,NA,NA,NA,NA,NA,NA,0,NA,NA,NA,NA,NA,NA,NA
Amhara,North Wollo,Raya Alamata,ET010407,155153,155153,2025-Wk16-27,NA,NA,NA,NA,NA,NA,NA,NA,NA,NA,NA,NA,NA,NA,NA,0,NA,NA,NA,NA,NA,NA,NA
Amhara,North Wollo,Raya Alamata,ET010407,0,0,2025-Wk28-52,NA,NA,NA,NA,NA,NA,NA,NA,NA,NA,NA,NA,NA,NA,NA,0,NA,NA,NA,NA,NA,NA,NA
Amhara,North Wollo,Raya Bala,ET010406,78500,78500,2025-Wk03-15,NA,NA,NA,NA,NA,NA,NA,NA,NA,NA,NA,NA,NA,NA,NA,0,NA,NA,NA,NA,NA,NA,NA
Amhara,North Wollo,Raya Bala,ET010406,78500,78500,2025-Wk16-27,NA,NA,NA,NA,NA,NA,NA,NA,NA,NA,NA,NA,NA,NA,NA,0,NA,NA,NA,NA,NA,NA,NA
Amhara,North Wollo,Raya Bala,ET010406,0,0,2025-Wk28-52,NA,NA,NA,NA,NA,NA,NA,NA,NA,NA,NA,NA,NA,NA,NA,0,NA,NA,NA,NA,NA,NA,NA
Amhara,North Wollo,Raya Kobo,ET030302,256132,256132,2025-Wk03-15,NA,NA,NA,96.9,96.9,NA,7.7,NA,NA,NA,NA,NA,NA,NA,NA,0,NA,NA,NA,NA,NA,NA,NA
Amhara,North Wollo,Raya Kobo,ET030302,256132,256132,2025-Wk16-27,NA,NA,NA,91.7,91.7,NA,NA,NA,NA,NA,NA,NA,NA,NA,NA,0,NA,NA,NA,NA,NA,NA,NA
Amhara,North Wollo,Raya Kobo,ET030302,259296,259296,2025-Wk28-52,NA,NA,NA,100,100,NA,NA,NA,NA,NA,NA,NA,NA,NA,NA,0,NA,NA,NA,NA,NA,NA,NA
Amhara,North Wollo,Wadila,ET030305,141283,141283,2025-Wk03-15,NA,NA,NA,99.8,99.8,NA,NA,NA,NA,NA,NA,NA,NA,NA,NA,0,NA,NA,NA,NA,NA,NA,NA
Amhara,North Wollo,Wadila,ET030305,141283,141283,2025-Wk16-27,NA,NA,NA,100,100,NA,NA,NA,NA,NA,NA,NA,NA,NA,NA,0,NA,NA,NA,NA,NA,NA,NA
Amhara,North Wollo,Wadila,ET030305,110368,110368,2025-Wk28-52,NA,NA,NA,93.8,93.8,NA,NA,NA,NA,NA,NA,NA,NA,NA,NA,0,NA,NA,NA,NA,NA,NA,NA
Amhara,Oromo Special Zone,Artuma Fursi,ET031004,104998,104998,2025-Wk03-15,NA,NA,NA,91.5,91.5,NA,NA,NA,NA,NA,NA,NA,NA,NA,NA,0,NA,NA,NA,NA,NA,NA,NA
Amhara,Oromo Special Zone,Artuma Fursi,ET031004,104998,104998,2025-Wk16-27,NA,NA,NA,91.2,91.2,NA,NA,NA,NA,NA,NA,NA,NA,NA,NA,0,NA,NA,NA,NA,NA,NA,NA
Amhara,Oromo Special Zone,Artuma Fursi,ET031004,107960,107960,2025-Wk28-52,NA,NA,NA,85.3,85.3,NA,NA,NA,NA,NA,NA,NA,NA,NA,NA,0,NA,NA,NA,NA,NA,NA,NA
Amhara,Oromo Special Zone,Bati Town,ET031099,41965,41965,2025-Wk03-15,NA,NA,NA,100,100,NA,100,NA,NA,NA,NA,NA,NA,NA,NA,0,NA,NA,NA,NA,NA,NA,NA
Amhara,Oromo Special Zone,Bati Town,ET031099,41965,41965,2025-Wk16-27,NA,NA,NA,100,100,NA,NA,NA,NA,NA,NA,NA,NA,NA,NA,0,NA,NA,NA,NA,NA,NA,NA
Amhara,Oromo Special Zone,Bati Town,ET031099,43148,43148,2025-Wk28-52,NA,NA,NA,100,100,NA,NA,NA,NA,NA,NA,NA,NA,NA,NA,0,NA,NA,NA,NA,NA,NA,NA
Amhara,Oromo Special Zone,Bati Wereda,ET031002,101050,101050,2025-Wk03-15,NA,NA,NA,96.9,96.9,NA,33.3,NA,NA,NA,NA,NA,NA,NA,NA,0,NA,NA,NA,NA,NA,NA,NA
Amhara,Oromo Special Zone,Bati Wereda,ET031002,101050,101050,2025-Wk16-27,NA,NA,NA,98.1,98.1,NA,NA,NA,NA,NA,NA,NA,NA,NA,NA,0,NA,NA,NA,NA,NA,NA,NA
Amhara,Oromo Special Zone,Bati Wereda,ET031002,103902,103902,2025-Wk28-52,NA,NA,NA,100,100,NA,NA,NA,NA,NA,NA,NA,NA,NA,NA,0,NA,NA,NA,NA,NA,NA,NA
Amhara,Oromo Special Zone,Dawa Chefa,ET031001,168742,168742,2025-Wk03-15,NA,NA,NA,96.2,96.2,0,NA,NA,NA,NA,NA,NA,NA,NA,NA,0,NA,NA,NA,NA,NA,NA,NA
Amhara,Oromo Special Zone,Dawa Chefa,ET031001,168742,168742,2025-Wk16-27,NA,NA,NA,95.5,95.5,NA,NA,NA,NA,NA,NA,NA,NA,NA,NA,0,NA,NA,NA,NA,NA,NA,NA
Amhara,Oromo Special Zone,Dawa Chefa,ET031001,173504,173504,2025-Wk28-52,NA,NA,NA,100,100,NA,NA,NA,NA,NA,NA,NA,NA,NA,NA,0,NA,NA,NA,NA,NA,NA,NA
Amhara,Oromo Special Zone,Dawa Harewa,ET031005,54238,54238,2025-Wk03-15,NA,NA,NA,99.5,99.5,NA,NA,NA,NA,NA,NA,NA,NA,NA,NA,0,NA,NA,NA,NA,NA,NA,NA
Amhara,Oromo Special Zone,Dawa Harewa,ET031005,54238,54238,2025-Wk16-27,NA,NA,NA,100,100,NA,NA,NA,NA,NA,NA,NA,NA,NA,NA,0,NA,NA,NA,NA,NA,NA,NA
Amhara,Oromo Special Zone,Dawa Harewa,ET031005,55769,55769,2025-Wk28-52,NA,NA,NA,100,100,NA,NA,NA,NA,NA,NA,NA,NA,NA,NA,0,NA,NA,NA,NA,NA,NA,NA
Amhara,Oromo Special Zone,Heal Africa General Hospital,ET031006,NA,47872.43560555268,2025-Wk03-15,NA,NA,NA,100,100,NA,NA,NA,NA,NA,NA,NA,NA,NA,NA,0,NA,NA,NA,NA,NA,NA,NA
Amhara,Oromo Special Zone,Heal Africa General Hospital,ET031006,NA,47872.43560555268,2025-Wk16-27,NA,NA,NA,100,100,NA,NA,NA,NA,NA,NA,NA,NA,NA,NA,0,NA,NA,NA,NA,NA,NA,NA
Amhara,Oromo Special Zone,Heal Africa General Hospital,ET031006,0,0,2025-Wk28-52,NA,NA,NA,100,100,NA,NA,NA,NA,NA,NA,NA,NA,NA,NA,0,NA,NA,NA,NA,NA,NA,NA
Amhara,Oromo Special Zone,Jile Timuga,ET031003,99243,99243,2025-Wk03-15,NA,NA,NA,99.7,99.7,NA,33.3,NA,NA,NA,NA,NA,NA,NA,NA,0,NA,NA,NA,NA,NA,NA,NA
Amhara,Oromo Special Zone,Jile Timuga,ET031003,99243,99243,2025-Wk16-27,NA,NA,NA,98.3,98.3,NA,NA,NA,NA,NA,NA,NA,NA,NA,NA,0,NA,NA,NA,NA,NA,NA,NA
Amhara,Oromo Special Zone,Jile Timuga,ET031003,102045,102045,2025-Wk28-52,NA,NA,NA,96.6,96.6,NA,NA,NA,NA,NA,NA,NA,NA,NA,NA,0,NA,NA,NA,NA,NA,NA,NA
Amhara,Oromo Special Zone,Kemise General Hospital,ET031006,NA,47872.43560555268,2025-Wk03-15,NA,NA,NA,100,100,NA,NA,NA,NA,NA,NA,NA,NA,NA,NA,0,NA,NA,NA,NA,NA,NA,NA
Amhara,Oromo Special Zone,Kemise General Hospital,ET031006,NA,47872.43560555268,2025-Wk16-27,NA,NA,NA,100,100,NA,NA,NA,NA,NA,NA,NA,NA,NA,NA,0,NA,NA,NA,NA,NA,NA,NA
Amhara,Oromo Special Zone,Kemise General Hospital,ET031006,0,0,2025-Wk28-52,NA,NA,NA,100,100,NA,NA,NA,NA,NA,NA,NA,NA,NA,NA,0,NA,NA,NA,NA,NA,NA,NA
Amhara,Oromo Special Zone,Kemise Town,ET031006,47873,47873,2025-Wk03-15,NA,NA,NA,94.7,94.7,NA,100,NA,NA,NA,NA,NA,NA,NA,NA,0,NA,NA,NA,NA,NA,NA,NA
Amhara,Oromo Special Zone,Kemise Town,ET031006,47873,47873,2025-Wk16-27,NA,NA,NA,94.3,94.3,NA,NA,NA,NA,NA,NA,NA,NA,NA,NA,0,NA,NA,NA,NA,NA,NA,NA
Amhara,Oromo Special Zone,Kemise Town,ET031006,49223,49223,2025-Wk28-52,NA,NA,NA,100,100,NA,NA,NA,NA,NA,NA,NA,NA,NA,NA,0,NA,NA,NA,NA,NA,NA,NA
Amhara,South Gondar,Andabiet,ET030211,153091,153091,2025-Wk03-15,NA,NA,NA,96.5,96.5,NA,30,NA,NA,NA,NA,NA,NA,NA,NA,0,NA,NA,NA,NA,NA,NA,NA
Amhara,South Gondar,Andabiet,ET030211,153091,153091,2025-Wk16-27,NA,NA,NA,97,97,NA,NA,NA,NA,NA,NA,NA,NA,NA,NA,0,NA,NA,NA,NA,NA,NA,NA
Amhara,South Gondar,Andabiet,ET030211,157407,157407,2025-Wk28-52,NA,NA,NA,96.6,96.6,NA,NA,NA,NA,NA,NA,NA,NA,NA,NA,0,NA,NA,NA,NA,NA,NA,NA
Amhara,South Gondar,Dera,ET030209,314496,314496,2025-Wk03-15,NA,NA,100,94.4,94.4,571.4,100,NA,NA,NA,NA,NA,NA,NA,NA,0,NA,NA,NA,NA,NA,NA,NA
Amhara,South Gondar,Dera,ET030209,314496,314496,2025-Wk16-27,NA,NA,NA,91.8,91.8,NA,NA,NA,NA,NA,NA,NA,NA,NA,NA,0,NA,NA,NA,NA,NA,NA,NA
Amhara,South Gondar,Dera,ET030209,323370,323370,2025-Wk28-52,NA,NA,NA,90.6,90.6,NA,NA,NA,NA,NA,NA,NA,NA,NA,NA,0,NA,NA,NA,NA,NA,NA,NA
Amhara,South Gondar,Ebinat,ET030201,218581,218581,2025-Wk03-15,NA,NA,100,96.6,96.6,85.1,20,NA,NA,NA,NA,NA,NA,NA,NA,0,NA,NA,NA,NA,NA,NA,NA
Amhara,South Gondar,Ebinat,ET030201,218581,218581,2025-Wk16-27,NA,NA,NA,97.4,97.4,NA,NA,NA,NA,NA,NA,NA,NA,NA,NA,0,NA,NA,NA,NA,NA,NA,NA
Amhara,South Gondar,Ebinat,ET030201,224750,224750,2025-Wk28-52,NA,NA,NA,84.6,84.6,NA,NA,NA,NA,NA,NA,NA,NA,NA,NA,0,NA,NA,NA,NA,NA,NA,NA
Amhara,South Gondar,Estie,ET030208,273409,273409,2025-Wk03-15,NA,NA,NA,96.7,96.7,0,100,NA,NA,NA,NA,NA,NA,NA,NA,0,NA,NA,NA,NA,NA,NA,NA
Amhara,South Gondar,Estie,ET030208,273409,273409,2025-Wk16-27,NA,NA,NA,94.2,94.2,NA,NA,NA,NA,NA,NA,NA,NA,NA,NA,0,NA,NA,NA,NA,NA,NA,NA
Amhara,South Gondar,Estie,ET030208,281125,281125,2025-Wk28-52,NA,NA,NA,98.4,98.4,NA,NA,NA,NA,NA,NA,NA,NA,NA,NA,0,NA,NA,NA,NA,NA,NA,NA
Amhara,South Gondar,Farta,ET030204,195723,195723,2025-Wk03-15,NA,NA,NA,97.8,97.8,NA,100,NA,NA,NA,NA,NA,NA,NA,NA,0,NA,NA,NA,NA,NA,NA,NA
Amhara,South Gondar,Farta,ET030204,195723,195723,2025-Wk16-27,NA,NA,NA,99.5,99.5,NA,NA,NA,NA,NA,NA,NA,NA,NA,NA,0,NA,NA,NA,NA,NA,NA,NA
Amhara,South Gondar,Farta,ET030204,200450,200450,2025-Wk28-52,NA,NA,NA,100,100,NA,NA,NA,NA,NA,NA,NA,NA,NA,NA,0,NA,NA,NA,NA,NA,NA,NA
Amhara,South Gondar,Fogera,ET030203,254127,254127,2025-Wk03-15,NA,NA,NA,85.5,85.5,0,NA,NA,NA,NA,NA,NA,NA,NA,NA,0,NA,NA,NA,NA,NA,NA,NA
Amhara,South Gondar,Fogera,ET030203,254127,254127,2025-Wk16-27,NA,NA,NA,83,83,NA,NA,NA,NA,NA,NA,NA,NA,NA,NA,0,NA,NA,NA,NA,NA,NA,NA
Amhara,South Gondar,Fogera,ET030203,260263,260263,2025-Wk28-52,NA,NA,NA,84.8,84.8,NA,NA,NA,NA,NA,NA,NA,NA,NA,NA,0,NA,NA,NA,NA,NA,NA,NA
Amhara,South Gondar,Guna Begemider,ET030212,117030,117030,2025-Wk03-15,NA,NA,NA,100,100,NA,NA,NA,NA,NA,NA,NA,NA,NA,NA,0,NA,NA,NA,NA,NA,NA,NA
Amhara,South Gondar,Guna Begemider,ET030212,117030,117030,2025-Wk16-27,NA,NA,NA,100,100,NA,NA,NA,NA,NA,NA,NA,NA,NA,NA,0,NA,NA,NA,NA,NA,NA,NA
Amhara,South Gondar,Guna Begemider,ET030212,120334,120334,2025-Wk28-52,NA,NA,NA,100,100,NA,NA,NA,NA,NA,NA,NA,NA,NA,NA,0,NA,NA,NA,NA,NA,NA,NA
Amhara,South Gondar,Lay Gayint,ET030205,259496,259496,2025-Wk03-15,NA,NA,NA,99.1,99.1,NA,100,NA,NA,NA,NA,NA,NA,NA,NA,0,NA,NA,NA,NA,NA,NA,NA
Amhara,South Gondar,Lay Gayint,ET030205,259496,259496,2025-Wk16-27,NA,NA,NA,99,99,NA,NA,NA,NA,NA,NA,NA,NA,NA,NA,0,NA,NA,NA,NA,NA,NA,NA
Amhara,South Gondar,Lay Gayint,ET030205,266875,266875,2025-Wk28-52,NA,NA,NA,87.2,87.2,NA,NA,NA,NA,NA,NA,NA,NA,NA,NA,0,NA,NA,NA,NA,NA,NA,NA
Amhara,South Gondar,Libokemkem,ET030202,288764,288764,2025-Wk03-15,NA,NA,NA,80.8,80.8,NA,100,NA,NA,NA,NA,NA,NA,NA,NA,0,NA,NA,NA,NA,NA,NA,NA
Amhara,South Gondar,Libokemkem,ET030202,288764,288764,2025-Wk16-27,NA,NA,NA,87,87,NA,NA,NA,NA,NA,NA,NA,NA,NA,NA,0,NA,NA,NA,NA,NA,NA,NA
Amhara,South Gondar,Libokemkem,ET030202,296914,296914,2025-Wk28-52,NA,NA,NA,87.8,87.8,NA,NA,NA,NA,NA,NA,NA,NA,NA,NA,0,NA,NA,NA,NA,NA,NA,NA
Amhara,South Gondar,Meqetewa,ET030213,56863,56863,2025-Wk03-15,NA,NA,NA,13.8,13.8,NA,NA,NA,NA,NA,NA,NA,NA,NA,NA,0,NA,NA,NA,NA,NA,NA,NA
Amhara,South Gondar,Meqetewa,ET030213,56863,56863,2025-Wk16-27,NA,NA,NA,21.1,21.1,NA,NA,NA,NA,NA,NA,NA,NA,NA,NA,0,NA,NA,NA,NA,NA,NA,NA
Amhara,South Gondar,Meqetewa,ET030213,58468,58468,2025-Wk28-52,NA,NA,NA,15.4,15.4,NA,NA,NA,NA,NA,NA,NA,NA,NA,NA,0,NA,NA,NA,NA,NA,NA,NA
Amhara,South Gondar,Sedie Muja,ET030214,91349,91349,2025-Wk03-15,NA,NA,NA,98.3,98.3,NA,NA,NA,NA,NA,NA,NA,NA,NA,NA,0,NA,NA,NA,NA,NA,NA,NA
Amhara,South Gondar,Sedie Muja,ET030214,91349,91349,2025-Wk16-27,NA,NA,NA,99.2,99.2,NA,NA,NA,NA,NA,NA,NA,NA,NA,NA,0,NA,NA,NA,NA,NA,NA,NA
Amhara,South Gondar,Sedie Muja,ET030214,93927,93927,2025-Wk28-52,NA,NA,NA,100,100,NA,NA,NA,NA,NA,NA,NA,NA,NA,NA,0,NA,NA,NA,NA,NA,NA,NA
Amhara,South Gondar,Simada,ET030207,193136,193136,2025-Wk03-15,NA,NA,NA,99.4,99.4,NA,100,NA,NA,NA,NA,NA,NA,NA,NA,0,NA,NA,NA,NA,NA,NA,NA
Amhara,South Gondar,Simada,ET030207,193136,193136,2025-Wk16-27,NA,NA,NA,99.4,99.4,NA,NA,NA,NA,NA,NA,NA,NA,NA,NA,0,NA,NA,NA,NA,NA,NA,NA
Amhara,South Gondar,Simada,ET030207,198586,198586,2025-Wk28-52,NA,NA,NA,100,100,NA,NA,NA,NA,NA,NA,NA,NA,NA,NA,0,NA,NA,NA,NA,NA,NA,NA
Amhara,South Gondar,Tach Gayint,ET030206,127719,127719,2025-Wk03-15,NA,NA,NA,98.2,98.2,NA,25,NA,NA,NA,NA,NA,NA,NA,NA,0,NA,NA,NA,NA,NA,NA,NA
Amhara,South Gondar,Tach Gayint,ET030206,127719,127719,2025-Wk16-27,NA,NA,NA,95.3,95.3,NA,NA,NA,NA,NA,NA,NA,NA,NA,NA,0,NA,NA,NA,NA,NA,NA,NA
Amhara,South Gondar,Tach Gayint,ET030206,131325,131325,2025-Wk28-52,NA,NA,NA,100,100,NA,NA,NA,NA,NA,NA,NA,NA,NA,NA,0,NA,NA,NA,NA,NA,NA,NA
Amhara,South Gondar,Woreta Town,ET030293,75897,75897,2025-Wk03-15,NA,NA,NA,96.4,96.4,NA,NA,NA,NA,NA,NA,NA,NA,NA,NA,0,NA,NA,NA,NA,NA,NA,NA
Amhara,South Gondar,Woreta Town,ET030293,75897,75897,2025-Wk16-27,NA,NA,NA,94.6,94.6,NA,NA,NA,NA,NA,NA,NA,NA,NA,NA,0,NA,NA,NA,NA,NA,NA,NA
Amhara,South Gondar,Woreta Town,ET030293,79075,79075,2025-Wk28-52,NA,NA,NA,94.4,94.4,NA,NA,NA,NA,NA,NA,NA,NA,NA,NA,0,NA,NA,NA,NA,NA,NA,NA
Amhara,South Wollo,Akesta General Hospital,ET030410,NA,212679.7348813227,2025-Wk03-15,NA,NA,NA,92.3,92.3,NA,NA,NA,NA,NA,NA,NA,NA,NA,NA,0,NA,NA,NA,NA,NA,NA,NA
Amhara,South Wollo,Akesta General Hospital,ET030410,NA,212679.7348813227,2025-Wk16-27,NA,NA,NA,83.3,100,NA,NA,NA,NA,NA,NA,NA,NA,NA,NA,0,NA,NA,NA,NA,NA,NA,NA
Amhara,South Wollo,Akesta General Hospital,ET030410,0,0,2025-Wk28-52,NA,NA,NA,100,100,NA,NA,NA,NA,NA,NA,NA,NA,NA,NA,0,NA,NA,NA,NA,NA,NA,NA
Amhara,South Wollo,Albuko,ET030408,96272,96272,2025-Wk03-15,NA,NA,NA,87.5,87.5,NA,NA,NA,NA,NA,NA,NA,NA,NA,NA,0,NA,NA,NA,NA,NA,NA,NA
Amhara,South Wollo,Albuko,ET030408,96272,96272,2025-Wk16-27,NA,NA,NA,78.6,94.4,NA,NA,NA,NA,NA,NA,NA,NA,NA,NA,0,NA,NA,NA,NA,NA,NA,NA
Amhara,South Wollo,Albuko,ET030408,98985,98985,2025-Wk28-52,NA,NA,NA,85,85,NA,NA,NA,NA,NA,NA,NA,NA,NA,NA,0,NA,NA,NA,NA,NA,NA,NA
Amhara,South Wollo,Ambassel,ET030404,151556,151556,2025-Wk03-15,NA,NA,NA,82,82,0,100,NA,NA,NA,NA,NA,NA,NA,NA,0,NA,NA,NA,NA,NA,NA,NA
Amhara,South Wollo,Ambassel,ET030404,151556,151556,2025-Wk16-27,NA,NA,NA,83.1,99.8,NA,NA,NA,NA,NA,NA,NA,NA,NA,NA,0,NA,NA,NA,NA,NA,NA,NA
Amhara,South Wollo,Ambassel,ET030404,155630,155630,2025-Wk28-52,NA,NA,NA,100,100,NA,NA,NA,NA,NA,NA,NA,NA,NA,NA,0,NA,NA,NA,NA,NA,NA,NA
Amhara,South Wollo,Argoba,ET020306,43069,43069,2025-Wk03-15,NA,NA,NA,91,91,NA,NA,NA,NA,NA,NA,NA,NA,NA,NA,0,NA,NA,NA,NA,NA,NA,NA
Amhara,South Wollo,Argoba,ET020306,43069,43069,2025-Wk16-27,NA,NA,NA,82.6,99.3,NA,NA,NA,NA,NA,NA,NA,NA,NA,NA,0,NA,NA,NA,NA,NA,NA,NA
Amhara,South Wollo,Argoba,ET020306,44282,44282,2025-Wk28-52,NA,NA,NA,100,100,NA,NA,NA,NA,NA,NA,NA,NA,NA,NA,0,NA,NA,NA,NA,NA,NA,NA
Amhara,South Wollo,Borena,ET030412,196187,196187,2025-Wk03-15,NA,NA,NA,98,98,NA,52.9,NA,NA,NA,NA,NA,NA,NA,NA,0,NA,NA,NA,NA,NA,NA,NA
Amhara,South Wollo,Borena,ET030412,196187,196187,2025-Wk16-27,NA,NA,NA,78.7,95.3,NA,NA,NA,NA,NA,NA,NA,NA,NA,NA,0,NA,NA,NA,NA,NA,NA,NA
Amhara,South Wollo,Borena,ET030412,200283,200283,2025-Wk28-52,NA,NA,NA,100,100,NA,NA,NA,NA,NA,NA,NA,NA,NA,NA,0,NA,NA,NA,NA,NA,NA,NA
Amhara,South Wollo,Delanta,ET030406,141899,141899,2025-Wk03-15,NA,NA,NA,94.3,94.3,0,16.7,NA,NA,NA,NA,NA,NA,NA,NA,0,NA,NA,NA,NA,NA,NA,NA
Amhara,South Wollo,Delanta,ET030406,141899,141899,2025-Wk16-27,NA,NA,NA,76.7,93.2,NA,NA,NA,NA,NA,NA,NA,NA,NA,NA,0,NA,NA,NA,NA,NA,NA,NA
Amhara,South Wollo,Delanta,ET030406,145904,145904,2025-Wk28-52,NA,NA,NA,100,100,NA,NA,NA,NA,NA,NA,NA,NA,NA,NA,0,NA,NA,NA,NA,NA,NA,NA
Amhara,South Wollo,Dessie Zuria,ET030409,190705,190705,2025-Wk03-15,NA,NA,NA,99,99,NA,50,NA,NA,NA,NA,NA,NA,NA,NA,0,NA,NA,NA,NA,NA,NA,NA
Amhara,South Wollo,Dessie Zuria,ET030409,190705,190705,2025-Wk16-27,NA,NA,NA,83.1,99.8,NA,NA,NA,NA,NA,NA,NA,NA,NA,NA,0,NA,NA,NA,NA,NA,NA,NA
Amhara,South Wollo,Dessie Zuria,ET030409,194280,194280,2025-Wk28-52,NA,NA,NA,100,100,NA,NA,NA,NA,NA,NA,NA,NA,NA,NA,0,NA,NA,NA,NA,NA,NA,NA
Amhara,South Wollo,Jamma,ET030414,141775,141775,2025-Wk03-15,NA,NA,NA,76.5,76.5,NA,NA,NA,NA,NA,NA,NA,NA,NA,NA,0,NA,NA,NA,NA,NA,NA,NA
Amhara,South Wollo,Jamma,ET030414,141775,141775,2025-Wk16-27,NA,NA,NA,65.2,78,NA,NA,NA,NA,NA,NA,NA,NA,NA,NA,0,NA,NA,NA,NA,NA,NA,NA
Amhara,South Wollo,Jamma,ET030414,161188,161188,2025-Wk28-52,NA,NA,NA,100,100,NA,NA,NA,NA,NA,NA,NA,NA,NA,NA,0,NA,NA,NA,NA,NA,NA,NA
Amhara,South Wollo,Kallu,ET030407,248913,248913,2025-Wk03-15,NA,NA,NA,96,96,NA,NA,NA,NA,NA,NA,NA,NA,NA,NA,0,NA,NA,NA,NA,NA,NA,NA
Amhara,South Wollo,Kallu,ET030407,248913,248913,2025-Wk16-27,NA,NA,NA,80.2,95.9,NA,NA,NA,NA,NA,NA,NA,NA,NA,NA,0,NA,NA,NA,NA,NA,NA,NA
Amhara,South Wollo,Kallu,ET030407,228564,228564,2025-Wk28-52,NA,NA,NA,96.5,96.5,NA,NA,NA,NA,NA,NA,NA,NA,NA,NA,0,NA,NA,NA,NA,NA,NA,NA
Amhara,South Wollo,Kellala,ET030413,174783,174783,2025-Wk03-15,NA,NA,100,88.3,88.3,NA,100,NA,NA,NA,NA,NA,NA,NA,NA,0,NA,NA,NA,NA,NA,NA,NA
Amhara,South Wollo,Kellala,ET030413,174783,174783,2025-Wk16-27,NA,NA,NA,79.2,95.7,NA,NA,NA,NA,NA,NA,NA,NA,NA,NA,0,NA,NA,NA,NA,NA,NA,NA
Amhara,South Wollo,Kellala,ET030413,179799,179799,2025-Wk28-52,NA,NA,NA,97.4,97.4,NA,NA,NA,NA,NA,NA,NA,NA,NA,NA,0,NA,NA,NA,NA,NA,NA,NA
Amhara,South Wollo,Kutaber,ET030403,115973,115973,2025-Wk03-15,NA,NA,NA,89.3,89.3,NA,NA,NA,NA,NA,NA,NA,NA,NA,NA,0,NA,NA,NA,NA,NA,NA,NA
Amhara,South Wollo,Kutaber,ET030403,115973,115973,2025-Wk16-27,NA,NA,NA,76.5,91.7,NA,NA,NA,NA,NA,NA,NA,NA,NA,NA,0,NA,NA,NA,NA,NA,NA,NA
Amhara,South Wollo,Kutaber,ET030403,119245,119245,2025-Wk28-52,NA,NA,NA,82.8,82.8,NA,NA,NA,NA,NA,NA,NA,NA,NA,NA,0,NA,NA,NA,NA,NA,NA,NA
Amhara,South Wollo,Legambo,ET030410,212681,212681,2025-Wk03-15,NA,NA,NA,95.5,95.5,NA,100,NA,NA,NA,NA,NA,NA,NA,NA,0,NA,NA,NA,NA,NA,NA,NA
Amhara,South Wollo,Legambo,ET030410,212681,212681,2025-Wk16-27,NA,NA,NA,81,97,NA,NA,NA,NA,NA,NA,NA,NA,NA,NA,0,NA,NA,NA,NA,NA,NA,NA
Amhara,South Wollo,Legambo,ET030410,218735,218735,2025-Wk28-52,NA,NA,NA,93.6,93.6,NA,NA,NA,NA,NA,NA,NA,NA,NA,NA,0,NA,NA,NA,NA,NA,NA,NA
Amhara,South Wollo,Legehida,ET030420,83524,83524,2025-Wk03-15,NA,NA,NA,93.7,93.7,NA,NA,NA,NA,NA,NA,NA,NA,NA,NA,0,NA,NA,NA,NA,NA,NA,NA
Amhara,South Wollo,Legehida,ET030420,83524,83524,2025-Wk16-27,NA,NA,NA,80.7,96.6,NA,NA,NA,NA,NA,NA,NA,NA,NA,NA,0,NA,NA,NA,NA,NA,NA,NA
Amhara,South Wollo,Legehida,ET030420,85536,85536,2025-Wk28-52,NA,NA,NA,94.4,94.4,NA,NA,NA,NA,NA,NA,NA,NA,NA,NA,0,NA,NA,NA,NA,NA,NA,NA
Amhara,South Wollo,Mehal Sayint,ET030419,89532,89532,2025-Wk03-15,NA,NA,NA,89.5,89.5,NA,NA,NA,NA,NA,NA,NA,NA,NA,NA,0,NA,NA,NA,NA,NA,NA,NA
Amhara,South Wollo,Mehal Sayint,ET030419,89532,89532,2025-Wk16-27,NA,NA,NA,62.9,74.2,NA,NA,NA,NA,NA,NA,NA,NA,NA,NA,0,NA,NA,NA,NA,NA,NA,NA
Amhara,South Wollo,Mehal Sayint,ET030419,92062,92062,2025-Wk28-52,NA,NA,NA,95,95,NA,NA,NA,NA,NA,NA,NA,NA,NA,NA,0,NA,NA,NA,NA,NA,NA,NA
Amhara,South Wollo,Mekane Selam General Hospital,ET030412,NA,196653.2892829522,2025-Wk03-15,NA,NA,NA,100,100,NA,NA,NA,NA,NA,NA,NA,NA,NA,NA,0,NA,NA,NA,NA,NA,NA,NA
Amhara,South Wollo,Mekane Selam General Hospital,ET030412,NA,196653.2892829522,2025-Wk16-27,NA,NA,NA,83.3,100,NA,NA,NA,NA,NA,NA,NA,NA,NA,NA,0,NA,NA,NA,NA,NA,NA,NA
Amhara,South Wollo,Mekane Selam General Hospital,ET030412,0,0,2025-Wk28-52,NA,NA,NA,100,100,NA,NA,NA,NA,NA,NA,NA,NA,NA,NA,0,NA,NA,NA,NA,NA,NA,NA
Amhara,South Wollo,Mekdella,ET030421,174472,174472,2025-Wk03-15,NA,NA,100,76.5,76.5,NA,11.1,NA,NA,NA,NA,NA,NA,NA,NA,0,NA,NA,NA,NA,NA,NA,NA
Amhara,South Wollo,Mekdella,ET030421,174472,174472,2025-Wk16-27,NA,NA,NA,56.2,68.5,NA,NA,NA,NA,NA,NA,NA,NA,NA,NA,0,NA,NA,NA,NA,NA,NA,NA
Amhara,South Wollo,Mekdella,ET030421,248831,248831,2025-Wk28-52,NA,NA,NA,67.6,67.6,NA,NA,NA,NA,NA,NA,NA,NA,NA,NA,0,NA,NA,NA,NA,NA,NA,NA
Amhara,South Wollo,Sayint,ET030411,180717,180717,2025-Wk03-15,NA,NA,NA,95.1,95.1,NA,100,NA,NA,NA,NA,NA,NA,NA,NA,0,NA,NA,NA,NA,NA,NA,NA
Amhara,South Wollo,Sayint,ET030411,180717,180717,2025-Wk16-27,NA,NA,NA,79.8,95.8,NA,NA,NA,NA,NA,NA,NA,NA,NA,NA,0,NA,NA,NA,NA,NA,NA,NA
Amhara,South Wollo,Sayint,ET030411,188491,188491,2025-Wk28-52,NA,NA,NA,97.6,97.6,NA,NA,NA,NA,NA,NA,NA,NA,NA,NA,0,NA,NA,NA,NA,NA,NA,NA
Amhara,South Wollo,Tehulederie,ET030405,154415,154415,2025-Wk03-15,NA,NA,100,97.9,97.9,NA,NA,NA,NA,NA,NA,NA,NA,NA,NA,0,NA,NA,NA,NA,NA,NA,NA
Amhara,South Wollo,Tehulederie,ET030405,154415,154415,2025-Wk16-27,NA,NA,NA,83.3,99.5,NA,NA,NA,NA,NA,NA,NA,NA,NA,NA,0,NA,NA,NA,NA,NA,NA,NA
Amhara,South Wollo,Tehulederie,ET030405,134777,134777,2025-Wk28-52,NA,NA,NA,100,100,NA,NA,NA,NA,NA,NA,NA,NA,NA,NA,0,NA,NA,NA,NA,NA,NA,NA
Amhara,South Wollo,Tenta,ET030402,206307,206307,2025-Wk03-15,NA,NA,NA,99.5,99.5,NA,NA,NA,NA,NA,NA,NA,NA,NA,NA,0,NA,NA,NA,NA,NA,NA,NA
Amhara,South Wollo,Tenta,ET030402,206307,206307,2025-Wk16-27,NA,NA,NA,83.3,100,NA,NA,NA,NA,NA,NA,NA,NA,NA,NA,0,NA,NA,NA,NA,NA,NA,NA
Amhara,South Wollo,Tenta,ET030402,212127,212127,2025-Wk28-52,NA,NA,NA,100,100,NA,NA,NA,NA,NA,NA,NA,NA,NA,NA,0,NA,NA,NA,NA,NA,NA,NA
Amhara,South Wollo,Wogdi,ET030416,166077,166077,2025-Wk03-15,NA,NA,NA,99.5,99.5,NA,100,NA,NA,NA,NA,NA,NA,NA,NA,0,NA,NA,NA,NA,NA,NA,NA
Amhara,South Wollo,Wogdi,ET030416,166077,166077,2025-Wk16-27,NA,NA,NA,83,99.6,NA,NA,NA,NA,NA,NA,NA,NA,NA,NA,0,NA,NA,NA,NA,NA,NA,NA
Amhara,South Wollo,Wogdi,ET030416,235983,235983,2025-Wk28-52,NA,NA,NA,100,100,NA,NA,NA,NA,NA,NA,NA,NA,NA,NA,0,NA,NA,NA,NA,NA,NA,NA
Amhara,South Wollo,Worebabo,ET030422,123712,123712,2025-Wk03-15,NA,NA,NA,98.4,98.4,NA,NA,NA,NA,NA,NA,NA,NA,NA,NA,0,NA,NA,NA,NA,NA,NA,NA
Amhara,South Wollo,Worebabo,ET030422,123712,123712,2025-Wk16-27,NA,NA,NA,82.2,98.9,NA,NA,NA,NA,NA,NA,NA,NA,NA,NA,0,NA,NA,NA,NA,NA,NA,NA
Amhara,South Wollo,Worebabo,ET030422,132647,132647,2025-Wk28-52,NA,NA,NA,100,100,NA,NA,NA,NA,NA,NA,NA,NA,NA,NA,0,NA,NA,NA,NA,NA,NA,NA
Amhara,South Wollo,Woreillu,ET030415,112003,112003,2025-Wk03-15,NA,NA,NA,96.7,96.7,NA,NA,NA,NA,NA,NA,NA,NA,NA,NA,0,NA,NA,NA,NA,NA,NA,NA
Amhara,South Wollo,Woreillu,ET030415,112003,112003,2025-Wk16-27,NA,NA,NA,81.7,97.8,NA,NA,NA,NA,NA,NA,NA,NA,NA,NA,0,NA,NA,NA,NA,NA,NA,NA
Amhara,South Wollo,Woreillu,ET030415,236356,236356,2025-Wk28-52,NA,NA,NA,89.3,89.3,NA,NA,NA,NA,NA,NA,NA,NA,NA,NA,0,NA,NA,NA,NA,NA,NA,NA
Amhara,Wag Hemra,Abergelie,ET030805,60267,60267,2025-Wk03-15,NA,NA,NA,100,100,0,NA,NA,NA,NA,NA,NA,NA,NA,NA,0,NA,NA,NA,NA,NA,NA,NA
Amhara,Wag Hemra,Abergelie,ET030805,60267,60267,2025-Wk16-27,NA,NA,NA,91.7,91.7,NA,NA,NA,NA,NA,NA,NA,NA,NA,NA,0,NA,NA,NA,NA,NA,NA,NA
Amhara,Wag Hemra,Abergelie,ET030805,80451,80451,2025-Wk28-52,NA,NA,NA,100,100,NA,NA,NA,NA,NA,NA,NA,NA,NA,NA,0,NA,NA,NA,NA,NA,NA,NA
Amhara,Wag Hemra,Dehana,ET030803,147144,147144,2025-Wk03-15,NA,NA,NA,99.8,99.8,NA,NA,NA,NA,NA,NA,NA,NA,NA,NA,0,NA,NA,NA,NA,NA,NA,NA
Amhara,Wag Hemra,Dehana,ET030803,147144,147144,2025-Wk16-27,NA,NA,NA,98.5,98.5,NA,NA,NA,NA,NA,NA,NA,NA,NA,NA,0,NA,NA,NA,NA,NA,NA,NA
Amhara,Wag Hemra,Dehana,ET030803,151297,151297,2025-Wk28-52,NA,NA,NA,97.1,97.1,NA,NA,NA,NA,NA,NA,NA,NA,NA,NA,0,NA,NA,NA,NA,NA,NA,NA
Amhara,Wag Hemra,Gazgibla,ET030804,90426,90426,2025-Wk03-15,NA,NA,NA,98.2,98.2,0,NA,NA,NA,NA,NA,NA,NA,NA,NA,0,NA,NA,NA,NA,NA,NA,NA
Amhara,Wag Hemra,Gazgibla,ET030804,90426,90426,2025-Wk16-27,NA,NA,NA,94,94,NA,NA,NA,NA,NA,NA,NA,NA,NA,NA,0,NA,NA,NA,NA,NA,NA,NA
Amhara,Wag Hemra,Gazgibla,ET030804,92978,92978,2025-Wk28-52,NA,NA,NA,90.5,90.5,NA,NA,NA,NA,NA,NA,NA,NA,NA,NA,0,NA,NA,NA,NA,NA,NA,NA
Amhara,Wag Hemra,Korem General Hospital,ET010410,NA,31610.797686094527,2025-Wk03-15,NA,NA,NA,NA,NA,NA,NA,NA,NA,NA,NA,NA,NA,NA,NA,0,NA,NA,NA,NA,NA,NA,NA
Amhara,Wag Hemra,Korem General Hospital,ET010410,NA,31610.797686094527,2025-Wk16-27,NA,NA,NA,NA,NA,NA,NA,NA,NA,NA,NA,NA,NA,NA,NA,0,NA,NA,NA,NA,NA,NA,NA
Amhara,Wag Hemra,Korem General Hospital,ET010410,0,0,2025-Wk28-52,NA,NA,NA,NA,NA,NA,NA,NA,NA,NA,NA,NA,NA,NA,NA,0,NA,NA,NA,NA,NA,NA,NA
Amhara,Wag Hemra,Korem Town,ET010410,39595,39595,2025-Wk03-15,NA,NA,NA,NA,NA,NA,NA,NA,NA,NA,NA,NA,NA,NA,NA,0,NA,NA,NA,NA,NA,NA,NA
Amhara,Wag Hemra,Korem Town,ET010410,39595,39595,2025-Wk16-27,NA,NA,NA,NA,NA,NA,NA,NA,NA,NA,NA,NA,NA,NA,NA,0,NA,NA,NA,NA,NA,NA,NA
Amhara,Wag Hemra,Korem Town,ET010410,0,0,2025-Wk28-52,NA,NA,NA,NA,NA,NA,NA,NA,NA,NA,NA,NA,NA,NA,NA,0,NA,NA,NA,NA,NA,NA,NA
Amhara,Wag Hemra,Sahala,ET030806,34135,34135,2025-Wk03-15,NA,NA,NA,100,100,NA,NA,NA,NA,NA,NA,NA,NA,NA,NA,0,NA,NA,NA,NA,NA,NA,NA
Amhara,Wag Hemra,Sahala,ET030806,34135,34135,2025-Wk16-27,NA,NA,NA,98.7,98.7,NA,NA,NA,NA,NA,NA,NA,NA,NA,NA,0,NA,NA,NA,NA,NA,NA,NA
Amhara,Wag Hemra,Sahala,ET030806,40096,40096,2025-Wk28-52,NA,NA,NA,92.9,92.9,NA,NA,NA,NA,NA,NA,NA,NA,NA,NA,0,NA,NA,NA,NA,NA,NA,NA
Amhara,Wag Hemra,Sekota Town,ET030807,45753,45753,2025-Wk03-15,NA,NA,NA,97.4,97.4,NA,NA,NA,NA,NA,NA,NA,NA,NA,NA,0,NA,NA,NA,NA,NA,NA,NA
Amhara,Wag Hemra,Sekota Town,ET030807,45753,45753,2025-Wk16-27,NA,NA,NA,98.6,98.6,NA,NA,NA,NA,NA,NA,NA,NA,NA,NA,0,NA,NA,NA,NA,NA,NA,NA
Amhara,Wag Hemra,Sekota Town,ET030807,47045,47045,2025-Wk28-52,NA,NA,NA,100,100,NA,NA,NA,NA,NA,NA,NA,NA,NA,NA,0,NA,NA,NA,NA,NA,NA,NA
Amhara,Wag Hemra,Sekota Zuria,ET030802,105358,105358,2025-Wk03-15,NA,NA,NA,100,100,NA,NA,NA,NA,NA,NA,NA,NA,NA,NA,0,NA,NA,NA,NA,NA,NA,NA
Amhara,Wag Hemra,Sekota Zuria,ET030802,105358,105358,2025-Wk16-27,NA,NA,NA,100,100,NA,NA,NA,NA,NA,NA,NA,NA,NA,NA,0,NA,NA,NA,NA,NA,NA,NA
Amhara,Wag Hemra,Sekota Zuria,ET030802,108332,108332,2025-Wk28-52,NA,NA,NA,92.6,92.6,NA,NA,NA,NA,NA,NA,NA,NA,NA,NA,0,NA,NA,NA,NA,NA,NA,NA
Amhara,Wag Hemra,Tefera Hailu General Hospital,ET030807,NA,45753,2025-Wk03-15,NA,NA,NA,100,100,NA,NA,NA,NA,NA,NA,NA,NA,NA,NA,0,NA,NA,NA,NA,NA,NA,NA
Amhara,Wag Hemra,Tefera Hailu General Hospital,ET030807,NA,45753,2025-Wk16-27,NA,NA,NA,100,100,NA,NA,NA,NA,NA,NA,NA,NA,NA,NA,0,NA,NA,NA,NA,NA,NA,NA
Amhara,Wag Hemra,Tefera Hailu General Hospital,ET030807,0,0,2025-Wk28-52,NA,NA,NA,100,100,NA,NA,NA,NA,NA,NA,NA,NA,NA,NA,0,NA,NA,NA,NA,NA,NA,NA
Amhara,Wag Hemra,Tsagibji,ET030808,42026,42026,2025-Wk03-15,NA,NA,NA,100,100,NA,NA,NA,NA,NA,NA,NA,NA,NA,NA,0,NA,NA,NA,NA,NA,NA,NA
Amhara,Wag Hemra,Tsagibji,ET030808,42026,42026,2025-Wk16-27,NA,NA,NA,100,100,NA,NA,NA,NA,NA,NA,NA,NA,NA,NA,0,NA,NA,NA,NA,NA,NA,NA
Amhara,Wag Hemra,Tsagibji,ET030808,43206,43206,2025-Wk28-52,NA,NA,NA,100,100,NA,NA,NA,NA,NA,NA,NA,NA,NA,NA,0,NA,NA,NA,NA,NA,NA,NA
Amhara,Wag Hemra,Wofla,ET010408,133276,133276,2025-Wk03-15,NA,NA,NA,NA,NA,NA,NA,NA,NA,NA,NA,NA,NA,NA,NA,0,NA,NA,NA,NA,NA,NA,NA
Amhara,Wag Hemra,Wofla,ET010408,133276,133276,2025-Wk16-27,NA,NA,NA,NA,NA,NA,NA,NA,NA,NA,NA,NA,NA,NA,NA,0,NA,NA,NA,NA,NA,NA,NA
Amhara,Wag Hemra,Wofla,ET010408,0,0,2025-Wk28-52,NA,NA,NA,NA,NA,NA,NA,NA,NA,NA,NA,NA,NA,NA,NA,0,NA,NA,NA,NA,NA,NA,NA
Amhara,Wag Hemra,Zata,ET010413,49506,49506,2025-Wk03-15,NA,NA,NA,NA,NA,NA,NA,NA,NA,NA,NA,NA,NA,NA,NA,0,NA,NA,NA,NA,NA,NA,NA
Amhara,Wag Hemra,Zata,ET010413,49506,49506,2025-Wk16-27,NA,NA,NA,NA,NA,NA,NA,NA,NA,NA,NA,NA,NA,NA,NA,0,NA,NA,NA,NA,NA,NA,NA
Amhara,Wag Hemra,Zata,ET010413,0,0,2025-Wk28-52,NA,NA,NA,NA,NA,NA,NA,NA,NA,NA,NA,NA,NA,NA,NA,0,NA,NA,NA,NA,NA,NA,NA
Amhara,Wag Hemra,Ziquala,ET030801,61973,61973,2025-Wk03-15,NA,NA,NA,100,100,NA,NA,NA,NA,NA,NA,NA,NA,NA,NA,0,NA,NA,NA,NA,NA,NA,NA
Amhara,Wag Hemra,Ziquala,ET030801,61973,61973,2025-Wk16-27,NA,NA,NA,100,100,NA,NA,NA,NA,NA,NA,NA,NA,NA,NA,0,NA,NA,NA,NA,NA,NA,NA
Amhara,Wag Hemra,Ziquala,ET030801,63722,63722,2025-Wk28-52,NA,NA,NA,100,100,NA,NA,NA,NA,NA,NA,NA,NA,NA,NA,0,NA,NA,NA,NA,NA,NA,NA
Amhara,West Gojjam,Bure Town,ET030798,68714,68714,2025-Wk03-15,NA,NA,NA,100,100,4.5,NA,NA,NA,NA,NA,NA,NA,NA,NA,0,NA,NA,NA,NA,NA,NA,NA
Amhara,West Gojjam,Bure Town,ET030798,68714,68714,2025-Wk16-27,NA,NA,NA,100,100,NA,NA,NA,NA,NA,NA,NA,NA,NA,NA,0,NA,NA,NA,NA,NA,NA,NA
Amhara,West Gojjam,Bure Town,ET030798,70653,70653,2025-Wk28-52,NA,NA,NA,100,100,NA,NA,NA,NA,NA,NA,NA,NA,NA,NA,0,NA,NA,NA,NA,NA,NA,NA
Amhara,West Gojjam,Bure Zuria,ET030710,139297,139297,2025-Wk03-15,NA,NA,NA,99,99,0,NA,NA,NA,NA,NA,NA,NA,NA,NA,0,NA,NA,NA,NA,NA,NA,NA
Amhara,West Gojjam,Bure Zuria,ET030710,139297,139297,2025-Wk16-27,NA,NA,NA,97.8,97.8,NA,NA,NA,NA,NA,NA,NA,NA,NA,NA,0,NA,NA,NA,NA,NA,NA,NA
Amhara,West Gojjam,Bure Zuria,ET030710,143231,143231,2025-Wk28-52,NA,NA,NA,95.7,95.7,NA,NA,NA,NA,NA,NA,NA,NA,NA,NA,0,NA,NA,NA,NA,NA,NA,NA
Amhara,West Gojjam,Dega Damot,ET030707,189472,189472,2025-Wk03-15,NA,NA,NA,40.1,40.1,NA,NA,NA,NA,NA,NA,NA,NA,NA,NA,0,NA,NA,NA,NA,NA,NA,NA
Amhara,West Gojjam,Dega Damot,ET030707,189472,189472,2025-Wk16-27,NA,NA,NA,55.7,55.7,NA,NA,NA,NA,NA,NA,NA,NA,NA,NA,0,NA,NA,NA,NA,NA,NA,NA
Amhara,West Gojjam,Dega Damot,ET030707,194819,194819,2025-Wk28-52,NA,NA,NA,0,0,NA,NA,NA,NA,NA,NA,NA,NA,NA,NA,0,NA,NA,NA,NA,NA,NA,NA
Amhara,West Gojjam,Dembecha,ET030708,180709,180709,2025-Wk03-15,NA,NA,NA,99.5,99.5,0,NA,NA,NA,NA,NA,NA,NA,NA,NA,0,NA,NA,NA,NA,NA,NA,NA
Amhara,West Gojjam,Dembecha,ET030708,180709,180709,2025-Wk16-27,NA,NA,NA,97.3,97.3,NA,NA,NA,NA,NA,NA,NA,NA,NA,NA,0,NA,NA,NA,NA,NA,NA,NA
Amhara,West Gojjam,Dembecha,ET030708,185803,185803,2025-Wk28-52,NA,NA,NA,95.7,95.7,NA,NA,NA,NA,NA,NA,NA,NA,NA,NA,0,NA,NA,NA,NA,NA,NA,NA
Amhara,West Gojjam,Finote Selam General Hospital,ET030714,NA,56598,2025-Wk03-15,NA,NA,NA,100,100,0,100,NA,NA,NA,NA,NA,NA,NA,NA,0,NA,NA,NA,NA,NA,NA,NA
Amhara,West Gojjam,Finote Selam General Hospital,ET030714,NA,56598,2025-Wk16-27,NA,NA,NA,100,100,NA,NA,NA,NA,NA,NA,NA,NA,NA,NA,0,NA,NA,NA,NA,NA,NA,NA
Amhara,West Gojjam,Finote Selam General Hospital,ET030714,0,0,2025-Wk28-52,NA,NA,NA,100,100,NA,NA,NA,NA,NA,NA,NA,NA,NA,NA,0,NA,NA,NA,NA,NA,NA,NA
Amhara,West Gojjam,Finote Selam Town,ET030714,56598,56598,2025-Wk03-15,NA,NA,NA,100,100,NA,NA,NA,NA,NA,NA,NA,NA,NA,NA,0,NA,NA,NA,NA,NA,NA,NA
Amhara,West Gojjam,Finote Selam Town,ET030714,56598,56598,2025-Wk16-27,NA,NA,NA,96.1,96.1,NA,NA,NA,NA,NA,NA,NA,NA,NA,NA,0,NA,NA,NA,NA,NA,NA,NA
Amhara,West Gojjam,Finote Selam Town,ET030714,58194,58194,2025-Wk28-52,NA,NA,NA,92.9,92.9,NA,NA,NA,NA,NA,NA,NA,NA,NA,NA,0,NA,NA,NA,NA,NA,NA,NA
Amhara,West Gojjam,Jabi Tehnan,ET030709,242971,242971,2025-Wk03-15,NA,NA,NA,93.5,93.5,NA,NA,NA,NA,NA,NA,NA,NA,NA,NA,0,NA,NA,NA,NA,NA,NA,NA
Amhara,West Gojjam,Jabi Tehnan,ET030709,242971,242971,2025-Wk16-27,NA,NA,NA,96.6,96.6,NA,NA,NA,NA,NA,NA,NA,NA,NA,NA,0,NA,NA,NA,NA,NA,NA,NA
Amhara,West Gojjam,Jabi Tehnan,ET030709,254465,254465,2025-Wk28-52,NA,NA,NA,95.7,95.7,NA,NA,NA,NA,NA,NA,NA,NA,NA,NA,0,NA,NA,NA,NA,NA,NA,NA
Amhara,West Gojjam,Quarit,ET030706,147416,147416,2025-Wk03-15,NA,NA,100,NA,0,NA,NA,NA,NA,NA,NA,NA,NA,NA,NA,0,NA,NA,NA,NA,NA,NA,NA
Amhara,West Gojjam,Quarit,ET030706,147416,147416,2025-Wk16-27,NA,NA,NA,22.7,34.7,NA,NA,NA,NA,NA,NA,NA,NA,NA,NA,0,NA,NA,NA,NA,NA,NA,NA
Amhara,West Gojjam,Quarit,ET030706,151576,151576,2025-Wk28-52,NA,NA,NA,0,0,NA,NA,NA,NA,NA,NA,NA,NA,NA,NA,0,NA,NA,NA,NA,NA,NA,NA
Amhara,West Gojjam,Sekela,ET030705,177602,177602,2025-Wk03-15,NA,NA,NA,93.9,93.9,NA,NA,NA,NA,NA,NA,NA,NA,NA,NA,0,NA,NA,NA,NA,NA,NA,NA
Amhara,West Gojjam,Sekela,ET030705,177602,177602,2025-Wk16-27,NA,NA,NA,98,98,NA,NA,NA,NA,NA,NA,NA,NA,NA,NA,0,NA,NA,NA,NA,NA,NA,NA
Amhara,West Gojjam,Sekela,ET030705,182604,182604,2025-Wk28-52,NA,NA,NA,100,100,NA,NA,NA,NA,NA,NA,NA,NA,NA,NA,0,NA,NA,NA,NA,NA,NA,NA
Amhara,West Gojjam,Womberma,ET030711,140100,140100,2025-Wk03-15,NA,NA,NA,85.9,85.9,NA,NA,NA,NA,NA,NA,NA,NA,NA,NA,0,NA,NA,NA,NA,NA,NA,NA
Amhara,West Gojjam,Womberma,ET030711,140100,140100,2025-Wk16-27,NA,NA,NA,90.3,90.3,NA,NA,NA,NA,NA,NA,NA,NA,NA,NA,0,NA,NA,NA,NA,NA,NA,NA
Amhara,West Gojjam,Womberma,ET030711,144132,144132,2025-Wk28-52,NA,NA,NA,93.3,93.3,NA,NA,NA,NA,NA,NA,NA,NA,NA,NA,0,NA,NA,NA,NA,NA,NA,NA
Amhara,West Gondar,Adagn Ager Chako,ET031205,51881,51881,2025-Wk03-15,NA,NA,NA,78.1,84.6,NA,NA,NA,NA,NA,NA,NA,NA,NA,NA,0,NA,NA,NA,NA,NA,NA,NA
Amhara,West Gondar,Adagn Ager Chako,ET031205,51881,51881,2025-Wk16-27,NA,NA,NA,42.3,91.7,NA,NA,NA,NA,NA,NA,NA,NA,NA,NA,0,NA,NA,NA,NA,NA,NA,NA
Amhara,West Gondar,Adagn Ager Chako,ET031205,53349,53349,2025-Wk28-52,NA,NA,NA,85.7,85.7,NA,NA,NA,NA,NA,NA,NA,NA,NA,NA,0,NA,NA,NA,NA,NA,NA,NA
Amhara,West Gondar,Genda Wuha Town,ET031292,27404,27404,2025-Wk03-15,NA,NA,100,92.3,100,0,100,NA,NA,NA,NA,NA,NA,NA,NA,0,NA,NA,NA,NA,NA,NA,NA
Amhara,West Gondar,Genda Wuha Town,ET031292,27404,27404,2025-Wk16-27,NA,NA,NA,97.9,97.9,NA,NA,NA,NA,NA,NA,NA,NA,NA,NA,0,NA,NA,NA,NA,NA,NA,NA
Amhara,West Gondar,Genda Wuha Town,ET031292,28180,28180,2025-Wk28-52,NA,NA,NA,100,100,NA,NA,NA,NA,NA,NA,NA,NA,NA,NA,0,NA,NA,NA,NA,NA,NA,NA
Amhara,West Gondar,Metema,ET031213,173083,173083,2025-Wk03-15,NA,NA,NA,82.1,89,NA,100,NA,NA,NA,NA,NA,NA,NA,NA,0,NA,NA,NA,NA,NA,NA,NA
Amhara,West Gondar,Metema,ET031213,173083,173083,2025-Wk16-27,NA,NA,NA,83.6,83.6,NA,NA,NA,NA,NA,NA,NA,NA,NA,NA,0,NA,NA,NA,NA,NA,NA,NA
Amhara,West Gondar,Metema,ET031213,292919,292919,2025-Wk28-52,NA,NA,NA,85.7,85.7,NA,NA,NA,NA,NA,NA,NA,NA,NA,NA,0,NA,NA,NA,NA,NA,NA,NA
Amhara,West Gondar,Metema General Hospital,ET031213,NA,173083.29563319837,2025-Wk03-15,NA,NA,NA,92.3,100,NA,NA,NA,NA,NA,NA,NA,NA,NA,NA,0,NA,NA,NA,NA,NA,NA,NA
Amhara,West Gondar,Metema General Hospital,ET031213,NA,173083.29563319837,2025-Wk16-27,NA,NA,NA,100,100,NA,NA,NA,NA,NA,NA,NA,NA,NA,NA,0,NA,NA,NA,NA,NA,NA,NA
Amhara,West Gondar,Metema General Hospital,ET031213,0,0,2025-Wk28-52,NA,NA,NA,100,100,NA,NA,NA,NA,NA,NA,NA,NA,NA,NA,0,NA,NA,NA,NA,NA,NA,NA
Amhara,West Gondar,Quara,ET031214,161365,161365,2025-Wk03-15,NA,NA,NA,84.8,91.9,NA,4,NA,NA,NA,NA,NA,NA,NA,NA,0,NA,NA,NA,NA,NA,NA,NA
Amhara,West Gondar,Quara,ET031214,161365,161365,2025-Wk16-27,NA,NA,NA,91.2,91.2,NA,NA,NA,NA,NA,NA,NA,NA,NA,NA,0,NA,NA,NA,NA,NA,NA,NA
Amhara,West Gondar,Quara,ET031214,108343,108343,2025-Wk28-52,NA,NA,NA,91.4,91.4,NA,NA,NA,NA,NA,NA,NA,NA,NA,NA,0,NA,NA,NA,NA,NA,NA,NA
Amhara,West Gondar,West Armachiho,ET031206,55183,55183,2025-Wk03-15,NA,NA,NA,80.5,86.7,NA,NA,NA,NA,NA,NA,NA,NA,NA,NA,0,NA,NA,NA,NA,NA,NA,NA
Amhara,West Gondar,West Armachiho,ET031206,55183,55183,2025-Wk16-27,NA,NA,NA,87.8,87.8,NA,NA,NA,NA,NA,NA,NA,NA,NA,NA,0,NA,NA,NA,NA,NA,NA,NA
Amhara,West Gondar,West Armachiho,ET031206,56745,56745,2025-Wk28-52,NA,NA,NA,73.3,73.3,NA,NA,NA,NA,NA,NA,NA,NA,NA,NA,0,NA,NA,NA,NA,NA,NA,NA
Amhara,Woldia City,Woldia Specialized Hospital,ET030309,NA,96885.9350710884,2025-Wk03-15,NA,NA,NA,100,100,NA,50,NA,NA,NA,NA,NA,NA,NA,NA,0,NA,NA,NA,NA,NA,NA,NA
Amhara,Woldia City,Woldia Specialized Hospital,ET030309,NA,96885.9350710884,2025-Wk16-27,NA,NA,NA,100,100,NA,NA,NA,NA,NA,NA,NA,NA,NA,NA,0,NA,NA,NA,NA,NA,NA,NA
Amhara,Woldia City,Woldia Specialized Hospital,ET030309,0,0,2025-Wk28-52,NA,NA,NA,100,100,NA,NA,NA,NA,NA,NA,NA,NA,NA,NA,0,NA,NA,NA,NA,NA,NA,NA
Amhara,Woldia City,Woldia Town,ET030309,128147.73223843248,128147.73223843248,2025-Wk03-15,NA,NA,NA,96.3,96.3,NA,100,NA,NA,NA,NA,NA,NA,NA,NA,0,NA,NA,NA,NA,NA,NA,NA
Amhara,Woldia City,Woldia Town,ET030309,128147.73223843248,128147.73223843248,2025-Wk16-27,NA,NA,NA,98.7,98.7,NA,NA,NA,NA,NA,NA,NA,NA,NA,NA,0,NA,NA,NA,NA,NA,NA,NA
Amhara,Woldia City,Woldia Town,ET030309,99619,99619,2025-Wk28-52,NA,NA,NA,100,100,NA,NA,NA,NA,NA,NA,NA,NA,NA,NA,0,NA,NA,NA,NA,NA,NA,NA
Amhara,Wolkait Tegedie Setit Humera,Awura,ET010507,26457,26457,2025-Wk03-15,NA,NA,NA,87.5,87.5,0,NA,NA,NA,NA,NA,NA,NA,NA,NA,0,NA,NA,NA,NA,NA,NA,NA
Amhara,Wolkait Tegedie Setit Humera,Awura,ET010507,26457,26457,2025-Wk16-27,NA,NA,NA,45.8,91.7,NA,NA,NA,NA,NA,NA,NA,NA,NA,NA,0,NA,NA,NA,NA,NA,NA,NA
Amhara,Wolkait Tegedie Setit Humera,Awura,ET010507,39513,39513,2025-Wk28-52,NA,NA,NA,69.2,69.2,NA,NA,NA,NA,NA,NA,NA,NA,NA,NA,0,NA,NA,NA,NA,NA,NA,NA
Amhara,Wolkait Tegedie Setit Humera,Dansha,ET010506,22817,22817,2025-Wk03-15,NA,NA,NA,100,100,NA,NA,NA,NA,NA,NA,NA,NA,NA,NA,0,NA,NA,NA,NA,NA,NA,NA
Amhara,Wolkait Tegedie Setit Humera,Dansha,ET010506,22817,22817,2025-Wk16-27,NA,NA,NA,50,99,NA,NA,NA,NA,NA,NA,NA,NA,NA,NA,0,NA,NA,NA,NA,NA,NA,NA
Amhara,Wolkait Tegedie Setit Humera,Dansha,ET010506,23678,23678,2025-Wk28-52,NA,NA,NA,100,100,NA,NA,NA,NA,NA,NA,NA,NA,NA,NA,0,NA,NA,NA,NA,NA,NA,NA
Amhara,Wolkait Tegedie Setit Humera,Humera General Hospital,ET010501,NA,115454.03383419257,2025-Wk03-15,NA,NA,NA,100,100,NA,NA,NA,NA,NA,NA,NA,NA,NA,NA,0,NA,NA,NA,NA,NA,NA,NA
Amhara,Wolkait Tegedie Setit Humera,Humera General Hospital,ET010501,NA,115454.03383419257,2025-Wk16-27,NA,NA,NA,50,100,NA,NA,NA,NA,NA,NA,NA,NA,NA,NA,0,NA,NA,NA,NA,NA,NA,NA
Amhara,Wolkait Tegedie Setit Humera,Humera General Hospital,ET010501,0,0,2025-Wk28-52,NA,NA,NA,100,100,NA,NA,NA,NA,NA,NA,NA,NA,NA,NA,0,NA,NA,NA,NA,NA,NA,NA
Amhara,Wolkait Tegedie Setit Humera,Kafta Humera,ET010501,112777,112777,2025-Wk03-15,NA,NA,NA,98.6,98.6,NA,NA,NA,NA,NA,NA,NA,NA,NA,NA,0,NA,NA,NA,NA,NA,NA,NA
Amhara,Wolkait Tegedie Setit Humera,Kafta Humera,ET010501,112777,112777,2025-Wk16-27,NA,NA,NA,50,97.9,NA,NA,NA,NA,NA,NA,NA,NA,NA,NA,0,NA,NA,NA,NA,NA,NA,NA
Amhara,Wolkait Tegedie Setit Humera,Kafta Humera,ET010501,137181,137181,2025-Wk28-52,NA,NA,NA,100,100,NA,NA,NA,NA,NA,NA,NA,NA,NA,NA,0,NA,NA,NA,NA,NA,NA,NA
Amhara,Wolkait Tegedie Setit Humera,Setit Humera,ET010504,21347,21347,2025-Wk03-15,NA,NA,NA,74.4,74.4,NA,NA,NA,NA,NA,NA,NA,NA,NA,NA,0,NA,NA,NA,NA,NA,NA,NA
Amhara,Wolkait Tegedie Setit Humera,Setit Humera,ET010504,21347,21347,2025-Wk16-27,NA,NA,NA,37.5,72.2,NA,NA,NA,NA,NA,NA,NA,NA,NA,NA,0,NA,NA,NA,NA,NA,NA,NA
Amhara,Wolkait Tegedie Setit Humera,Setit Humera,ET010504,20934,20934,2025-Wk28-52,NA,NA,NA,66.7,66.7,NA,NA,NA,NA,NA,NA,NA,NA,NA,NA,0,NA,NA,NA,NA,NA,NA,NA
Amhara,Wolkait Tegedie Setit Humera,Tegedie,ET010503,152173,152173,2025-Wk03-15,NA,NA,NA,91.2,91.2,NA,NA,NA,NA,NA,NA,NA,NA,NA,NA,0,NA,NA,NA,NA,NA,NA,NA
Amhara,Wolkait Tegedie Setit Humera,Tegedie,ET010503,152173,152173,2025-Wk16-27,NA,NA,NA,45.1,89.1,NA,NA,NA,NA,NA,NA,NA,NA,NA,NA,0,NA,NA,NA,NA,NA,NA,NA
Amhara,Wolkait Tegedie Setit Humera,Tegedie,ET010503,157539,157539,2025-Wk28-52,NA,NA,NA,67.6,67.6,NA,NA,NA,NA,NA,NA,NA,NA,NA,NA,0,NA,NA,NA,NA,NA,NA,NA
Amhara,Wolkait Tegedie Setit Humera,Wolkait,ET010502,139774,139774,2025-Wk03-15,NA,NA,NA,83.7,83.7,NA,NA,NA,NA,NA,NA,NA,NA,NA,NA,0,NA,NA,NA,NA,NA,NA,NA
Amhara,Wolkait Tegedie Setit Humera,Wolkait,ET010502,139774,139774,2025-Wk16-27,NA,NA,NA,46.2,87.4,NA,NA,NA,NA,NA,NA,NA,NA,NA,NA,0,NA,NA,NA,NA,NA,NA,NA
Amhara,Wolkait Tegedie Setit Humera,Wolkait,ET010502,299058,299058,2025-Wk28-52,NA,NA,NA,84.8,84.8,NA,NA,NA,NA,NA,NA,NA,NA,NA,NA,0,NA,NA,NA,NA,NA,NA,NA
Amhara,Wolkait Tegedie Setit Humera,Woynat General Hospital,ET010502,NA,127324.13359791948,2025-Wk03-15,NA,NA,NA,100,100,NA,NA,NA,NA,NA,NA,NA,NA,NA,NA,0,NA,NA,NA,NA,NA,NA,NA
Amhara,Wolkait Tegedie Setit Humera,Woynat General Hospital,ET010502,NA,127324.13359791948,2025-Wk16-27,NA,NA,NA,NA,91.7,NA,NA,NA,NA,NA,NA,NA,NA,NA,NA,0,NA,NA,NA,NA,NA,NA,NA
Amhara,Wolkait Tegedie Setit Humera,Woynat General Hospital,ET010502,0,0,2025-Wk28-52,NA,NA,NA,100,100,NA,NA,NA,NA,NA,NA,NA,NA,NA,NA,0,NA,NA,NA,NA,NA,NA,NA
Benishangul Gumuz,Assosa,Abrehamo,ET060303,NA,39287,2025-Wk03-15,0,0,0,100,100,0,0,0,0,0,0,0,0,NA,NA,100,100,0,0,0,100,100,0
Benishangul Gumuz,Assosa,Abrehamo,ET060303,NA,39287,2025-Wk16-27,0,0,0,100,100,0,0,0,0,0,0,0,0,NA,NA,100,100,0,0,0,100,100,0
Benishangul Gumuz,Assosa,Abrehamo,ET060303,NA,39287,2025-Wk28-52,0,0,0,100,100,0,0,0,0,0,0,0,0,NA,NA,100,100,0,0,0,100,100,0
Benishangul Gumuz,Assosa,Assosa Town,ET060309,NA,39287,2025-Wk03-15,0,0,0,100,100,100,13.3,0,0,0,0,0,0,NA,NA,100,100,0,0,0,100,100,0
Benishangul Gumuz,Assosa,Assosa Town,ET060309,NA,39287,2025-Wk16-27,0,0,0,92.3,100,100,100,0,0,0,0,0,0,NA,NA,100,100,0,0,0,100,100,0
Benishangul Gumuz,Assosa,Assosa Town,ET060309,NA,39287,2025-Wk28-52,0,0,0,100,100,100,94.6,0,0,0,0,0,0,NA,NA,100,100,0,0,0,100,100,0
Benishangul Gumuz,Assosa,Bambasi,ET060305,NA,78842.12938693968,2025-Wk03-15,0,0,0,100,100,100,0,0,0,0,0,0,0,NA,NA,100,100,0,0,0,100,100,0
Benishangul Gumuz,Assosa,Bambasi,ET060305,NA,78842.12938693968,2025-Wk16-27,0,0,0,100,100,70,0,100,100,0,0,100,100,NA,NA,100,100,0,0,0,100,100,0
Benishangul Gumuz,Assosa,Bambasi,ET060305,NA,78842.12938693968,2025-Wk28-52,0,0,0,100,100,100,0,0,0,0,0,0,0,NA,NA,100,100,0,0,0,100,100,0
Benishangul Gumuz,Assosa,Bildigilu,ET060306,NA,90686.64,2025-Wk03-15,100,100,100,100,100,89.2,100,100,100,0,100,100,100,NA,NA,100,100,0,0,0,100,100,0
Benishangul Gumuz,Assosa,Bildigilu,ET060306,NA,90686.64,2025-Wk16-27,0,0,0,100,100,0,0,0,0,0,0,0,0,NA,NA,100,100,0,0,0,100,100,0
Benishangul Gumuz,Assosa,Bildigilu,ET060306,NA,90686.64,2025-Wk28-52,0,0,0,100,100,0,40,0,0,0,0,0,0,NA,NA,100,100,0,0,0,100,100,0
Benishangul Gumuz,Assosa,Homosha,ET060307,NA,35204.83942746124,2025-Wk03-15,100,0,0,100,100,100,33.3,0,0,0,0,0,0,NA,NA,100,100,0,0,0,100,100,0
Benishangul Gumuz,Assosa,Homosha,ET060307,NA,35204.83942746124,2025-Wk16-27,0,0,0,100,100,0,0,0,0,0,0,0,0,NA,NA,100,100,0,0,0,100,100,0
Benishangul Gumuz,Assosa,Homosha,ET060307,NA,35204.83942746124,2025-Wk28-52,0,0,0,100,100,0,100,0,0,0,0,0,0,NA,NA,100,100,0,0,0,100,100,0
Benishangul Gumuz,Assosa,Kurmuk,ET060302,NA,27093.673985708352,2025-Wk03-15,100,100,100,100,100,0,0,100,100,0,100,100,100,NA,NA,100,100,0,0,0,100,100,0
Benishangul Gumuz,Assosa,Kurmuk,ET060302,NA,27093.673985708352,2025-Wk16-27,0,0,0,100,100,0,0,100,100,0,0,100,100,NA,NA,100,100,0,0,0,100,100,0
Benishangul Gumuz,Assosa,Kurmuk,ET060302,NA,27093.673985708352,2025-Wk28-52,0,0,0,96,96,100,100,0,0,0,0,0,0,NA,NA,100,100,0,0,0,100,100,0
Benishangul Gumuz,Assosa,Menge,ET060301,NA,42335.72607943002,2025-Wk03-15,0,0,0,100,100,100,33.3,0,0,0,0,0,0,NA,NA,100,100,0,0,0,100,100,0
Benishangul Gumuz,Assosa,Menge,ET060301,NA,42335.72607943002,2025-Wk16-27,0,0,0,100,100,100,100,0,0,0,0,0,0,NA,NA,100,100,0,0,0,100,100,0
Benishangul Gumuz,Assosa,Menge,ET060301,NA,42335.72607943002,2025-Wk28-52,0,0,0,100,100,0,80,0,0,0,0,0,0,NA,NA,100,100,0,0,0,100,100,0
Benishangul Gumuz,Assosa,Oura,ET060303,NA,39287,2025-Wk03-15,100,0,0,100,100,100,0,0,100,0,0,0,0,NA,NA,100,100,0,0,0,100,100,0
Benishangul Gumuz,Assosa,Oura,ET060303,NA,39287,2025-Wk16-27,0,0,0,100,100,33.3,0,0,100,0,0,50,100,NA,NA,100,100,0,0,0,100,100,0
Benishangul Gumuz,Assosa,Oura,ET060303,NA,39287,2025-Wk28-52,0,0,0,100,100,0,20,0,0,0,0,0,0,NA,NA,100,100,0,0,0,100,100,0
Benishangul Gumuz,Assosa,Sherkole,ET060304,NA,39957.39523552449,2025-Wk03-15,0,0,0,100,100,0,50,0,0,0,0,0,0,NA,NA,100,100,0,0,0,100,100,0
Benishangul Gumuz,Assosa,Sherkole,ET060304,NA,39957.39523552449,2025-Wk16-27,0,0,0,100,100,0,100,0,0,0,0,0,0,NA,NA,100,100,0,0,0,100,100,0
Benishangul Gumuz,Assosa,Sherkole,ET060304,NA,39957.39523552449,2025-Wk28-52,0,0,0,100,100,0,0,0,0,0,0,0,0,NA,NA,100,100,0,0,0,100,100,0
Benishangul Gumuz,Assosa,Undulu,ET060308,NA,22817.400228388367,2025-Wk03-15,0,0,0,100,100,0,0,0,0,0,0,0,0,NA,NA,0,0,0,0,0,100,100,0
Benishangul Gumuz,Assosa,Undulu,ET060308,NA,22817.400228388367,2025-Wk16-27,0,0,0,100,100,0,0,0,0,0,0,0,0,NA,NA,0,0,0,0,0,100,100,0
Benishangul Gumuz,Assosa,Undulu,ET060308,NA,22817.400228388367,2025-Wk28-52,0,0,0,100,100,0,0,0,0,0,0,0,0,NA,NA,0,0,0,0,0,100,100,0
Benishangul Gumuz,Kamashi,Dambe,ET060403,NA,14602.561323003865,2025-Wk03-15,100,100,0,100,100,35.9,0,0,0,0,100,0,100,NA,NA,0,0,0,0,0,0,0,0
Benishangul Gumuz,Kamashi,Dambe,ET060403,NA,14602.561323003865,2025-Wk16-27,0,0,0,53.8,61.5,0,0,0,0,0,0,0,0,NA,NA,0,0,0,0,0,0,0,0
Benishangul Gumuz,Kamashi,Dambe,ET060403,NA,14602.561323003865,2025-Wk28-52,0,0,0,92,92,0,0,0,0,0,0,0,0,NA,NA,0,0,0,0,0,0,0,0
Benishangul Gumuz,Kamashi,Kamashi,ET060403,NA,14602.561323003865,2025-Wk03-15,100,100,100,100,100,96.3,0,100,100,0,100,100,100,NA,NA,0,0,0,0,0,0,0,0
Benishangul Gumuz,Kamashi,Kamashi,ET060403,NA,14602.561323003865,2025-Wk16-27,0,0,0,92.3,92.3,0,0,0,0,0,0,0,0,NA,NA,0,0,0,0,0,0,0,0
Benishangul Gumuz,Kamashi,Kamashi,ET060403,NA,14602.561323003865,2025-Wk28-52,0,0,0,96,96,0,0,0,0,0,0,0,0,NA,NA,0,0,0,0,0,0,0,0
Benishangul Gumuz,Kamashi,Mizhiga,ET060405,NA,48806,2025-Wk03-15,100,100,100,100,100,100,0,100,100,0,100,100,100,NA,NA,0,0,0,0,0,0,0,0
Benishangul Gumuz,Kamashi,Mizhiga,ET060405,NA,48806,2025-Wk16-27,0,0,0,53.8,69.2,0,0,0,0,0,0,0,0,NA,NA,0,0,0,0,0,0,0,0
Benishangul Gumuz,Kamashi,Mizhiga,ET060405,NA,48806,2025-Wk28-52,0,0,0,52,52,0,0,0,0,0,0,0,0,NA,NA,0,0,0,0,0,0,0,0
Benishangul Gumuz,Kamashi,Sedal,ET060402,NA,29137.37563016925,2025-Wk03-15,0,0,0,100,100,0,0,0,0,0,0,0,0,NA,NA,0,0,0,0,0,0,0,0
Benishangul Gumuz,Kamashi,Sedal,ET060402,NA,29137.37563016925,2025-Wk16-27,0,0,0,38.5,38.5,0,0,0,0,0,0,0,0,NA,NA,0,0,0,0,0,0,0,0
Benishangul Gumuz,Kamashi,Sedal,ET060402,NA,29137.37563016925,2025-Wk28-52,0,0,0,52,52,0,0,0,0,0,0,0,0,NA,NA,0,0,0,0,0,0,0,0
Benishangul Gumuz,Kamashi,Zayi,ET060400,NA,14352.102658388869,2025-Wk03-15,100,100,100,100,100,2.9,0,100,0,0,100,0,100,NA,NA,0,0,0,0,0,0,0,0
Benishangul Gumuz,Kamashi,Zayi,ET060400,NA,14352.102658388869,2025-Wk16-27,0,0,0,92.3,92.3,0,0,0,0,0,0,0,0,NA,NA,0,0,0,0,0,0,0,0
Benishangul Gumuz,Kamashi,Zayi,ET060400,NA,14352.102658388869,2025-Wk28-52,0,0,0,56,56,0,0,0,0,0,0,0,0,NA,NA,0,0,0,0,0,0,0,0
Benishangul Gumuz,Maokomo special Woreda,Maokomo,ET060508,NA,81055.19857099678,2025-Wk03-15,0,0,0,100,100,41.7,0,0,0,0,0,0,0,NA,NA,100,100,0,0,0,0,100,0
Benishangul Gumuz,Maokomo special Woreda,Maokomo,ET060508,NA,81055.19857099678,2025-Wk16-27,0,0,0,100,100,0,0,0,0,0,0,0,0,NA,NA,100,100,0,0,0,0,100,0
Benishangul Gumuz,Maokomo special Woreda,Maokomo,ET060508,NA,81055.19857099678,2025-Wk28-52,0,0,0,100,100,100,0,0,0,0,0,0,0,NA,NA,100,100,0,0,0,0,100,0
Benishangul Gumuz,Metekal,Bullen,ET060207,NA,73706.7002923953,2025-Wk03-15,100,100,100,100,100,100,100,100,100,0,100,100,100,NA,NA,100,100,0,0,0,100,100,0
Benishangul Gumuz,Metekal,Bullen,ET060207,NA,73706.7002923953,2025-Wk16-27,0,0,0,69.2,100,0,0,0,0,0,0,0,0,NA,NA,100,100,0,0,0,100,100,0
Benishangul Gumuz,Metekal,Bullen,ET060207,NA,73706.7002923953,2025-Wk28-52,100,100,100,100,100,0,0,100,100,0,100,100,100,NA,NA,100,100,0,0,0,100,100,0
Benishangul Gumuz,Metekal,Dangur,ET060201,NA,78586.53837263995,2025-Wk03-15,0,0,0,100,100,0,0,0,0,0,0,0,0,NA,NA,100,100,0,0,0,100,100,0
Benishangul Gumuz,Metekal,Dangur,ET060201,NA,78586.53837263995,2025-Wk16-27,0,0,0,100,100,0,0,0,0,0,0,0,0,NA,NA,100,100,0,0,0,100,100,0
Benishangul Gumuz,Metekal,Dangur,ET060201,NA,78586.53837263995,2025-Wk28-52,100,100,100,100,100,0,0,100,100,0,100,100,100,NA,NA,100,100,0,0,0,100,100,0
Benishangul Gumuz,Metekal,Dibate,ET060205,NA,107920.99623070296,2025-Wk03-15,100,100,100,100,100,100,0,100,100,0,100,100,100,NA,NA,100,100,0,0,0,100,100,0
Benishangul Gumuz,Metekal,Dibate,ET060205,NA,107920.99623070296,2025-Wk16-27,0,0,0,100,100,0,0,0,0,0,0,0,0,NA,NA,100,100,0,0,0,100,100,0
Benishangul Gumuz,Metekal,Dibate,ET060205,NA,107920.99623070296,2025-Wk28-52,100,100,100,100,100,0,0,100,100,0,100,100,100,NA,NA,100,100,0,0,0,100,100,0
Benishangul Gumuz,Metekal,Guba,ET060202,NA,24136.414097364886,2025-Wk03-15,0,0,0,100,100,0,50,0,0,0,0,0,0,NA,NA,100,100,0,0,0,100,100,0
Benishangul Gumuz,Metekal,Guba,ET060202,NA,24136.414097364886,2025-Wk16-27,100,100,100,100,100,0,0,100,100,0,100,100,100,NA,NA,100,100,0,0,0,100,100,0
Benishangul Gumuz,Metekal,Guba,ET060202,NA,24136.414097364886,2025-Wk28-52,0,0,0,100,100,0,0,0,0,0,0,0,0,NA,NA,100,100,0,0,0,100,100,0
Benishangul Gumuz,Metekal,Mandura,ET060204,NA,55015.709210532696,2025-Wk03-15,100,100,0,100,100,100,0,100,100,0,100,100,100,NA,NA,100,100,0,0,0,100,100,0
Benishangul Gumuz,Metekal,Mandura,ET060204,NA,55015.709210532696,2025-Wk16-27,0,0,0,100,100,0,0,100,100,0,0,100,100,NA,NA,100,100,0,0,0,100,100,0
Benishangul Gumuz,Metekal,Mandura,ET060204,NA,55015.709210532696,2025-Wk28-52,100,100,100,100,100,100,0,100,100,0,100,100,100,NA,NA,100,100,0,0,0,100,100,0
Benishangul Gumuz,Metekal,Pawe,ET060206,NA,73754.94437943179,2025-Wk03-15,0,0,0,100,100,0,22.2,0,0,0,0,0,0,NA,NA,100,100,0,0,0,100,100,0
Benishangul Gumuz,Metekal,Pawe,ET060206,NA,73754.94437943179,2025-Wk16-27,0,0,0,100,100,0,40.6,100,100,0,0,100,100,NA,NA,100,100,0,0,0,100,100,0
Benishangul Gumuz,Metekal,Pawe,ET060206,NA,73754.94437943179,2025-Wk28-52,0,0,0,100,100,0,33.3,0,0,0,0,0,0,NA,NA,100,100,0,0,0,100,100,0
Benishangul Gumuz,Metekal,Wonbera,ET060203,NA,97147.16777251032,2025-Wk03-15,0,0,0,100,100,0,0,0,0,0,0,0,0,NA,NA,0,0,0,0,0,100,100,0
Benishangul Gumuz,Metekal,Wonbera,ET060203,NA,97147.16777251032,2025-Wk16-27,0,0,0,84.6,92.3,0,0,0,0,0,0,0,0,NA,NA,0,0,0,0,0,100,100,0
Benishangul Gumuz,Metekal,Wonbera,ET060203,NA,97147.16777251032,2025-Wk28-52,0,0,0,100,100,0,0,0,0,0,0,0,0,NA,NA,0,0,0,0,0,100,100,0
Central Ethiopia,Gurage,Abeshge,ET070102,NA,90204.6062461022,2025-Wk03-15,100,100,100,100,100,NA,NA,100,100,100,0,100,100,NA,NA,100,0,0,0,100,100,100,0
Central Ethiopia,Gurage,Agena town,ET070103,NA,125595.56686993367,2025-Wk03-15,100,100,100,100,100,NA,NA,100,100,100,0,100,100,NA,NA,100,0,0,0,100,100,100,0
Central Ethiopia,Gurage,Arekit  town,ET070109,NA,118460.42108709436,2025-Wk03-15,100,100,100,100,100,NA,NA,100,100,100,0,100,100,NA,NA,100,0,0,0,100,100,100,0
Central Ethiopia,Gurage,Cheha,ET070110,NA,140562.90320605788,2025-Wk03-15,100,100,100,100,100,NA,100,100,100,100,0,100,100,NA,NA,100,0,0,0,100,100,100,0
Central Ethiopia,Gurage,Emdiber town,ET070116,NA,31916.362454079503,2025-Wk03-15,100,100,100,100,100,NA,100,100,100,100,0,100,100,NA,NA,100,0,0,0,100,100,100,0
Central Ethiopia,Gurage,Enidguagn,ET070108,NA,72398.08755230905,2025-Wk03-15,100,100,100,100,100,NA,100,100,100,100,0,100,100,NA,NA,100,0,0,0,100,100,100,0
Central Ethiopia,Gurage,Enor,ET070120,NA,84990.58385497896,2025-Wk03-15,100,100,100,100,100,NA,100,100,100,100,0,100,100,NA,NA,100,0,0,0,100,100,100,0
Central Ethiopia,Gurage,Enor Ener Meger,ET070120,NA,84990.58385497896,2025-Wk03-15,100,100,100,100,100,NA,NA,100,100,100,0,100,100,NA,NA,100,0,0,0,100,100,100,0
Central Ethiopia,Gurage,Ezha,ET070103,NA,125595.56686993367,2025-Wk03-15,100,100,100,100,100,NA,NA,100,100,100,0,100,100,NA,NA,100,0,0,0,100,100,100,0
Central Ethiopia,Gurage,Gedebano Gutazer Wolene,ET070104,NA,137628.08970610227,2025-Wk03-15,100,100,100,100,100,NA,100,100,100,100,0,100,100,NA,NA,100,0,0,0,100,100,100,0
Central Ethiopia,Gurage,Geta,ET070113,NA,101998.05122655391,2025-Wk03-15,100,100,100,100,100,NA,NA,100,100,100,0,100,100,NA,NA,100,0,0,0,100,100,100,0
Central Ethiopia,Gurage,Gumer,ET070109,NA,118460.42108709436,2025-Wk03-15,100,100,100,100,100,NA,100,100,100,100,0,100,100,NA,NA,100,0,0,0,100,100,100,0
Central Ethiopia,Gurage,Gunchire town,ET070111,NA,138842.605213144,2025-Wk03-15,100,100,100,100,100,NA,NA,100,100,100,0,100,100,NA,NA,100,0,0,0,100,100,100,0
Central Ethiopia,Gurage,Mihur Aklil,ET070112,NA,129049.97624298066,2025-Wk03-15,100,100,100,100,100,NA,100,100,100,100,0,100,100,NA,NA,100,0,0,0,100,100,100,0
Central Ethiopia,Gurage,Welkite Town Ad.,ET070114,NA,49455.113949469735,2025-Wk03-15,100,100,100,100,100,NA,100,100,100,100,0,100,100,NA,NA,100,0,0,0,100,100,100,0
Central Ethiopia,Hadiya,Ameka,ET070215,NA,84029.66179525672,2025-Wk03-15,100,100,100,100,100,NA,NA,100,100,100,0,100,100,NA,NA,100,0,0,0,100,100,100,0
Central Ethiopia,Hadiya,Anne Lemo  WoHO,ET070208,NA,77760.36222233628,2025-Wk03-15,100,100,100,100,100,NA,NA,100,100,100,0,100,100,NA,NA,100,0,0,0,100,100,100,0
Central Ethiopia,Hadiya,Bonosha Town,ET072006,NA,41519.80553206774,2025-Wk03-15,100,100,100,100,100,NA,NA,100,100,100,0,100,100,NA,NA,100,0,0,0,100,100,100,0
Central Ethiopia,Hadiya,Duna  WoHO,ET070207,NA,175324.80423963943,2025-Wk03-15,100,100,100,100,100,NA,NA,100,100,100,0,100,100,NA,NA,100,0,0,0,100,100,100,0
Central Ethiopia,Hadiya,East Badwacho  WoHO,ET070205,NA,144462.60363670028,2025-Wk03-15,100,100,100,100,100,NA,NA,100,100,100,0,100,100,NA,NA,100,0,0,0,100,100,100,0
Central Ethiopia,Hadiya,Fonko town,ET070208,NA,77760.36222233628,2025-Wk03-15,100,100,100,100,100,NA,NA,100,100,100,0,100,100,NA,NA,100,0,0,0,100,100,100,0
Central Ethiopia,Hadiya,Gibe  WoHO,ET070210,NA,129937.7726835326,2025-Wk03-15,100,100,100,100,100,NA,NA,100,100,100,0,100,100,NA,NA,100,0,0,0,100,100,100,0
Central Ethiopia,Hadiya,Gimbichu Town,ET070213,NA,16162.654814867721,2025-Wk03-15,100,100,100,100,100,0,NA,100,100,100,100,50,100,NA,NA,100,0,0,0,100,100,100,0
Central Ethiopia,Hadiya,Gombora  WoHO,ET070202,NA,136782.30297020046,2025-Wk03-15,100,100,100,100,100,NA,NA,100,100,100,0,100,100,NA,NA,100,0,0,0,100,100,100,0
Central Ethiopia,Hadiya,Homecho town,ET070210,NA,129937.7726835326,2025-Wk03-15,100,100,100,100,100,NA,NA,100,100,100,0,100,100,NA,NA,100,0,0,0,100,100,100,0
Central Ethiopia,Hadiya,Hossana   taHO,ET070211,NA,119921.81053989848,2025-Wk03-15,100,100,100,100,100,NA,100,100,100,100,0,100,100,NA,NA,100,0,0,0,100,100,100,0
Central Ethiopia,Hadiya,Jajura town,ET070214,NA,18781.333890062484,2025-Wk03-15,100,100,100,100,100,NA,NA,100,100,100,0,100,100,NA,NA,100,0,0,0,100,100,100,0
Central Ethiopia,Hadiya,Lemo  WoHO,ET070203,NA,174661.70524634977,2025-Wk03-15,100,100,100,100,100,NA,NA,100,100,100,0,100,100,NA,NA,100,0,0,0,100,100,100,0
Central Ethiopia,Hadiya,Mirab Soro  WoHO,ET070217,NA,56092.65752172943,2025-Wk03-15,100,100,100,100,100,NA,NA,100,100,100,0,100,100,NA,NA,100,0,0,0,100,100,100,0
Central Ethiopia,Hadiya,Misha  WoHO,ET070201,NA,112342.66056729031,2025-Wk03-15,100,100,100,100,100,NA,NA,100,100,100,0,100,100,NA,NA,100,0,0,0,100,100,100,0
Central Ethiopia,Hadiya,Shashago  WoHO,ET070204,NA,141829.6204229754,2025-Wk03-15,100,100,100,100,100,100,NA,100,100,100,100,50,100,NA,NA,100,0,0,0,100,100,100,0
Central Ethiopia,Hadiya,Shone  taHO,ET070212,NA,55321.25576528306,2025-Wk03-15,100,100,100,100,100,NA,NA,100,100,100,0,100,100,NA,NA,100,0,0,0,100,100,100,0
Central Ethiopia,Hadiya,Siraro Badawacho,ET070216,NA,55386.646112849376,2025-Wk03-15,100,100,100,100,100,100,NA,100,100,100,100,50,100,NA,NA,100,0,0,0,100,100,100,0
Central Ethiopia,Hadiya,Soro  WoHO,ET070206,NA,195820.59130495624,2025-Wk03-15,100,100,100,100,100,NA,NA,100,100,100,0,100,100,NA,NA,100,0,0,0,100,100,100,0
Central Ethiopia,Hadiya,West Badewacho  WoHO,ET070209,NA,123100.39446612982,2025-Wk03-15,100,100,100,100,100,NA,NA,100,100,100,0,100,100,NA,NA,100,0,0,0,100,100,100,0
Central Ethiopia,Halaba,Atoti Ullo Woreda,ET071403,NA,86228.41223217404,2025-Wk03-15,100,100,100,100,100,100,NA,100,100,100,100,50,100,NA,NA,100,0,0,0,100,100,100,0
Central Ethiopia,Halaba,Kulito town,ET071401,NA,71768.97162657269,2025-Wk03-15,100,100,100,100,100,100,100,100,100,100,100,50,100,NA,NA,100,0,0,0,100,100,100,0
Central Ethiopia,Halaba,Werra Dijo,ET071404,NA,103692.74365328372,2025-Wk03-15,100,100,100,100,100,100,NA,100,100,100,100,50,100,NA,NA,100,0,0,0,100,100,100,0
Central Ethiopia,Halaba,Werra Woreda,ET071402,NA,109037.38284264924,2025-Wk03-15,100,100,100,100,100,100,NA,100,100,100,100,50,100,NA,NA,100,0,0,0,100,100,100,0
Central Ethiopia,Kebena,Kebena,ET070101,NA,76920.37801422477,2025-Wk03-15,100,100,100,100,100,NA,NA,100,100,100,0,100,100,NA,NA,100,0,0,0,100,100,100,0
Central Ethiopia,Kembata,Adilo WoHO,ET070309,NA,42658.0062693939,2025-Wk03-15,100,100,100,100,100,100,NA,100,100,100,100,50,100,NA,NA,100,0,0,0,100,100,100,0
Central Ethiopia,Kembata,Angecha TA,ET070302,NA,109311.20492308318,2025-Wk03-15,100,100,100,100,100,NA,NA,100,100,100,0,100,100,NA,NA,100,0,0,0,100,100,100,0
Central Ethiopia,Kembata,Anigacha WoHO,ET070302,NA,109311.20492308318,2025-Wk03-15,100,100,100,100,100,NA,NA,100,100,100,0,100,100,NA,NA,100,0,0,0,100,100,100,0
Central Ethiopia,Kembata,Damboya TA,ET070307,NA,101403.05976428198,2025-Wk03-15,100,100,100,100,100,NA,NA,100,100,100,0,100,100,NA,NA,100,0,0,0,100,100,100,0
Central Ethiopia,Kembata,Demboya WoHO,ET070307,NA,101403.05976428198,2025-Wk03-15,100,100,100,100,100,NA,NA,100,100,100,0,100,100,NA,NA,100,0,0,0,100,100,100,0
Central Ethiopia,Kembata,Doyogena TA,ET070306,NA,93623.65185225196,2025-Wk03-15,100,100,100,100,100,NA,NA,100,100,100,0,100,100,NA,NA,100,0,0,0,100,100,100,0
Central Ethiopia,Kembata,Doyogena WHO,ET070306,NA,93623.65185225196,2025-Wk03-15,100,100,100,100,100,NA,NA,100,100,100,0,100,100,NA,NA,100,0,0,0,100,100,100,0
Central Ethiopia,Kembata,Durame taHO,ET070308,NA,54573.35366499333,2025-Wk03-15,100,100,100,100,100,100,100,100,100,100,100,50,100,NA,NA,100,0,0,0,100,100,100,0
Central Ethiopia,Kembata,Hadero Tunto Zuria  WoHO,ET070305,NA,122509.83788967153,2025-Wk03-15,100,100,100,100,100,NA,NA,100,100,100,0,100,100,NA,NA,100,0,0,0,100,100,100,0
Central Ethiopia,Kembata,Hadero taHO,ET070312,NA,27097.146996972428,2025-Wk03-15,100,100,100,100,100,100,NA,100,100,100,100,50,100,NA,NA,100,0,0,0,100,100,100,0
Central Ethiopia,Kembata,Kacha Birra WoHO,ET070304,NA,144547.40674370035,2025-Wk03-15,100,100,100,100,100,100,NA,100,100,100,100,50,100,NA,NA,100,0,0,0,100,100,100,0
Central Ethiopia,Kembata,Kedida Gamela  WoHO,ET070303,NA,77109.5239192153,2025-Wk03-15,100,100,100,100,100,NA,NA,100,100,100,0,100,100,NA,NA,100,0,0,0,100,100,100,0
Central Ethiopia,Kembata,Sheshicho taHO,ET070310,NA,26284.876273297108,2025-Wk03-15,100,100,100,100,100,NA,NA,100,100,100,0,100,100,NA,NA,100,0,0,0,100,100,100,0
Central Ethiopia,Mareko,Mareko,ET070107,NA,96422.7556312363,2025-Wk03-15,100,100,100,100,100,NA,NA,100,100,100,0,100,100,NA,NA,100,0,0,0,100,100,100,0
Central Ethiopia,Mis/Gurage,Buee town,ET070117,NA,29654.15465487402,2025-Wk03-15,100,100,100,100,100,NA,NA,100,100,100,0,100,100,NA,NA,100,0,0,0,100,100,100,0
Central Ethiopia,Mis/Gurage,Butajira Town Ad.,ET070115,NA,57235.23865862078,2025-Wk03-15,100,100,100,100,100,100,100,100,100,100,100,50,100,NA,NA,100,0,0,0,100,100,100,0
Central Ethiopia,Mis/Gurage,Debub Sodo,ET070119,NA,57904.65665462805,2025-Wk03-15,100,100,100,100,100,NA,NA,100,100,100,0,100,100,NA,NA,100,0,0,0,100,100,100,0
Central Ethiopia,Mis/Gurage,Enseno town,ET070118,NA,89264.23334694913,2025-Wk03-15,100,100,100,100,100,NA,NA,100,100,100,0,100,100,NA,NA,100,0,0,0,100,100,100,0
Central Ethiopia,Mis/Gurage,Meskan,ET070106,NA,142295.95201794337,2025-Wk03-15,100,100,100,100,100,NA,NA,100,100,100,0,100,100,NA,NA,100,0,0,0,100,100,100,0
Central Ethiopia,Mis/Gurage,Misrak meskan,ET070118,NA,89264.23334694913,2025-Wk03-15,100,100,100,100,100,NA,NA,100,100,100,0,100,100,NA,NA,100,0,0,0,100,100,100,0
Central Ethiopia,Mis/Gurage,Sodo,ET070105,NA,126051.40864816718,2025-Wk03-15,100,100,100,100,100,NA,100,100,100,100,0,100,100,NA,NA,100,0,0,0,100,100,100,0
Central Ethiopia,Silte,Alemgebeya town adm.HO,ET072006,NA,41519.80553206774,2025-Wk03-15,100,100,100,100,100,NA,100,100,100,100,0,100,100,NA,NA,100,0,0,0,100,100,100,0
Central Ethiopia,Silte,Alicho Wiriro  WoHO,ET072001,NA,136005.79259285048,2025-Wk03-15,100,100,100,100,100,NA,NA,100,100,100,0,100,100,NA,NA,100,0,0,0,100,100,100,0
Central Ethiopia,Silte,Dallocha  WoHO,ET072005,NA,93420.32874028795,2025-Wk03-15,100,100,100,100,100,NA,NA,100,100,100,0,100,100,NA,NA,100,0,0,0,100,100,100,0
Central Ethiopia,Silte,Dallocha  town admonstration,ET072005,NA,93420.32874028795,2025-Wk03-15,100,100,100,100,100,NA,NA,100,100,100,0,100,100,NA,NA,100,0,0,0,100,100,100,0
Central Ethiopia,Silte,East Azernet Berber  WoHO,ET072007,NA,79068.16917366258,2025-Wk03-15,100,100,100,100,100,NA,NA,100,100,100,0,100,100,NA,NA,100,0,0,0,100,100,100,0
Central Ethiopia,Silte,Hulbareg  WoHO,ET072008,NA,94223.40394633675,2025-Wk03-15,100,100,100,100,100,NA,NA,100,100,100,0,100,100,NA,NA,100,0,0,0,100,100,100,0
Central Ethiopia,Silte,Kibet town adm.HO,ET072011,NA,42347.40211845391,2025-Wk03-15,100,100,100,100,100,NA,NA,100,100,100,0,100,100,NA,NA,100,0,0,0,100,100,100,0
Central Ethiopia,Silte,Lanfuro  WoHO,ET072003,NA,86805.68639428292,2025-Wk03-15,100,100,100,100,100,NA,NA,100,100,100,0,100,100,NA,NA,100,0,0,0,100,100,100,0
Central Ethiopia,Silte,Mis silti,ET072013,NA,125128.5169648663,2025-Wk03-15,100,100,100,100,100,NA,NA,100,100,100,0,100,100,NA,NA,100,0,0,0,100,100,100,0
Central Ethiopia,Silte,Mito,ET072012,NA,57105.18618482658,2025-Wk03-15,100,100,100,100,100,NA,NA,100,100,100,0,100,100,NA,NA,100,0,0,0,100,100,100,0
Central Ethiopia,Silte,Sankura  WoHO,ET072006,NA,41519.80553206774,2025-Wk03-15,100,100,100,100,100,100,NA,100,100,100,100,50,100,NA,NA,100,0,0,0,100,100,100,0
Central Ethiopia,Silte,Silti  WoHO,ET072002,NA,125128.5169648663,2025-Wk03-15,100,100,100,100,100,NA,NA,100,100,100,0,100,100,NA,NA,100,0,0,0,100,100,100,0
Central Ethiopia,Silte,Tora town adm.HO,ET072009,NA,34351.388680110475,2025-Wk03-15,100,100,100,100,100,NA,NA,100,100,100,0,100,100,NA,NA,100,0,0,0,100,100,100,0
Central Ethiopia,Silte,West Azernet  WoHO,ET072004,NA,88300.46887068165,2025-Wk03-15,100,100,100,100,100,NA,NA,100,100,100,0,100,100,NA,NA,100,0,0,0,100,100,100,0
Central Ethiopia,Silte,Worabe  town adm HO,ET072010,NA,32766.694475808064,2025-Wk03-15,100,100,100,100,100,NA,100,100,100,100,0,100,100,NA,NA,100,0,0,0,100,100,100,0
Central Ethiopia,Tembaro,Modula TA,ET070301,NA,131263,2025-Wk03-15,100,100,100,100,100,NA,NA,100,100,100,0,100,100,NA,NA,100,0,0,0,100,100,100,0
Central Ethiopia,Tembaro,Tenbaro woreda,ET070301,NA,131263,2025-Wk03-15,100,100,100,100,100,100,NA,100,100,100,100,50,100,NA,NA,100,0,0,0,100,100,100,0
Central Ethiopia,Yem,Deri  saja woreda,ET072401,NA,119391,2025-Wk03-15,100,100,100,100,100,NA,NA,100,100,100,0,100,100,NA,NA,100,0,0,0,100,100,100,0
Central Ethiopia,Yem,Fofa worda,ET072401,NA,119391,2025-Wk03-15,100,100,100,100,100,NA,100,100,100,100,0,100,100,NA,NA,100,0,0,0,100,100,100,0
Central Ethiopia,Yem,Saja Town admnstration,ET072401,NA,119391,2025-Wk03-15,100,100,100,100,100,100,100,100,100,100,100,50,100,NA,NA,100,0,0,0,100,100,100,0
Central Ethiopia,Yem,Toba woreda,ET072401,NA,119391,2025-Wk03-15,100,100,100,100,100,NA,NA,100,100,100,0,100,100,NA,NA,100,0,0,0,100,100,100,0
Dire Dawa,NA,Addis ketema PHCU,NA,NA,NA,2025-Wk03-15,NA,0,100,100,100,NA,NA,0,0,NA,0,NA,0,NA,NA,100,100,0,100,0,100,100,0
Dire Dawa,NA,Addis ketema PHCU,NA,NA,NA,2025-Wk16-27,NA,NA,NA,100,100,NA,NA,0,0,NA,0,NA,0,NA,NA,100,100,0,100,0,100,100,NA
Dire Dawa,NA,Addis ketema PHCU,NA,NA,NA,2025-Wk28-52,NA,NA,100,100,100,105.9,NA,NA,100,NA,100,NA,100,NA,NA,100,100,0,100,0,100,100,100
Dire Dawa,NA,Biyoawale PHCU,NA,NA,NA,2025-Wk03-15,NA,0,100,85.7,100,NA,NA,0,0,NA,0,NA,0,NA,NA,100,100,0,100,0,100,100,0
Dire Dawa,NA,Biyoawale PHCU,NA,NA,NA,2025-Wk16-27,NA,NA,NA,100,100,NA,NA,0,0,NA,0,NA,0,NA,NA,100,100,0,100,0,100,100,NA
Dire Dawa,NA,Biyoawale PHCU,NA,NA,NA,2025-Wk28-52,NA,NA,NA,100,100,NA,NA,NA,NA,NA,NA,NA,NA,NA,NA,100,100,0,100,0,100,100,NA
Dire Dawa,NA,Boren /Industry/ PHCU,NA,NA,NA,2025-Wk03-15,NA,0,100,100,100,51.6,NA,0,0,NA,0,NA,0,NA,NA,100,100,0,100,0,100,100,0
Dire Dawa,NA,Boren /Industry/ PHCU,NA,NA,NA,2025-Wk16-27,NA,NA,NA,100,100,35.7,NA,0,0,NA,0,NA,0,NA,NA,100,100,0,100,0,100,100,NA
Dire Dawa,NA,Boren /Industry/ PHCU,NA,NA,NA,2025-Wk28-52,NA,NA,100,100,100,96.8,NA,NA,100,NA,100,NA,100,NA,NA,100,100,0,100,0,100,100,100
Dire Dawa,NA,Dechatu PHCU,NA,NA,NA,2025-Wk03-15,NA,0,100,100,100,80,NA,0,0,NA,0,NA,0,NA,NA,100,100,0,100,0,100,100,0
Dire Dawa,NA,Dechatu PHCU,NA,NA,NA,2025-Wk16-27,NA,NA,NA,100,100,25,NA,0,0,NA,0,NA,0,NA,NA,100,100,0,100,0,100,100,NA
Dire Dawa,NA,Dechatu PHCU,NA,NA,NA,2025-Wk28-52,NA,NA,100,100,100,57.1,NA,NA,100,NA,100,NA,100,NA,NA,100,100,0,100,0,100,100,100
Dire Dawa,NA,Dilchora Hospital,ET130106,NA,43116.663457158626,2025-Wk03-15,NA,0,100,100,100,89.1,100,0,0,NA,0,NA,0,NA,NA,100,100,0,100,0,100,100,0
Dire Dawa,NA,Dilchora Hospital,ET130106,NA,43116.663457158626,2025-Wk16-27,NA,NA,NA,100,100,104.1,100,0,0,NA,0,NA,0,NA,NA,100,100,0,100,0,100,100,NA
Dire Dawa,NA,Dilchora Hospital,ET130106,NA,43116.663457158626,2025-Wk28-52,NA,NA,NA,100,100,99.2,100,NA,NA,NA,NA,NA,NA,NA,NA,100,100,0,100,0,100,100,NA
Dire Dawa,NA,Dire Dawa PHCU,NA,NA,NA,2025-Wk03-15,NA,0,100,100,100,100,NA,0,0,NA,0,NA,0,NA,NA,100,100,0,100,0,100,100,0
Dire Dawa,NA,Dire Dawa PHCU,NA,NA,NA,2025-Wk16-27,NA,NA,NA,100,100,NA,NA,0,0,NA,0,NA,0,NA,NA,100,100,0,100,0,100,100,NA
Dire Dawa,NA,Dire Dawa PHCU,NA,NA,NA,2025-Wk28-52,NA,NA,100,100,100,100,NA,100,100,NA,100,NA,100,NA,NA,100,100,0,100,0,100,100,100
Dire Dawa,NA,Dr Abel MM (Gende kore )PHCU,NA,NA,NA,2025-Wk28-52,NA,NA,100,100,100,101.1,NA,100,100,NA,100,NA,NA,NA,NA,100,100,0,100,0,100,100,NA
Dire Dawa,NA,Gende Gerada PHCU,NA,NA,NA,2025-Wk03-15,NA,0,100,100,100,93.8,NA,0,0,NA,0,NA,0,NA,NA,100,100,0,100,0,100,100,0
Dire Dawa,NA,Gende Gerada PHCU,NA,NA,NA,2025-Wk16-27,NA,NA,NA,100,100,80,NA,0,0,NA,0,NA,0,NA,NA,100,100,0,100,0,100,100,NA
Dire Dawa,NA,Gende Gerada PHCU,NA,NA,NA,2025-Wk28-52,NA,NA,100,100,100,111.1,NA,100,100,NA,100,NA,100,NA,NA,100,100,0,100,0,100,100,100
Dire Dawa,NA,Gende kore PHCU,NA,NA,NA,2025-Wk03-15,NA,0,100,100,100,0,NA,0,0,NA,0,NA,0,NA,NA,100,100,0,100,0,100,100,0
Dire Dawa,NA,Gende kore PHCU,NA,NA,NA,2025-Wk16-27,NA,NA,NA,100,100,100,NA,0,0,NA,0,NA,0,NA,NA,100,100,0,100,0,100,100,NA
Dire Dawa,NA,Goro PHCU,NA,NA,NA,2025-Wk03-15,NA,0,100,100,100,100,NA,100,100,NA,100,NA,100,NA,NA,100,100,0,100,0,100,100,0
Dire Dawa,NA,Goro PHCU,NA,NA,NA,2025-Wk16-27,NA,NA,NA,92.9,100,107.2,100,NA,NA,NA,NA,NA,NA,NA,NA,100,100,0,100,0,100,100,NA
Dire Dawa,NA,Goro PHCU,NA,NA,NA,2025-Wk28-52,NA,NA,100,100,100,97,100,100,100,NA,100,NA,100,NA,NA,100,100,0,100,0,100,100,100
Dire Dawa,NA,Jeldesa /Qelad/ PHCU,NA,NA,NA,2025-Wk03-15,NA,0,100,80,80,NA,NA,0,0,NA,0,NA,0,NA,NA,100,100,0,100,0,100,100,0
Dire Dawa,NA,Jeldesa /Qelad/ PHCU,NA,NA,NA,2025-Wk16-27,NA,NA,NA,80,100,NA,NA,0,0,NA,0,NA,0,NA,NA,100,100,0,100,0,100,100,NA
Dire Dawa,NA,Jeldesa /Qelad/ PHCU,NA,NA,NA,2025-Wk28-52,NA,NA,NA,100,100,NA,NA,NA,NA,NA,NA,NA,NA,NA,NA,100,100,0,100,0,100,100,NA
Dire Dawa,NA,Jelo Belina PHCU,NA,NA,NA,2025-Wk03-15,NA,0,100,100,100,98.1,NA,0,0,NA,0,NA,0,NA,NA,100,100,0,100,0,100,100,0
Dire Dawa,NA,Jelo Belina PHCU,NA,NA,NA,2025-Wk16-27,NA,NA,NA,83.3,100,NA,NA,0,0,NA,0,NA,0,NA,NA,100,100,0,100,0,100,100,NA
Dire Dawa,NA,Jelo Belina PHCU,NA,NA,NA,2025-Wk28-52,NA,NA,NA,100,100,NA,NA,NA,NA,NA,NA,NA,NA,NA,NA,100,100,0,100,0,100,100,NA
Dire Dawa,NA,Kalich PHCU,NA,NA,NA,2025-Wk03-15,NA,0,100,100,100,100,NA,0,0,NA,0,NA,0,NA,NA,100,100,0,100,0,100,100,0
Dire Dawa,NA,Kalich PHCU,NA,NA,NA,2025-Wk16-27,NA,NA,NA,100,100,NA,NA,0,0,NA,0,NA,0,NA,NA,100,100,0,100,0,100,100,NA
Dire Dawa,NA,Kalich PHCU,NA,NA,NA,2025-Wk28-52,NA,NA,NA,100,100,NA,100,NA,NA,NA,NA,NA,NA,NA,NA,100,100,0,100,0,100,100,NA
Dire Dawa,NA,Legehare PHCU,NA,NA,NA,2025-Wk03-15,NA,0,100,100,100,100,NA,0,0,NA,0,NA,0,NA,NA,100,100,0,100,0,100,100,0
Dire Dawa,NA,Legehare PHCU,NA,NA,NA,2025-Wk16-27,NA,NA,NA,87.5,100,90,NA,0,0,NA,0,NA,0,NA,NA,100,100,0,100,0,100,100,NA
Dire Dawa,NA,Legehare PHCU,NA,NA,NA,2025-Wk28-52,NA,NA,100,100,100,99.5,NA,100,100,NA,100,NA,100,NA,NA,100,100,0,100,0,100,100,100
Dire Dawa,NA,Legoda gudenfeta PHCU,NA,NA,NA,2025-Wk03-15,NA,0,100,100,100,NA,NA,0,0,NA,0,NA,0,NA,NA,100,100,0,100,0,100,100,0
Dire Dawa,NA,Legoda gudenfeta PHCU,NA,NA,NA,2025-Wk16-27,NA,NA,NA,100,100,NA,NA,0,0,NA,0,NA,0,NA,NA,100,100,0,100,0,100,100,NA
Dire Dawa,NA,Legoda gudenfeta PHCU,NA,NA,NA,2025-Wk28-52,NA,NA,NA,100,100,NA,NA,NA,NA,NA,NA,NA,NA,NA,NA,100,100,0,100,0,100,100,NA
Dire Dawa,NA,Melka Jebdu PHCU,NA,NA,NA,2025-Wk03-15,NA,0,100,100,100,NA,NA,0,0,NA,0,NA,0,NA,NA,100,100,0,100,0,100,100,0
Dire Dawa,NA,Melka Jebdu PHCU,NA,NA,NA,2025-Wk16-27,NA,NA,NA,100,100,NA,NA,0,0,NA,0,NA,0,NA,NA,100,100,0,100,0,100,100,NA
Dire Dawa,NA,Melka Jebdu PHCU,NA,NA,NA,2025-Wk28-52,NA,NA,100,100,100,0,NA,100,100,NA,100,NA,100,NA,NA,100,100,0,100,0,100,100,100
Dire Dawa,NA,Melka kero PHCU,NA,NA,NA,2025-Wk03-15,NA,0,100,100,100,NA,NA,0,0,NA,0,NA,0,NA,NA,100,100,0,100,0,100,100,0
Dire Dawa,NA,Melka kero PHCU,NA,NA,NA,2025-Wk16-27,NA,NA,NA,100,100,NA,NA,0,0,NA,0,NA,0,NA,NA,100,100,0,100,0,100,100,NA
Dire Dawa,NA,Melka kero PHCU,NA,NA,NA,2025-Wk28-52,NA,NA,NA,100,100,NA,NA,NA,NA,NA,NA,NA,NA,NA,NA,100,100,0,100,0,100,100,NA
Dire Dawa,NA,Sabiyan Hospital,ET150103,NA,81219.75332974964,2025-Wk03-15,NA,0,100,100,100,100,100,0,0,NA,0,NA,0,NA,NA,NA,NA,NA,NA,NA,NA,NA,NA
Dire Dawa,NA,Sabiyan Hospital,ET150103,NA,81219.75332974964,2025-Wk16-27,NA,NA,NA,100,100,101.4,100,0,0,NA,0,NA,0,NA,NA,NA,NA,NA,NA,NA,NA,NA,NA
Dire Dawa,NA,Sabiyan Hospital,ET150103,NA,81219.75332974964,2025-Wk28-52,NA,NA,NA,100,100,98.7,100,NA,NA,NA,NA,NA,NA,NA,NA,100,100,100,100,0,100,100,NA
Dire Dawa,NA,Wahil PHCU,NA,NA,NA,2025-Wk03-15,NA,0,100,83.3,100,NA,NA,0,0,NA,0,NA,0,NA,NA,100,100,0,100,0,100,100,0
Dire Dawa,NA,Wahil PHCU,NA,NA,NA,2025-Wk16-27,NA,NA,NA,83.3,100,50,NA,0,0,NA,0,NA,0,NA,NA,100,100,0,100,0,100,100,NA
Dire Dawa,NA,Wahil PHCU,NA,NA,NA,2025-Wk28-52,NA,NA,NA,100,100,NA,NA,NA,NA,NA,NA,NA,NA,NA,NA,100,100,0,100,0,100,100,NA
Gambella,Anywaa,Abobo,ET120201,NA,29535.679403855454,2025-Wk03-15,0,NA,NA,84.6,100,NA,NA,NA,NA,0,0,NA,NA,NA,NA,0,0,0,0,0,0,0,NA
Gambella,Anywaa,Abobo,ET120201,NA,29535.679403855454,2025-Wk16-27,0,NA,NA,84.6,100,NA,NA,NA,NA,0,0,NA,NA,NA,NA,0,0,0,0,0,0,0,NA
Gambella,Anywaa,Abobo,ET120201,NA,29535.679403855454,2025-Wk28-52,0,NA,NA,92,100,NA,NA,NA,NA,0,0,NA,NA,NA,NA,0,0,0,0,0,0,0,NA
Gambella,Anywaa,Dima,ET120205,NA,14252.73991068264,2025-Wk03-15,0,NA,NA,84.6,100,NA,NA,NA,NA,0,0,NA,NA,NA,NA,0,0,0,0,0,0,0,NA
Gambella,Anywaa,Dima,ET120205,NA,14252.73991068264,2025-Wk16-27,0,NA,NA,61.5,100,NA,NA,NA,NA,0,0,NA,NA,NA,NA,0,0,0,0,0,7.1,0,NA
Gambella,Anywaa,Dima,ET120205,NA,14252.73991068264,2025-Wk28-52,0,NA,NA,88,100,NA,NA,NA,NA,0,0,NA,NA,NA,NA,0,0,0,0,0,7.1,0,NA
Gambella,Anywaa,Gambella Woreda,ET120206,NA,69510.49515211432,2025-Wk03-15,0,0,100,84.6,100,191.7,NA,100,100,0,100,0,100,NA,NA,100,100,0,0,0,0,7.1,NA
Gambella,Anywaa,Gambella Woreda,ET120206,NA,69510.49515211432,2025-Wk16-27,0,NA,NA,84.6,100,NA,NA,NA,NA,0,0,NA,NA,NA,NA,100,100,0,0,0,7.1,7.1,NA
Gambella,Anywaa,Gambella Woreda,ET120206,NA,69510.49515211432,2025-Wk28-52,0,NA,NA,88,100,NA,NA,NA,NA,0,0,NA,NA,NA,NA,100,100,0,0,0,7.1,7.1,NA
Gambella,Anywaa,Gog,ET120203,NA,29987.694556130205,2025-Wk03-15,0,0,100,76.9,100,100,NA,100,100,0,100,0,100,NA,NA,100,100,0,0,0,0,11.1,NA
Gambella,Anywaa,Gog,ET120203,NA,29987.694556130205,2025-Wk16-27,0,NA,NA,76.9,100,NA,NA,NA,NA,0,0,NA,NA,NA,NA,100,100,0,0,0,11.1,11.1,NA
Gambella,Anywaa,Gog,ET120203,NA,29987.694556130205,2025-Wk28-52,0,NA,NA,76,100,NA,NA,NA,NA,0,0,NA,NA,NA,NA,100,100,0,0,0,11.1,11.1,NA
Gambella,Anywaa,Jor,ET120204,NA,15797.490722339928,2025-Wk03-15,0,NA,NA,76.9,100,NA,NA,NA,NA,0,0,NA,NA,NA,NA,0,0,0,0,0,0,0,NA
Gambella,Anywaa,Jor,ET120204,NA,15797.490722339928,2025-Wk16-27,0,NA,NA,61.5,100,NA,NA,NA,NA,0,0,NA,NA,NA,NA,0,0,0,0,0,16.7,0,NA
Gambella,Anywaa,Jor,ET120204,NA,15797.490722339928,2025-Wk28-52,0,NA,NA,92,100,NA,NA,NA,NA,0,0,NA,NA,NA,NA,0,0,0,0,0,16.7,0,NA
Gambella,Majang,Godere,ET120301,NA,69099.0735936118,2025-Wk03-15,0,NA,NA,84.6,100,NA,0,NA,NA,0,0,NA,NA,NA,NA,0,0,0,0,0,0,0,NA
Gambella,Majang,Godere,ET120301,NA,69099.0735936118,2025-Wk16-27,0,NA,NA,92.3,100,NA,NA,NA,NA,0,0,NA,NA,NA,NA,0,0,0,0,0,7.7,0,NA
Gambella,Majang,Godere,ET120301,NA,69099.0735936118,2025-Wk28-52,0,NA,NA,96,100,NA,NA,NA,NA,0,0,NA,NA,NA,NA,0,0,0,0,0,7.7,0,NA
Gambella,Majang,Mengeshi,ET120308,NA,36478.281063065646,2025-Wk03-15,0,NA,NA,76.9,100,NA,0,NA,NA,0,0,NA,NA,NA,NA,0,0,0,0,0,0,0,NA
Gambella,Majang,Mengeshi,ET120308,NA,36478.281063065646,2025-Wk16-27,0,NA,NA,76.9,100,NA,NA,NA,NA,0,0,NA,NA,NA,NA,0,0,0,0,0,6.7,0,NA
Gambella,Majang,Mengeshi,ET120308,NA,36478.281063065646,2025-Wk28-52,0,NA,NA,92,100,NA,NA,NA,NA,0,0,NA,NA,NA,NA,0,0,0,0,0,6.7,0,NA
Gambella,Nuer,Akobo,ET120101,NA,43979.318917683224,2025-Wk03-15,100,100,100,53.8,100,106.2,NA,100,0,0,100,0,100,NA,NA,100,100,0,0,0,0,100,NA
Gambella,Nuer,Akobo,ET120101,NA,43979.318917683224,2025-Wk16-27,0,NA,NA,30.8,100,NA,NA,NA,NA,0,0,NA,NA,NA,NA,100,100,0,0,0,0,100,NA
Gambella,Nuer,Akobo,ET120101,NA,43979.318917683224,2025-Wk28-52,0,NA,NA,28,100,NA,NA,NA,NA,0,0,NA,NA,NA,NA,100,100,0,0,0,0,100,NA
Gambella,Nuer,Jikaw,ET120103,NA,33374,2025-Wk03-15,0,0,100,84.6,100,102.3,NA,100,100,0,100,0,100,NA,NA,100,100,0,0,0,0,8.3,NA
Gambella,Nuer,Jikaw,ET120103,NA,33374,2025-Wk16-27,0,NA,NA,84.6,100,NA,NA,NA,NA,0,0,NA,NA,NA,NA,100,100,0,0,0,0,8.3,NA
Gambella,Nuer,Jikaw,ET120103,NA,33374,2025-Wk28-52,0,NA,NA,88,100,NA,NA,NA,NA,0,0,NA,NA,NA,NA,100,100,0,0,0,0,8.3,NA
Gambella,Nuer,Lare,ET120102,NA,57471.751788253176,2025-Wk03-15,0,0,100,76.9,100,110.7,NA,100,100,0,100,0,100,NA,NA,100,100,0,0,0,0,11.1,NA
Gambella,Nuer,Lare,ET120102,NA,57471.751788253176,2025-Wk16-27,0,NA,NA,76.9,100,NA,NA,NA,NA,0,0,NA,NA,NA,NA,100,100,0,0,0,11.1,11.1,NA
Gambella,Nuer,Lare,ET120102,NA,57471.751788253176,2025-Wk28-52,0,NA,NA,96,100,NA,NA,NA,NA,0,0,NA,NA,NA,NA,100,100,0,0,0,11.1,11.1,NA
Gambella,Nuer,Makuey,ET120105,NA,28429.778254600755,2025-Wk03-15,0,0,100,76.9,100,100,NA,100,100,0,100,0,100,NA,NA,100,100,0,0,0,0,8.3,NA
Gambella,Nuer,Makuey,ET120105,NA,28429.778254600755,2025-Wk16-27,0,NA,NA,76.9,100,NA,NA,NA,NA,0,0,NA,NA,NA,NA,100,100,0,0,0,8.3,8.3,NA
Gambella,Nuer,Makuey,ET120105,NA,28429.778254600755,2025-Wk28-52,0,NA,NA,88,100,NA,NA,NA,NA,0,0,NA,NA,NA,NA,100,100,0,0,0,8.3,8.3,NA
Gambella,Nuer,Wanthoa,ET120104,NA,37379.019995147115,2025-Wk03-15,0,0,100,69.2,100,93.1,NA,100,0,0,100,0,100,NA,NA,100,100,0,0,0,0,11.1,NA
Gambella,Nuer,Wanthoa,ET120104,NA,37379.019995147115,2025-Wk16-27,0,NA,NA,30.8,100,NA,NA,NA,NA,0,0,NA,NA,NA,NA,100,100,0,0,0,0,11.1,NA
Gambella,Nuer,Wanthoa,ET120104,NA,37379.019995147115,2025-Wk28-52,0,NA,NA,76,100,NA,NA,NA,NA,0,0,NA,NA,NA,NA,100,100,0,0,0,0,11.1,NA
Gambella,NA,Gambella Town Adminstration,ET120206,NA,69510.49515211432,2025-Wk03-15,0,0,100,76.9,100,108.6,0,100,100,0,100,0,100,NA,NA,100,100,0,0,0,0,33.3,NA
Gambella,NA,Gambella Town Adminstration,ET120206,NA,69510.49515211432,2025-Wk16-27,0,NA,NA,76.9,100,NA,NA,NA,NA,0,0,NA,NA,NA,NA,100,100,0,0,0,33.3,33.3,NA
Gambella,NA,Gambella Town Adminstration,ET120206,NA,69510.49515211432,2025-Wk28-52,0,NA,NA,96,100,NA,NA,NA,NA,0,0,NA,NA,NA,NA,100,100,0,0,0,33.3,33.3,NA
Gambella,NA,Itang Special woreda,ET120407,NA,62937.62433347838,2025-Wk03-15,0,0,100,84.6,100,120,NA,100,100,0,100,0,100,NA,NA,100,100,0,0,0,0,6.7,NA
Gambella,NA,Itang Special woreda,ET120407,NA,62937.62433347838,2025-Wk16-27,0,NA,NA,76.9,100,NA,NA,NA,NA,0,0,NA,NA,NA,NA,100,100,0,0,0,0,6.7,NA
Gambella,NA,Itang Special woreda,ET120407,NA,62937.62433347838,2025-Wk28-52,0,NA,NA,76,100,NA,NA,NA,NA,0,0,NA,NA,NA,NA,100,100,0,0,0,0,6.7,NA
Harari,Harari,Abadir,ET130109,NA,33071.8198984561,2025-Wk03-15,0,NA,NA,100,100,100,NA,NA,NA,0,0,NA,NA,NA,NA,0,0,0,0,0,100,0,NA
Harari,Harari,Abadir,ET130109,NA,33071.8198984561,2025-Wk16-27,NA,NA,NA,100,100,100,NA,50,50,33.3,0,NA,NA,NA,NA,0,0,0,0,0,100,0,NA
Harari,Harari,Aboker,ET130108,NA,22640.265395454593,2025-Wk03-15,0,NA,NA,100,100,100,NA,NA,NA,100,0,NA,NA,NA,NA,0,0,0,0,0,50,0,NA
Harari,Harari,Aboker,ET130108,NA,22640.265395454593,2025-Wk16-27,NA,NA,NA,100,100,56.7,NA,66.7,33.3,33.3,0,NA,NA,NA,NA,0,0,0,0,0,25,0,NA
Harari,Harari,Amirnur,ET130107,NA,31188.612585221697,2025-Wk03-15,100,100,100,100,100,100,NA,0,0,100,0,0,100,NA,NA,0,0,0,0,0,50,0,NA
Harari,Harari,Amirnur,ET130107,NA,31188.612585221697,2025-Wk16-27,NA,NA,NA,100,100,92.8,0,100,100,66.7,0,NA,NA,NA,NA,0,0,0,0,0,33.3,0,NA
Harari,Harari,Diretiyara,ET130106,NA,43116.663457158626,2025-Wk03-15,100,100,100,100,100,100,NA,0,0,100,0,0,100,NA,NA,100,100,0,0,0,100,0,NA
Harari,Harari,Diretiyara,ET130106,NA,43116.663457158626,2025-Wk16-27,NA,NA,NA,100,100,90.9,NA,100,50,66.7,0,NA,NA,NA,NA,100,100,0,0,0,12.5,0,NA
Harari,Harari,Erer,ET050104,NA,75872.93409206247,2025-Wk03-15,0,NA,NA,100,100,100,NA,0,0,0,0,NA,NA,NA,NA,0,0,0,0,0,100,0,NA
Harari,Harari,Erer,ET050104,NA,75872.93409206247,2025-Wk16-27,0,NA,NA,100,100,92.6,NA,50,50,33.3,0,NA,NA,NA,NA,0,0,0,0,0,12.5,0,NA
Harari,Harari,Hakim,ET130104,NA,30143.10044772637,2025-Wk03-15,0,NA,NA,100,100,100,NA,NA,NA,0,0,NA,NA,NA,NA,0,0,0,0,0,100,0,NA
Harari,Harari,Hakim,ET130104,NA,30143.10044772637,2025-Wk16-27,0,0,100,100,100,93.8,NA,100,100,33.3,33.3,100,100,NA,NA,0,0,0,0,0,16.7,0,NA
Harari,Harari,Harari,NA,NA,NA,2025-Wk28-52,NA,0,NA,100,100,88.5,6.3,0,NA,100,0,NA,NA,NA,NA,100,100,0,0,0,60,60,NA
Harari,Harari,Jinela,ET130103,NA,28538.410712103425,2025-Wk03-15,0,NA,NA,100,100,100,NA,NA,NA,100,0,NA,NA,NA,NA,0,0,0,0,0,50,0,NA
Harari,Harari,Jinela,ET130103,NA,28538.410712103425,2025-Wk16-27,0,NA,NA,100,100,98.4,98.3,100,100,66.7,0,NA,NA,NA,NA,0,0,0,0,0,14.3,0,NA
Harari,Harari,Shenkor,ET130102,NA,23793,2025-Wk03-15,0,NA,NA,100,100,100,NA,NA,NA,0,0,NA,NA,NA,NA,0,0,0,0,0,100,0,NA
Harari,Harari,Shenkor,ET130102,NA,23793,2025-Wk16-27,NA,NA,NA,100,100,39.4,NA,50,50,33.3,0,NA,NA,NA,NA,0,0,0,0,0,12.5,0,NA
Harari,Harari,Sofi,ET130101,NA,51324.0876536849,2025-Wk03-15,100,50,50,100,100,100,NA,0,0,0,0,0,100,NA,NA,0,0,0,0,0,50,0,NA
Harari,Harari,Sofi,ET130101,NA,51324.0876536849,2025-Wk16-27,NA,NA,NA,100,100,80,NA,100,50,33.3,0,NA,NA,NA,NA,0,0,0,0,0,7.1,0,NA
Oromia,Adama Town,Adama Town,ET040714,NA,425808.59846555063,2025-Wk03-15,NA,NA,NA,57.1,NA,NA,6.7,NA,NA,NA,NA,NA,NA,NA,NA,NA,NA,NA,NA,0,NA,NA,NA
Oromia,Adama Town,Adama Town,ET040714,NA,425808.59846555063,2025-Wk16-27,NA,NA,NA,57.1,NA,NA,NA,NA,NA,NA,NA,NA,NA,NA,NA,NA,NA,NA,NA,0,7.1,NA,NA
Oromia,Agaro Town,Agaro Town,ET040417,NA,44876.613989443445,2025-Wk03-15,NA,NA,NA,100,NA,NA,NA,NA,NA,NA,NA,NA,NA,NA,NA,NA,NA,NA,NA,0,NA,NA,NA
Oromia,Agaro Town,Agaro Town,ET040417,NA,44876.613989443445,2025-Wk16-27,NA,NA,NA,100,NA,NA,75,NA,NA,NA,NA,NA,NA,NA,NA,NA,NA,NA,NA,0,25,NA,NA
Oromia,Ambo Town,Ambo Town,ET040515,NA,104078.9648390331,2025-Wk03-15,NA,NA,NA,66.7,NA,NA,NA,NA,NA,NA,NA,NA,NA,NA,NA,NA,NA,NA,NA,0,NA,NA,NA
Oromia,Ambo Town,Ambo Town,ET040515,NA,104078.9648390331,2025-Wk16-27,NA,NA,NA,66.7,NA,NA,0,NA,NA,NA,NA,NA,NA,NA,NA,NA,NA,NA,NA,0,33.3,NA,NA
Oromia,Arsi,Amigna,ET040810,NA,112568.42017258824,2025-Wk03-15,NA,NA,NA,50,NA,NA,NA,NA,NA,NA,NA,NA,NA,NA,NA,NA,NA,NA,NA,0,NA,NA,NA
Oromia,Arsi,Amigna,ET040810,NA,112568.42017258824,2025-Wk16-27,NA,NA,NA,50,NA,NA,NA,NA,NA,NA,NA,NA,NA,NA,NA,NA,NA,NA,NA,0,50,NA,NA
Oromia,Arsi,Aseko,ET040802,NA,128430.24079313331,2025-Wk03-15,NA,NA,NA,66.7,NA,NA,50,NA,NA,NA,NA,NA,NA,NA,NA,NA,NA,NA,NA,0,NA,NA,NA
Oromia,Arsi,Aseko,ET040802,NA,128430.24079313331,2025-Wk16-27,NA,NA,100,66.7,NA,NA,100,100,100,100,33.3,100,100,NA,NA,NA,100,0,NA,0,33.3,NA,NA
Oromia,Arsi,Bele Gesgar,ET040823,NA,113512.86808733379,2025-Wk03-15,NA,NA,NA,100,NA,NA,NA,NA,NA,NA,NA,NA,NA,NA,NA,NA,NA,NA,NA,0,NA,NA,NA
Oromia,Arsi,Bele Gesgar,ET040823,NA,113512.86808733379,2025-Wk16-27,NA,NA,NA,100,NA,NA,0,NA,NA,NA,NA,NA,NA,NA,NA,NA,NA,NA,NA,0,25,NA,NA
Oromia,Arsi,Bokoji  Town,ET040894,NA,31273.253794078697,2025-Wk03-15,NA,NA,NA,100,NA,NA,NA,NA,NA,NA,NA,NA,NA,NA,NA,NA,NA,NA,NA,0,NA,NA,NA
Oromia,Arsi,Bokoji  Town,ET040894,NA,31273.253794078697,2025-Wk16-27,NA,NA,NA,100,NA,NA,100,NA,NA,NA,NA,NA,NA,NA,NA,NA,NA,NA,NA,0,50,NA,NA
Oromia,Arsi,Chole,ET040809,NA,136960.3455593834,2025-Wk03-15,NA,NA,NA,75,NA,NA,NA,NA,NA,NA,NA,NA,NA,NA,NA,NA,NA,NA,NA,0,NA,NA,NA
Oromia,Arsi,Chole,ET040809,NA,136960.3455593834,2025-Wk16-27,NA,NA,NA,75,NA,NA,NA,NA,NA,NA,NA,NA,NA,NA,NA,NA,NA,NA,NA,0,25,NA,NA
Oromia,Arsi,Dhera Town,ET040805,NA,102176.16832416796,2025-Wk03-15,NA,NA,NA,100,NA,NA,0,NA,NA,NA,NA,NA,NA,NA,NA,NA,NA,NA,NA,0,NA,NA,NA
Oromia,Arsi,Dhera Town,ET040805,NA,102176.16832416796,2025-Wk16-27,NA,NA,NA,100,NA,NA,NA,NA,NA,NA,NA,NA,NA,NA,NA,NA,NA,NA,NA,0,100,NA,NA
Oromia,Arsi,Digelu Tijo,ET040815,NA,216314.07747266616,2025-Wk03-15,NA,NA,NA,60,NA,NA,NA,NA,NA,NA,NA,NA,NA,NA,NA,NA,NA,NA,NA,0,NA,NA,NA
Oromia,Arsi,Digelu Tijo,ET040815,NA,216314.07747266616,2025-Wk16-27,NA,NA,NA,60,NA,NA,NA,NA,NA,NA,NA,NA,NA,NA,NA,NA,NA,NA,NA,0,20,NA,NA
Oromia,Arsi,Diksis,ET040822,NA,127667.73335846016,2025-Wk03-15,NA,NA,NA,100,NA,NA,0,NA,NA,NA,NA,NA,NA,NA,NA,NA,NA,NA,NA,0,NA,NA,NA
Oromia,Arsi,Diksis,ET040822,NA,127667.73335846016,2025-Wk16-27,NA,NA,NA,100,NA,NA,100,NA,NA,NA,NA,NA,NA,NA,NA,NA,NA,NA,NA,0,25,NA,NA
Oromia,Arsi,Dodota,ET040805,NA,102176.16832416796,2025-Wk03-15,NA,NA,NA,100,NA,NA,NA,NA,NA,NA,NA,NA,NA,NA,NA,NA,NA,NA,NA,0,NA,NA,NA
Oromia,Arsi,Dodota,ET040805,NA,102176.16832416796,2025-Wk16-27,NA,NA,NA,100,NA,NA,NA,NA,NA,NA,NA,NA,NA,NA,NA,NA,NA,NA,NA,0,100,NA,NA
Oromia,Arsi,Gololcha,ET040803,NA,156147.0975548294,2025-Wk03-15,NA,NA,NA,100,NA,NA,NA,NA,NA,NA,NA,NA,NA,NA,NA,NA,NA,NA,NA,0,NA,NA,NA
Oromia,Arsi,Gololcha,ET040803,NA,156147.0975548294,2025-Wk16-27,NA,NA,NA,100,NA,NA,NA,NA,NA,NA,NA,NA,NA,NA,NA,NA,NA,NA,NA,0,16.7,NA,NA
Oromia,Arsi,Guna,ET040819,NA,117081.0450304466,2025-Wk03-15,NA,NA,NA,100,NA,NA,NA,NA,NA,NA,NA,NA,NA,NA,NA,NA,NA,NA,NA,0,NA,NA,NA
Oromia,Arsi,Guna,ET040819,NA,117081.0450304466,2025-Wk16-27,NA,NA,NA,100,NA,NA,NA,NA,NA,NA,NA,NA,NA,NA,NA,NA,NA,NA,NA,0,33.3,NA,NA
Oromia,Arsi,Hetosa,ET040807,NA,192786.98810865718,2025-Wk03-15,NA,NA,NA,100,NA,NA,NA,NA,NA,NA,NA,NA,NA,NA,NA,NA,NA,NA,NA,0,NA,NA,NA
Oromia,Arsi,Hetosa,ET040807,NA,192786.98810865718,2025-Wk16-27,NA,NA,NA,100,NA,NA,NA,NA,NA,NA,NA,NA,NA,NA,NA,NA,NA,NA,NA,0,25,NA,NA
Oromia,Arsi,Honkolo Wabe,ET040824,NA,90413.20548527439,2025-Wk03-15,NA,NA,NA,100,NA,NA,NA,NA,NA,NA,NA,NA,NA,NA,NA,NA,NA,NA,NA,0,NA,NA,NA
Oromia,Arsi,Honkolo Wabe,ET040824,NA,90413.20548527439,2025-Wk16-27,NA,NA,NA,100,NA,NA,NA,NA,NA,NA,NA,NA,NA,NA,NA,NA,NA,NA,NA,0,33.3,NA,NA
Oromia,Arsi,Huruta Town,ET040821,NA,166110.9359989266,2025-Wk03-15,NA,NA,NA,100,NA,NA,NA,NA,NA,NA,NA,NA,NA,NA,NA,NA,NA,NA,NA,0,NA,NA,NA
Oromia,Arsi,Huruta Town,ET040821,NA,166110.9359989266,2025-Wk16-27,NA,NA,NA,100,NA,NA,NA,NA,NA,NA,NA,NA,NA,NA,NA,NA,NA,NA,NA,0,50,NA,NA
Oromia,Arsi,Jeju,ET040804,NA,167341.39757137198,2025-Wk03-15,NA,NA,NA,100,NA,NA,75,NA,NA,NA,NA,NA,NA,NA,NA,NA,NA,NA,NA,0,NA,NA,NA
Oromia,Arsi,Jeju,ET040804,NA,167341.39757137198,2025-Wk16-27,NA,NA,100,100,NA,NA,100,100,100,100,25,100,100,NA,NA,NA,100,0,NA,0,25,NA,NA
Oromia,Arsi,Lemu Bilbilo,ET040818,NA,248287.0781681551,2025-Wk03-15,NA,NA,NA,100,NA,NA,0,NA,NA,NA,NA,NA,NA,NA,NA,NA,NA,NA,NA,0,NA,NA,NA
Oromia,Arsi,Lemu Bilbilo,ET040818,NA,248287.0781681551,2025-Wk16-27,NA,NA,NA,100,NA,NA,NA,NA,NA,NA,NA,NA,NA,NA,NA,NA,NA,NA,NA,0,14.3,NA,NA
Oromia,Arsi,Lode Hetosa,ET040821,NA,166110.9359989266,2025-Wk03-15,NA,NA,NA,100,NA,NA,NA,NA,NA,NA,NA,NA,NA,NA,NA,NA,NA,NA,NA,0,NA,NA,NA
Oromia,Arsi,Lode Hetosa,ET040821,NA,166110.9359989266,2025-Wk16-27,NA,NA,NA,100,NA,NA,NA,NA,NA,NA,NA,NA,NA,NA,NA,NA,NA,NA,NA,0,33.3,NA,NA
Oromia,Arsi,Merti,ET040801,NA,140610.74198019624,2025-Wk03-15,NA,NA,NA,80,NA,NA,45.5,NA,NA,NA,NA,NA,NA,NA,NA,NA,NA,NA,NA,0,NA,NA,NA
Oromia,Arsi,Merti,ET040801,NA,140610.74198019624,2025-Wk16-27,NA,NA,100,80,NA,NA,100,100,100,100,20,100,100,NA,NA,NA,100,0,NA,0,20,NA,NA
Oromia,Arsi,Munesa,ET040817,NA,256088.8757159442,2025-Wk03-15,NA,NA,NA,75,NA,NA,0,NA,NA,NA,NA,NA,NA,NA,NA,NA,NA,NA,NA,0,NA,NA,NA
Oromia,Arsi,Munesa,ET040817,NA,256088.8757159442,2025-Wk16-27,NA,NA,NA,75,NA,NA,NA,NA,NA,NA,NA,NA,NA,NA,NA,NA,NA,NA,NA,0,12.5,NA,NA
Oromia,Arsi,Robe,ET040812,NA,255439.22348304378,2025-Wk03-15,NA,NA,NA,100,NA,NA,200,NA,NA,NA,NA,NA,NA,NA,NA,NA,NA,NA,NA,0,NA,NA,NA
Oromia,Arsi,Robe,ET040812,NA,255439.22348304378,2025-Wk16-27,NA,NA,NA,100,NA,NA,100,NA,NA,NA,NA,NA,NA,NA,NA,NA,NA,NA,NA,0,14.3,NA,NA
Oromia,Arsi,Seru,ET040811,NA,73405.79414776101,2025-Wk03-15,NA,NA,NA,100,NA,NA,0,NA,NA,NA,NA,NA,NA,NA,NA,NA,NA,NA,NA,0,NA,NA,NA
Oromia,Arsi,Seru,ET040811,NA,73405.79414776101,2025-Wk16-27,NA,NA,NA,100,NA,NA,NA,NA,NA,NA,NA,NA,NA,NA,NA,NA,NA,NA,NA,0,50,NA,NA
Oromia,Arsi,Shenan Kolu,ET040893,NA,105586.12275212884,2025-Wk03-15,NA,NA,NA,100,NA,NA,0,NA,NA,NA,NA,NA,NA,NA,NA,NA,NA,NA,NA,0,NA,NA,NA
Oromia,Arsi,Shenan Kolu,ET040893,NA,105586.12275212884,2025-Wk16-27,NA,NA,NA,100,NA,NA,NA,NA,NA,NA,NA,NA,NA,NA,NA,NA,NA,NA,NA,0,50,NA,NA
Oromia,Arsi,Shirka,ET040814,NA,251310.90392384835,2025-Wk03-15,NA,NA,NA,71.4,NA,NA,NA,NA,NA,NA,NA,NA,NA,NA,NA,NA,NA,NA,NA,0,NA,NA,NA
Oromia,Arsi,Shirka,ET040814,NA,251310.90392384835,2025-Wk16-27,NA,NA,NA,71.4,NA,NA,NA,NA,NA,NA,NA,NA,NA,NA,NA,NA,NA,NA,NA,0,14.3,NA,NA
Oromia,Arsi,Sire,ET040820,NA,120307.23418716113,2025-Wk03-15,NA,NA,NA,100,NA,NA,NA,NA,NA,NA,NA,NA,NA,NA,NA,NA,NA,NA,NA,0,NA,NA,NA
Oromia,Arsi,Sire,ET040820,NA,120307.23418716113,2025-Wk16-27,NA,NA,NA,100,NA,NA,NA,NA,NA,NA,NA,NA,NA,NA,NA,NA,NA,NA,NA,0,25,NA,NA
Oromia,Arsi,Sude,ET040808,NA,224586.26625295612,2025-Wk03-15,NA,NA,NA,75,NA,NA,70,NA,NA,NA,NA,NA,NA,NA,NA,NA,NA,NA,NA,0,NA,NA,NA
Oromia,Arsi,Sude,ET040808,NA,224586.26625295612,2025-Wk16-27,NA,NA,NA,75,NA,NA,40,NA,NA,NA,NA,NA,NA,NA,NA,NA,NA,NA,NA,0,12.5,NA,NA
Oromia,Arsi,Tena,ET040813,NA,101855.85483843798,2025-Wk03-15,NA,NA,NA,100,NA,NA,NA,NA,NA,NA,NA,NA,NA,NA,NA,NA,NA,NA,NA,0,NA,NA,NA
Oromia,Arsi,Tena,ET040813,NA,101855.85483843798,2025-Wk16-27,NA,NA,NA,100,NA,NA,NA,NA,NA,NA,NA,NA,NA,NA,NA,NA,NA,NA,NA,0,25,NA,NA
Oromia,Arsi,Tiyo,ET040816,NA,133072.03406145907,2025-Wk03-15,NA,NA,NA,100,NA,NA,NA,NA,NA,NA,NA,NA,NA,NA,NA,NA,NA,NA,NA,0,NA,NA,NA
Oromia,Arsi,Tiyo,ET040816,NA,133072.03406145907,2025-Wk16-27,NA,NA,NA,100,NA,NA,NA,NA,NA,NA,NA,NA,NA,NA,NA,NA,NA,NA,NA,0,25,NA,NA
Oromia,Arsi,Zeway Dugda,ET040806,NA,160716.17453449487,2025-Wk03-15,NA,NA,100,66.7,NA,100,0,NA,NA,NA,16.7,NA,NA,NA,NA,NA,NA,NA,NA,0,NA,NA,NA
Oromia,Arsi,Zeway Dugda,ET040806,NA,160716.17453449487,2025-Wk16-27,NA,NA,NA,66.7,NA,NA,NA,NA,NA,NA,NA,NA,NA,NA,NA,NA,NA,NA,NA,0,16.7,NA,NA
Oromia,Asella Town,Asella Town,ET040825,NA,118577.95809121689,2025-Wk03-15,NA,NA,NA,100,NA,NA,40,NA,NA,NA,NA,NA,NA,NA,NA,NA,NA,NA,NA,0,NA,NA,NA
Oromia,Asella Town,Asella Town,ET040825,NA,118577.95809121689,2025-Wk16-27,NA,NA,NA,100,NA,NA,11.9,NA,NA,NA,NA,NA,NA,NA,NA,NA,NA,NA,NA,0,33.3,NA,NA
Oromia,Bale,Agarfa,ET041104,NA,157908.22856765412,2025-Wk03-15,NA,NA,NA,100,NA,NA,0,NA,NA,NA,NA,NA,NA,NA,NA,NA,NA,NA,NA,0,NA,NA,NA
Oromia,Bale,Agarfa,ET041104,NA,157908.22856765412,2025-Wk16-27,NA,NA,NA,100,NA,NA,100,NA,NA,NA,NA,NA,NA,NA,NA,NA,NA,NA,NA,0,16.7,NA,NA
Oromia,Bale,Berbere,ET041114,NA,138735.59066606092,2025-Wk03-15,NA,NA,NA,100,NA,NA,NA,NA,NA,NA,NA,NA,NA,NA,NA,NA,NA,NA,NA,0,NA,NA,NA
Oromia,Bale,Berbere,ET041114,NA,138735.59066606092,2025-Wk16-27,NA,NA,NA,100,NA,NA,NA,NA,NA,NA,NA,NA,NA,NA,NA,NA,NA,NA,NA,0,20,NA,NA
Oromia,Bale,Dinsho,ET041122,NA,60013.01964690139,2025-Wk03-15,NA,NA,NA,100,NA,NA,NA,NA,NA,NA,NA,NA,NA,NA,NA,NA,NA,NA,NA,0,NA,NA,NA
Oromia,Bale,Dinsho,ET041122,NA,60013.01964690139,2025-Wk16-27,NA,NA,NA,100,NA,NA,NA,NA,NA,NA,NA,NA,NA,NA,NA,NA,NA,NA,NA,0,33.3,NA,NA
Oromia,Bale,Dolo Mena,ET041112,NA,138503.51265944264,2025-Wk03-15,NA,NA,NA,100,NA,NA,NA,NA,NA,NA,NA,NA,NA,NA,NA,NA,NA,NA,NA,0,NA,NA,NA
Oromia,Bale,Dolo Mena,ET041112,NA,138503.51265944264,2025-Wk16-27,NA,NA,NA,100,NA,NA,NA,NA,NA,NA,NA,NA,NA,NA,NA,NA,NA,NA,NA,0,16.7,NA,NA
Oromia,Bale,Gasera,ET041106,NA,119703.05515555984,2025-Wk03-15,NA,NA,NA,100,NA,NA,NA,NA,NA,NA,NA,NA,NA,NA,NA,NA,NA,NA,NA,0,NA,NA,NA
Oromia,Bale,Gasera,ET041106,NA,119703.05515555984,2025-Wk16-27,NA,NA,NA,100,NA,NA,NA,NA,NA,NA,NA,NA,NA,NA,NA,NA,NA,NA,NA,0,20,NA,NA
Oromia,Bale,Goba  rural,ET041110,NA,61753.06995458769,2025-Wk03-15,NA,NA,NA,100,NA,NA,NA,NA,NA,NA,NA,NA,NA,NA,NA,NA,NA,NA,NA,0,NA,NA,NA
Oromia,Bale,Goba  rural,ET041110,NA,61753.06995458769,2025-Wk16-27,NA,NA,NA,100,NA,NA,NA,NA,NA,NA,NA,NA,NA,NA,NA,NA,NA,NA,NA,0,25,NA,NA
Oromia,Bale,Goro,ET041116,NA,128030.80910612711,2025-Wk03-15,NA,NA,50,100,NA,100,0,NA,NA,NA,14.3,NA,NA,NA,NA,NA,NA,NA,NA,0,NA,NA,NA
Oromia,Bale,Goro,ET041116,NA,128030.80910612711,2025-Wk16-27,NA,NA,NA,100,NA,NA,100,NA,NA,NA,NA,NA,NA,NA,NA,NA,NA,NA,NA,0,14.3,NA,NA
Oromia,Bale,Goro,ET041116,NA,128030.80910612711,2025-Wk28-52,NA,NA,100,100,NA,107.5,8.8,NA,NA,NA,NA,NA,NA,NA,NA,NA,NA,NA,NA,0,NA,NA,NA
Oromia,Bale,Gura Damole,ET041115,NA,44194.2832603077,2025-Wk03-15,NA,NA,NA,100,NA,NA,NA,NA,NA,NA,NA,NA,NA,NA,NA,NA,NA,NA,NA,0,NA,NA,NA
Oromia,Bale,Gura Damole,ET041115,NA,44194.2832603077,2025-Wk16-27,NA,NA,NA,100,NA,NA,NA,NA,NA,NA,NA,NA,NA,NA,NA,NA,NA,NA,NA,0,33.3,NA,NA
Oromia,Bale,Gura Damole,ET041115,NA,44194.2832603077,2025-Wk28-52,NA,NA,100,100,NA,62.5,100,NA,NA,NA,NA,NA,NA,NA,NA,NA,NA,NA,NA,0,NA,NA,NA
Oromia,Bale,Harena Buluk,ET041111,NA,124692.19755590192,2025-Wk03-15,NA,NA,NA,100,NA,NA,NA,NA,NA,NA,NA,NA,NA,NA,NA,NA,NA,NA,NA,0,NA,NA,NA
Oromia,Bale,Harena Buluk,ET041111,NA,124692.19755590192,2025-Wk16-27,NA,NA,NA,100,NA,NA,NA,NA,NA,NA,NA,NA,NA,NA,NA,NA,NA,NA,NA,0,20,NA,NA
Oromia,Bale,Harena Buluk,ET041111,NA,124692.19755590192,2025-Wk28-52,NA,NA,100,100,NA,62.5,12.5,NA,NA,NA,NA,NA,NA,NA,NA,NA,NA,NA,NA,0,NA,NA,NA
Oromia,Bale,Sinana,ET041109,NA,179689.3377049246,2025-Wk03-15,NA,NA,NA,100,NA,NA,NA,NA,NA,NA,NA,NA,NA,NA,NA,NA,NA,NA,NA,0,NA,NA,NA
Oromia,Bale,Sinana,ET041109,NA,179689.3377049246,2025-Wk16-27,NA,NA,NA,100,NA,NA,NA,NA,NA,NA,NA,NA,NA,NA,NA,NA,NA,NA,NA,0,16.7,NA,NA
Oromia,Batu Town,Batu Town,ET040708,NA,235321.75129141845,2025-Wk03-15,NA,NA,NA,100,NA,NA,0,NA,NA,NA,NA,NA,NA,NA,NA,NA,NA,NA,NA,0,NA,NA,NA
Oromia,Batu Town,Batu Town,ET040708,NA,235321.75129141845,2025-Wk16-27,NA,NA,NA,100,NA,NA,50,NA,NA,NA,NA,NA,NA,NA,NA,NA,NA,NA,NA,0,20,NA,NA
Oromia,Bishoftu Town,Bishoftu Town,ET040709,NA,183575.84220285452,2025-Wk03-15,NA,NA,NA,71.4,NA,NA,0,NA,NA,NA,NA,NA,NA,NA,NA,NA,NA,NA,NA,0,NA,NA,NA
Oromia,Bishoftu Town,Bishoftu Town,ET040709,NA,183575.84220285452,2025-Wk16-27,NA,NA,NA,71.4,NA,NA,100,NA,NA,NA,NA,NA,NA,NA,NA,NA,NA,NA,NA,0,7.1,NA,NA
Oromia,Borena,Dilo,ET041219,NA,18332.476480585265,2025-Wk03-15,NA,NA,NA,100,NA,NA,NA,NA,NA,NA,NA,NA,NA,NA,NA,NA,NA,NA,NA,0,NA,NA,NA
Oromia,Borena,Dilo,ET041219,NA,18332.476480585265,2025-Wk16-27,NA,NA,NA,100,NA,NA,NA,NA,NA,NA,NA,NA,NA,NA,NA,NA,NA,NA,NA,0,33.3,NA,NA
Oromia,Borena,Dire,ET041211,NA,57084.47860032517,2025-Wk03-15,NA,NA,NA,100,NA,NA,NA,NA,NA,NA,NA,NA,NA,NA,NA,NA,NA,NA,NA,0,NA,NA,NA
Oromia,Borena,Dire,ET041211,NA,57084.47860032517,2025-Wk16-27,NA,NA,NA,100,NA,NA,0,NA,NA,NA,NA,NA,NA,NA,NA,NA,NA,NA,NA,0,33.3,NA,NA
Oromia,Borena,Dubluk,ET041291,NA,34439.97377613415,2025-Wk03-15,NA,NA,NA,100,NA,NA,0,NA,NA,NA,NA,NA,NA,NA,NA,NA,NA,NA,NA,0,NA,NA,NA
Oromia,Borena,Dubluk,ET041291,NA,34439.97377613415,2025-Wk16-27,NA,NA,NA,100,NA,NA,0,NA,NA,NA,NA,NA,NA,NA,NA,NA,NA,NA,NA,0,25,NA,NA
Oromia,Borena,El-Waye,ET041295,NA,34366.54596646559,2025-Wk03-15,NA,NA,NA,100,NA,NA,50,NA,NA,NA,NA,NA,NA,NA,NA,NA,NA,NA,NA,0,NA,NA,NA
Oromia,Borena,El-Waye,ET041295,NA,34366.54596646559,2025-Wk16-27,NA,NA,NA,100,NA,NA,55.6,NA,NA,NA,NA,NA,NA,NA,NA,NA,NA,NA,NA,0,20,NA,NA
Oromia,Borena,Gomole,ET041223,NA,34593.822520201626,2025-Wk03-15,NA,NA,NA,100,NA,NA,0,NA,NA,NA,NA,NA,NA,NA,NA,NA,NA,NA,NA,0,NA,NA,NA
Oromia,Borena,Gomole,ET041223,NA,34593.822520201626,2025-Wk16-27,NA,NA,NA,100,NA,NA,NA,NA,NA,NA,NA,NA,NA,NA,NA,NA,NA,NA,NA,0,50,NA,NA
Oromia,Borena,Guchi,ET041290,NA,25080.841845362986,2025-Wk03-15,NA,NA,NA,100,NA,NA,NA,NA,NA,NA,NA,NA,NA,NA,NA,NA,NA,NA,NA,0,NA,NA,NA
Oromia,Borena,Guchi,ET041290,NA,25080.841845362986,2025-Wk16-27,NA,NA,NA,100,NA,NA,NA,NA,NA,NA,NA,NA,NA,NA,NA,NA,NA,NA,NA,0,50,NA,NA
Oromia,Borena,Mega  PH,ET041211,NA,57084.47860032517,2025-Wk03-15,NA,NA,NA,100,NA,NA,0,NA,NA,NA,NA,NA,NA,NA,NA,NA,NA,NA,NA,0,NA,NA,NA
Oromia,Borena,Mega  PH,ET041211,NA,57084.47860032517,2025-Wk16-27,NA,NA,NA,100,NA,NA,50,NA,NA,NA,NA,NA,NA,NA,NA,NA,NA,NA,NA,0,100,NA,NA
Oromia,Borena,Miyo,ET041216,NA,61488.21471229935,2025-Wk03-15,NA,NA,NA,100,NA,NA,0,NA,NA,NA,NA,NA,NA,NA,NA,NA,NA,NA,NA,0,NA,NA,NA
Oromia,Borena,Miyo,ET041216,NA,61488.21471229935,2025-Wk16-27,NA,NA,NA,100,NA,NA,0,NA,NA,NA,NA,NA,NA,NA,NA,NA,NA,NA,NA,0,20,NA,NA
Oromia,Borena,Moyale W,ET041210,NA,43202.35906324968,2025-Wk03-15,NA,NA,NA,75,NA,NA,NA,NA,NA,NA,NA,NA,NA,NA,NA,NA,NA,NA,NA,0,NA,NA,NA
Oromia,Borena,Moyale W,ET041210,NA,43202.35906324968,2025-Wk16-27,NA,NA,100,75,NA,NA,100,100,100,NA,25,100,100,NA,NA,NA,100,0,NA,0,25,NA,NA
Oromia,Borena,Teltele,ET041212,NA,84664.01790850486,2025-Wk03-15,NA,NA,NA,80,NA,NA,0,NA,NA,NA,NA,NA,NA,NA,NA,NA,NA,NA,NA,0,NA,NA,NA
Oromia,Borena,Teltele,ET041212,NA,84664.01790850486,2025-Wk16-27,NA,NA,NA,80,NA,NA,0,NA,NA,NA,NA,NA,NA,NA,NA,NA,NA,NA,NA,0,20,NA,NA
Oromia,Borena,Teltele PH,ET041212,NA,84664.01790850486,2025-Wk03-15,NA,NA,NA,100,NA,NA,NA,NA,NA,NA,NA,NA,NA,NA,NA,NA,NA,NA,NA,0,NA,NA,NA
Oromia,Borena,Teltele PH,ET041212,NA,84664.01790850486,2025-Wk16-27,NA,NA,NA,100,NA,NA,NA,NA,NA,NA,NA,NA,NA,NA,NA,NA,NA,NA,NA,0,100,NA,NA
Oromia,Borena,Yabelo GH,ET041296,NA,30842.82982544656,2025-Wk03-15,NA,NA,NA,100,NA,NA,16.7,NA,NA,NA,NA,NA,NA,NA,NA,NA,NA,NA,NA,0,NA,NA,NA
Oromia,Borena,Yabelo GH,ET041296,NA,30842.82982544656,2025-Wk16-27,NA,NA,NA,100,NA,NA,NA,NA,NA,NA,NA,NA,NA,NA,NA,NA,NA,NA,NA,0,100,NA,NA
Oromia,Borena,Yabelo R,ET041207,NA,65849.59350245447,2025-Wk03-15,NA,NA,NA,100,NA,NA,NA,NA,NA,NA,NA,NA,NA,NA,NA,NA,NA,NA,NA,0,NA,NA,NA
Oromia,Borena,Yabelo R,ET041207,NA,65849.59350245447,2025-Wk16-27,NA,NA,NA,100,NA,NA,NA,NA,NA,NA,NA,NA,NA,NA,NA,NA,NA,NA,NA,0,33.3,NA,NA
Oromia,Borena,Yabelo T,ET041296,NA,30842.82982544656,2025-Wk03-15,NA,NA,NA,100,NA,NA,NA,NA,NA,NA,NA,NA,NA,NA,NA,NA,NA,NA,NA,0,NA,NA,NA
Oromia,Borena,Yabelo T,ET041296,NA,30842.82982544656,2025-Wk16-27,NA,NA,NA,100,NA,NA,0,NA,NA,NA,NA,NA,NA,NA,NA,NA,NA,NA,NA,0,100,NA,NA
Oromia,Bule Hora Town,Bule Hora Town,ET041587,NA,49040.11481785323,2025-Wk03-15,NA,NA,NA,100,NA,NA,NA,NA,NA,NA,NA,NA,NA,NA,NA,NA,NA,NA,NA,0,NA,NA,NA
Oromia,Bule Hora Town,Bule Hora Town,ET041587,NA,49040.11481785323,2025-Wk16-27,NA,NA,NA,100,NA,NA,NA,NA,NA,NA,NA,NA,NA,NA,NA,NA,NA,NA,NA,0,100,NA,NA
Oromia,Buno Bedele,Bedele Hospital,ET041621,NA,34403.58402601821,2025-Wk03-15,NA,NA,NA,100,NA,NA,NA,NA,NA,NA,NA,NA,NA,NA,NA,NA,NA,NA,NA,0,NA,NA,NA
Oromia,Buno Bedele,Bedele Hospital,ET041621,NA,34403.58402601821,2025-Wk16-27,NA,NA,NA,100,NA,NA,NA,NA,NA,NA,NA,NA,NA,NA,NA,NA,NA,NA,NA,0,100,NA,NA
Oromia,Buno Bedele,Bedele Rural,ET041622,NA,117707.95910362415,2025-Wk03-15,NA,NA,NA,100,NA,NA,NA,NA,NA,NA,NA,NA,NA,NA,NA,NA,NA,NA,NA,0,NA,NA,NA
Oromia,Buno Bedele,Bedele Rural,ET041622,NA,117707.95910362415,2025-Wk16-27,NA,NA,0,100,NA,100,NA,0,0,NA,NA,NA,0,NA,NA,NA,NA,NA,NA,0,20,NA,NA
Oromia,Buno Bedele,Bedele town,ET041621,NA,34403.58402601821,2025-Wk03-15,NA,NA,NA,100,NA,NA,0,NA,NA,NA,NA,NA,NA,NA,NA,NA,NA,NA,NA,0,NA,NA,NA
Oromia,Buno Bedele,Bedele town,ET041621,NA,34403.58402601821,2025-Wk16-27,NA,NA,0,100,NA,100,NA,0,0,NA,NA,NA,0,NA,NA,NA,NA,NA,NA,0,100,NA,NA
Oromia,Buno Bedele,Borecha,ET041607,NA,112354.0905299173,2025-Wk03-15,NA,NA,NA,100,NA,NA,NA,NA,NA,NA,NA,NA,NA,NA,NA,NA,NA,NA,NA,0,NA,NA,NA
Oromia,Buno Bedele,Borecha,ET041607,NA,112354.0905299173,2025-Wk16-27,NA,NA,NA,100,NA,NA,NA,NA,NA,NA,NA,NA,NA,NA,NA,NA,NA,NA,NA,0,20,NA,NA
Oromia,Buno Bedele,Chewaka,ET041623,NA,85268.84538983909,2025-Wk03-15,NA,NA,NA,100,NA,NA,NA,NA,NA,NA,NA,NA,NA,NA,NA,NA,NA,NA,NA,0,NA,NA,NA
Oromia,Buno Bedele,Chewaka,ET041623,NA,85268.84538983909,2025-Wk16-27,NA,NA,NA,100,NA,NA,NA,NA,NA,NA,NA,NA,NA,NA,NA,NA,NA,NA,NA,0,33.3,NA,NA
Oromia,Buno Bedele,Chewaka Hospital,ET041623,NA,85268.84538983909,2025-Wk03-15,NA,NA,NA,100,NA,NA,NA,NA,NA,NA,NA,NA,NA,NA,NA,NA,NA,NA,NA,0,NA,NA,NA
Oromia,Buno Bedele,Chewaka Hospital,ET041623,NA,85268.84538983909,2025-Wk16-27,NA,NA,NA,100,NA,NA,NA,NA,NA,NA,NA,NA,NA,NA,NA,NA,NA,NA,NA,0,100,NA,NA
Oromia,Buno Bedele,Chora,ET041603,NA,154192.4953158103,2025-Wk03-15,NA,NA,NA,100,NA,NA,NA,NA,NA,NA,NA,NA,NA,NA,NA,NA,NA,NA,NA,0,NA,NA,NA
Oromia,Buno Bedele,Chora,ET041603,NA,154192.4953158103,2025-Wk16-27,NA,NA,0,100,NA,100,NA,0,0,NA,NA,NA,0,NA,NA,NA,NA,NA,NA,0,20,NA,NA
Oromia,Buno Bedele,Chora Hospital,ET040415,NA,87439.93430001446,2025-Wk03-15,NA,NA,NA,100,NA,NA,NA,NA,NA,NA,NA,NA,NA,NA,NA,NA,NA,NA,NA,0,NA,NA,NA
Oromia,Buno Bedele,Chora Hospital,ET040415,NA,87439.93430001446,2025-Wk16-27,NA,NA,NA,100,NA,NA,NA,NA,NA,NA,NA,NA,NA,NA,NA,NA,NA,NA,NA,0,100,NA,NA
Oromia,Buno Bedele,Dabo Hana,ET041605,NA,63585.449885139846,2025-Wk03-15,NA,NA,NA,100,NA,NA,NA,NA,NA,NA,NA,NA,NA,NA,NA,NA,NA,NA,NA,0,NA,NA,NA
Oromia,Buno Bedele,Dabo Hana,ET041605,NA,63585.449885139846,2025-Wk16-27,NA,NA,NA,100,NA,NA,NA,NA,NA,NA,NA,NA,NA,NA,NA,NA,NA,NA,NA,0,50,NA,NA
Oromia,Buno Bedele,Dega,ET041604,NA,60545.39095491079,2025-Wk03-15,NA,NA,NA,100,NA,NA,NA,NA,NA,NA,NA,NA,NA,NA,NA,NA,NA,NA,NA,0,NA,NA,NA
Oromia,Buno Bedele,Dega,ET041604,NA,60545.39095491079,2025-Wk16-27,NA,NA,NA,100,NA,NA,NA,NA,NA,NA,NA,NA,NA,NA,NA,NA,NA,NA,NA,0,50,NA,NA
Oromia,Buno Bedele,Didesa,ET041608,NA,130079.37584228064,2025-Wk03-15,NA,NA,NA,100,NA,NA,NA,NA,NA,NA,NA,NA,NA,NA,NA,NA,NA,NA,NA,0,NA,NA,NA
Oromia,Buno Bedele,Didesa,ET041608,NA,130079.37584228064,2025-Wk16-27,NA,NA,NA,100,NA,NA,NA,NA,NA,NA,NA,NA,NA,NA,NA,NA,NA,NA,NA,0,25,NA,NA
Oromia,Buno Bedele,Gachii,ET041606,NA,108132.59820544915,2025-Wk03-15,NA,NA,NA,100,NA,NA,NA,NA,NA,NA,NA,NA,NA,NA,NA,NA,NA,NA,NA,0,NA,NA,NA
Oromia,Buno Bedele,Gachii,ET041606,NA,108132.59820544915,2025-Wk16-27,NA,NA,NA,100,NA,NA,NA,NA,NA,NA,NA,NA,NA,NA,NA,NA,NA,NA,NA,0,25,NA,NA
Oromia,Buno Bedele,Meko,ET041618,NA,33334.957048654665,2025-Wk03-15,NA,NA,NA,100,NA,NA,NA,NA,NA,NA,NA,NA,NA,NA,NA,NA,NA,NA,NA,0,NA,NA,NA
Oromia,Buno Bedele,Meko,ET041618,NA,33334.957048654665,2025-Wk16-27,NA,NA,NA,100,NA,NA,NA,NA,NA,NA,NA,NA,NA,NA,NA,NA,NA,NA,NA,0,100,NA,NA
Oromia,Buno Bedele,dhidesa hospital,ET041608,NA,130079.37584228064,2025-Wk03-15,NA,NA,NA,100,NA,NA,NA,NA,NA,NA,NA,NA,NA,NA,NA,NA,NA,NA,NA,0,NA,NA,NA
Oromia,Buno Bedele,dhidesa hospital,ET041608,NA,130079.37584228064,2025-Wk16-27,NA,NA,NA,100,NA,NA,NA,NA,NA,NA,NA,NA,NA,NA,NA,NA,NA,NA,NA,0,100,NA,NA
Oromia,Dodola Town,Dodola Town,ET041700,NA,36718.59078905559,2025-Wk03-15,NA,NA,NA,100,NA,NA,200,NA,NA,NA,NA,NA,NA,NA,NA,NA,NA,NA,NA,0,NA,NA,NA
Oromia,Dodola Town,Dodola Town,ET041700,NA,36718.59078905559,2025-Wk16-27,NA,NA,NA,100,NA,NA,55.6,NA,NA,NA,NA,NA,NA,NA,NA,NA,NA,NA,NA,0,50,NA,NA
Oromia,East Bale,Dawe Kach,ET042106,NA,112339,2025-Wk03-15,NA,NA,NA,100,NA,NA,NA,NA,NA,NA,NA,NA,NA,NA,NA,NA,NA,NA,NA,0,NA,NA,NA
Oromia,East Bale,Dawe Kach,ET042106,NA,112339,2025-Wk16-27,NA,NA,NA,100,NA,NA,NA,NA,NA,NA,NA,NA,NA,NA,NA,NA,NA,NA,NA,0,33.3,NA,NA
Oromia,East Bale,Dawe Serar,ET042106,NA,112339,2025-Wk03-15,NA,NA,NA,100,NA,NA,0,NA,NA,NA,NA,NA,NA,NA,NA,NA,NA,NA,NA,0,NA,NA,NA
Oromia,East Bale,Dawe Serar,ET042106,NA,112339,2025-Wk16-27,NA,NA,NA,100,NA,NA,NA,NA,NA,NA,NA,NA,NA,NA,NA,NA,NA,NA,NA,0,25,NA,NA
Oromia,East Bale,Ginir,ET042103,NA,116041.14227693793,2025-Wk03-15,NA,NA,NA,100,NA,NA,NA,NA,NA,NA,NA,NA,NA,NA,NA,NA,NA,NA,NA,0,NA,NA,NA
Oromia,East Bale,Ginir,ET042103,NA,116041.14227693793,2025-Wk16-27,NA,NA,NA,100,NA,NA,NA,NA,NA,NA,NA,NA,NA,NA,NA,NA,NA,NA,NA,0,12.5,NA,NA
Oromia,East Bale,Ginir Hospital,ET042107,NA,30146.612214542834,2025-Wk03-15,NA,NA,NA,100,NA,NA,0,NA,NA,NA,NA,NA,NA,NA,NA,NA,NA,NA,NA,0,NA,NA,NA
Oromia,East Bale,Ginir Hospital,ET042107,NA,30146.612214542834,2025-Wk16-27,NA,NA,NA,100,NA,NA,66.7,NA,NA,NA,NA,NA,NA,NA,NA,NA,NA,NA,NA,0,100,NA,NA
Oromia,East Bale,Ginir Town,ET042107,NA,30146.612214542834,2025-Wk03-15,NA,NA,NA,100,NA,NA,NA,NA,NA,NA,NA,NA,NA,NA,NA,NA,NA,NA,NA,0,NA,NA,NA
Oromia,East Bale,Ginir Town,ET042107,NA,30146.612214542834,2025-Wk16-27,NA,NA,NA,100,NA,NA,NA,NA,NA,NA,NA,NA,NA,NA,NA,NA,NA,NA,NA,0,100,NA,NA
Oromia,East Bale,Golocha Hospital,ET040803,NA,156147.0975548294,2025-Wk03-15,NA,NA,NA,100,NA,NA,NA,NA,NA,NA,NA,NA,NA,NA,NA,NA,NA,NA,NA,0,NA,NA,NA
Oromia,East Bale,Golocha Hospital,ET040803,NA,156147.0975548294,2025-Wk16-27,NA,NA,NA,100,NA,NA,50,NA,NA,NA,NA,NA,NA,NA,NA,NA,NA,NA,NA,0,100,NA,NA
Oromia,East Bale,Gololcha,ET040803,NA,156147.0975548294,2025-Wk03-15,NA,NA,NA,100,NA,NA,NA,NA,NA,NA,NA,NA,NA,NA,NA,NA,NA,NA,NA,0,NA,NA,NA
Oromia,East Bale,Gololcha,ET040803,NA,156147.0975548294,2025-Wk16-27,NA,NA,NA,100,NA,NA,NA,NA,NA,NA,NA,NA,NA,NA,NA,NA,NA,NA,NA,0,20,NA,NA
Oromia,East Bale,Lege Hidha,ET042102,NA,95231.12452219923,2025-Wk03-15,NA,NA,NA,100,NA,NA,NA,NA,NA,NA,NA,NA,NA,NA,NA,NA,NA,NA,NA,0,NA,NA,NA
Oromia,East Bale,Lege Hidha,ET042102,NA,95231.12452219923,2025-Wk16-27,NA,NA,NA,100,NA,NA,100,NA,NA,NA,NA,NA,NA,NA,NA,NA,NA,NA,NA,0,20,NA,NA
Oromia,East Bale,Rayitu,ET042104,NA,51049.67506870914,2025-Wk03-15,NA,NA,NA,100,NA,NA,NA,NA,NA,NA,NA,NA,NA,NA,NA,NA,NA,NA,NA,0,NA,NA,NA
Oromia,East Bale,Rayitu,ET042104,NA,51049.67506870914,2025-Wk16-27,NA,NA,NA,100,NA,NA,NA,NA,NA,NA,NA,NA,NA,NA,NA,NA,NA,NA,NA,0,33.3,NA,NA
Oromia,East Bale,Sawena,ET042105,NA,100701.53467820131,2025-Wk03-15,NA,NA,NA,100,NA,NA,NA,NA,NA,NA,NA,NA,NA,NA,NA,NA,NA,NA,NA,0,NA,NA,NA
Oromia,East Bale,Sawena,ET042105,NA,100701.53467820131,2025-Wk16-27,NA,NA,NA,100,NA,NA,NA,NA,NA,NA,NA,NA,NA,NA,NA,NA,NA,NA,NA,0,20,NA,NA
Oromia,East Borena,Arero,ET041208,NA,53742.502422151505,2025-Wk03-15,NA,NA,NA,100,NA,NA,NA,NA,NA,NA,NA,NA,NA,NA,NA,NA,NA,NA,NA,0,NA,NA,NA
Oromia,East Borena,Arero,ET041208,NA,53742.502422151505,2025-Wk16-27,NA,NA,NA,100,NA,NA,100,NA,NA,NA,NA,NA,NA,NA,NA,NA,NA,NA,NA,0,50,NA,NA
Oromia,East Borena,Arero Hospital,ET041208,NA,53742.502422151505,2025-Wk03-15,NA,NA,NA,100,NA,NA,NA,NA,NA,NA,NA,NA,NA,NA,NA,NA,NA,NA,NA,0,NA,NA,NA
Oromia,East Borena,Arero Hospital,ET041208,NA,53742.502422151505,2025-Wk16-27,NA,NA,NA,100,NA,NA,NA,NA,NA,NA,NA,NA,NA,NA,NA,NA,NA,NA,NA,0,NA,NA,NA
Oromia,East Borena,Dhaas,ET041220,NA,29343.151368504972,2025-Wk03-15,NA,NA,NA,100,NA,NA,0,NA,NA,NA,NA,NA,NA,NA,NA,NA,NA,NA,NA,0,NA,NA,NA
Oromia,East Borena,Dhaas,ET041220,NA,29343.151368504972,2025-Wk16-27,NA,NA,100,100,NA,NA,100,100,100,NA,25,100,100,NA,NA,NA,NA,0,NA,0,25,NA,NA
Oromia,East Borena,Goro Dola,ET041116,NA,128030.80910612711,2025-Wk03-15,NA,NA,NA,100,NA,NA,NA,NA,NA,NA,NA,NA,NA,NA,NA,NA,NA,NA,NA,0,NA,NA,NA
Oromia,East Borena,Goro Dola,ET041116,NA,128030.80910612711,2025-Wk16-27,NA,NA,NA,100,NA,NA,0,NA,NA,NA,NA,NA,NA,NA,NA,NA,NA,NA,NA,0,25,NA,NA
Oromia,East Borena,Gumi Eldallo,ET041497,NA,18224.00568099226,2025-Wk03-15,NA,NA,NA,100,NA,NA,NA,NA,NA,NA,NA,NA,NA,NA,NA,NA,NA,NA,NA,0,NA,NA,NA
Oromia,East Borena,Gumi Eldallo,ET041497,NA,18224.00568099226,2025-Wk16-27,NA,NA,NA,100,NA,NA,NA,NA,NA,NA,NA,NA,NA,NA,NA,NA,NA,NA,NA,0,50,NA,NA
Oromia,East Borena,Liben,ET041407,NA,116409.04473904248,2025-Wk03-15,NA,NA,NA,60,NA,NA,NA,NA,NA,NA,NA,NA,NA,NA,NA,NA,NA,NA,NA,0,NA,NA,NA
Oromia,East Borena,Liben,ET041407,NA,116409.04473904248,2025-Wk16-27,NA,NA,100,60,NA,100,NA,100,100,NA,20,100,100,NA,NA,NA,NA,NA,NA,0,20,NA,NA
Oromia,East Borena,M/Walabu,ET041113,NA,148516.2947859353,2025-Wk03-15,NA,NA,NA,50,NA,NA,NA,NA,NA,NA,NA,NA,NA,NA,NA,NA,NA,NA,NA,0,NA,NA,NA
Oromia,East Borena,M/Walabu,ET041113,NA,148516.2947859353,2025-Wk16-27,NA,NA,NA,50,NA,NA,NA,NA,NA,NA,NA,NA,NA,NA,NA,NA,NA,NA,NA,0,25,NA,NA
Oromia,East Borena,Madda Walaabu Hospital,ET041113,NA,148516.2947859353,2025-Wk03-15,NA,NA,NA,100,NA,NA,0,NA,NA,NA,NA,NA,NA,NA,NA,NA,NA,NA,NA,0,NA,NA,NA
Oromia,East Borena,Madda Walaabu Hospital,ET041113,NA,148516.2947859353,2025-Wk16-27,NA,NA,NA,100,NA,NA,100,NA,NA,NA,NA,NA,NA,NA,NA,NA,NA,NA,NA,0,100,NA,NA
Oromia,East Borena,Negelle Borana G/Hospital,ET041414,NA,62161.61280494795,2025-Wk03-15,NA,NA,NA,100,NA,NA,0,NA,NA,NA,NA,NA,NA,NA,NA,NA,NA,NA,NA,0,NA,NA,NA
Oromia,East Borena,Negelle Borana G/Hospital,ET041414,NA,62161.61280494795,2025-Wk16-27,NA,NA,NA,100,NA,NA,100,NA,NA,NA,NA,NA,NA,NA,NA,NA,NA,NA,NA,0,100,NA,NA
Oromia,East Borena,Negelle Borana Town,ET041414,NA,62161.61280494795,2025-Wk03-15,NA,NA,NA,100,NA,NA,NA,NA,NA,NA,NA,NA,NA,NA,NA,NA,NA,NA,NA,0,NA,NA,NA
Oromia,East Borena,Negelle Borana Town,ET041414,NA,62161.61280494795,2025-Wk16-27,NA,NA,NA,100,NA,NA,NA,NA,NA,NA,NA,NA,NA,NA,NA,NA,NA,NA,NA,0,100,NA,NA
Oromia,East Borena,Wacille,ET041298,NA,32731.32030035451,2025-Wk03-15,NA,NA,NA,50,NA,NA,NA,NA,NA,NA,NA,NA,NA,NA,NA,NA,NA,NA,NA,0,NA,NA,NA
Oromia,East Borena,Wacille,ET041298,NA,32731.32030035451,2025-Wk16-27,NA,NA,NA,50,NA,NA,NA,NA,NA,NA,NA,NA,NA,NA,NA,NA,NA,NA,NA,0,50,NA,NA
Oromia,East Borena,Welaabu lixa,ET041113,NA,148516.2947859353,2025-Wk03-15,NA,NA,NA,50,NA,NA,0,NA,NA,NA,NA,NA,NA,NA,NA,NA,NA,NA,NA,0,NA,NA,NA
Oromia,East Borena,Welaabu lixa,ET041113,NA,148516.2947859353,2025-Wk16-27,NA,NA,NA,50,NA,NA,0,NA,NA,NA,NA,NA,NA,NA,NA,NA,NA,NA,NA,0,50,NA,NA
Oromia,East Hararge,Babile Town,ET041000,NA,31221.443535516846,2025-Wk03-15,NA,NA,100,100,NA,0,NA,NA,NA,NA,100,NA,NA,NA,NA,NA,NA,NA,NA,0,NA,NA,NA
Oromia,East Hararge,Babile Town,ET041000,NA,31221.443535516846,2025-Wk16-27,NA,NA,NA,100,NA,NA,50,NA,NA,NA,NA,NA,NA,NA,NA,NA,NA,NA,NA,0,100,NA,NA
Oromia,East Hararge,Babile Woreda,ET041004,NA,113398.44755641377,2025-Wk03-15,NA,NA,NA,100,NA,NA,NA,NA,NA,NA,NA,NA,NA,NA,NA,NA,NA,NA,NA,0,NA,NA,NA
Oromia,East Hararge,Babile Woreda,ET041004,NA,113398.44755641377,2025-Wk16-27,NA,NA,NA,100,NA,NA,NA,NA,NA,NA,NA,NA,NA,NA,NA,NA,NA,NA,NA,0,33.3,NA,NA
Oromia,East Hararge,Badano,ET041013,NA,364328.430529652,2025-Wk03-15,NA,NA,NA,77.8,NA,NA,NA,NA,NA,NA,NA,NA,NA,NA,NA,NA,NA,NA,NA,0,NA,NA,NA
Oromia,East Hararge,Badano,ET041013,NA,364328.430529652,2025-Wk16-27,NA,NA,NA,77.8,NA,NA,NA,NA,NA,NA,NA,NA,NA,NA,NA,NA,NA,NA,NA,0,11.1,NA,NA
Oromia,East Hararge,Bedeno Hospital,ET041013,NA,364328.430529652,2025-Wk03-15,NA,NA,NA,100,NA,NA,NA,NA,NA,NA,NA,NA,NA,NA,NA,NA,NA,NA,NA,0,NA,NA,NA
Oromia,East Hararge,Bedeno Hospital,ET041013,NA,364328.430529652,2025-Wk16-27,NA,NA,NA,100,NA,NA,NA,NA,NA,NA,NA,NA,NA,NA,NA,NA,NA,NA,NA,0,100,NA,NA
Oromia,East Hararge,Bisidimo Hospital,ET041004,NA,113398.44755641377,2025-Wk03-15,NA,NA,NA,100,NA,NA,NA,NA,NA,NA,NA,NA,NA,NA,NA,NA,NA,NA,NA,0,NA,NA,NA
Oromia,East Hararge,Bisidimo Hospital,ET041004,NA,113398.44755641377,2025-Wk16-27,NA,NA,NA,100,NA,NA,100,NA,NA,NA,NA,NA,NA,NA,NA,NA,NA,NA,NA,0,100,NA,NA
Oromia,East Hararge,Chalanko Hospital,ET041009,NA,263859.8597181554,2025-Wk03-15,NA,NA,NA,100,NA,NA,NA,NA,NA,NA,NA,NA,NA,NA,NA,NA,NA,NA,NA,0,NA,NA,NA
Oromia,East Hararge,Chalanko Hospital,ET041009,NA,263859.8597181554,2025-Wk16-27,NA,NA,NA,100,NA,NA,NA,NA,NA,NA,NA,NA,NA,NA,NA,NA,NA,NA,NA,0,100,NA,NA
Oromia,East Hararge,Chinaksan,ET041015,NA,134949.8056440241,2025-Wk03-15,NA,NA,NA,100,NA,NA,NA,NA,NA,NA,NA,NA,NA,NA,NA,NA,NA,NA,NA,0,NA,NA,NA
Oromia,East Hararge,Chinaksan,ET041015,NA,134949.8056440241,2025-Wk16-27,NA,NA,NA,100,NA,NA,0,NA,NA,NA,NA,NA,NA,NA,NA,NA,NA,NA,NA,0,14.3,NA,NA
Oromia,East Hararge,Dadar Hospital,ET041097,NA,22858.079426047396,2025-Wk03-15,NA,NA,NA,100,NA,NA,33.3,NA,NA,NA,NA,NA,NA,NA,NA,NA,NA,NA,NA,0,NA,NA,NA
Oromia,East Hararge,Dadar Hospital,ET041097,NA,22858.079426047396,2025-Wk16-27,NA,NA,NA,100,NA,NA,66.7,NA,NA,NA,NA,NA,NA,NA,NA,NA,NA,NA,NA,0,100,NA,NA
Oromia,East Hararge,Dadar Town,ET041097,NA,22858.079426047396,2025-Wk03-15,NA,NA,NA,100,NA,NA,NA,NA,NA,NA,NA,NA,NA,NA,NA,NA,NA,NA,NA,0,NA,NA,NA
Oromia,East Hararge,Dadar Town,ET041097,NA,22858.079426047396,2025-Wk16-27,NA,NA,NA,100,NA,NA,NA,NA,NA,NA,NA,NA,NA,NA,NA,NA,NA,NA,NA,0,100,NA,NA
Oromia,East Hararge,Dadar woreda,ET041011,NA,337747.294018784,2025-Wk03-15,NA,NA,100,77.8,NA,0,NA,NA,NA,NA,11.1,NA,NA,NA,NA,NA,NA,NA,NA,0,NA,NA,NA
Oromia,East Hararge,Dadar woreda,ET041011,NA,337747.294018784,2025-Wk16-27,NA,NA,NA,77.8,NA,NA,NA,NA,NA,NA,NA,NA,NA,NA,NA,NA,NA,NA,NA,0,11.1,NA,NA
Oromia,East Hararge,Fadis,ET041005,NA,172508.80679565357,2025-Wk03-15,NA,NA,NA,100,NA,NA,NA,NA,NA,NA,NA,NA,NA,NA,NA,NA,NA,NA,NA,0,NA,NA,NA
Oromia,East Hararge,Fadis,ET041005,NA,172508.80679565357,2025-Wk16-27,NA,NA,NA,100,NA,NA,66.7,NA,NA,NA,NA,NA,NA,NA,NA,NA,NA,NA,NA,0,20,NA,NA
Oromia,East Hararge,Garemulata Hospital,ET041016,NA,365359.22938685084,2025-Wk03-15,NA,NA,NA,100,NA,NA,NA,NA,NA,NA,NA,NA,NA,NA,NA,NA,NA,NA,NA,0,NA,NA,NA
Oromia,East Hararge,Garemulata Hospital,ET041016,NA,365359.22938685084,2025-Wk16-27,NA,NA,NA,100,NA,NA,NA,NA,NA,NA,NA,NA,NA,NA,NA,NA,NA,NA,NA,0,100,NA,NA
Oromia,East Hararge,Girawa,ET041016,NA,365359.22938685084,2025-Wk03-15,NA,NA,NA,100,NA,NA,NA,NA,NA,NA,NA,NA,NA,NA,NA,NA,NA,NA,NA,0,NA,NA,NA
Oromia,East Hararge,Girawa,ET041016,NA,365359.22938685084,2025-Wk16-27,NA,NA,NA,100,NA,NA,NA,NA,NA,NA,NA,NA,NA,NA,NA,NA,NA,NA,NA,0,11.1,NA,NA
Oromia,East Hararge,Gola Oda,ET041017,NA,125447.33349598522,2025-Wk03-15,NA,NA,NA,100,NA,NA,NA,NA,NA,NA,NA,NA,NA,NA,NA,NA,NA,NA,NA,0,NA,NA,NA
Oromia,East Hararge,Gola Oda,ET041017,NA,125447.33349598522,2025-Wk16-27,NA,NA,NA,100,NA,NA,NA,NA,NA,NA,NA,NA,NA,NA,NA,NA,NA,NA,NA,0,20,NA,NA
Oromia,East Hararge,Goro Gutu,ET041413,NA,91138.20963128624,2025-Wk03-15,NA,NA,NA,100,NA,NA,NA,NA,NA,NA,NA,NA,NA,NA,NA,NA,NA,NA,NA,0,NA,NA,NA
Oromia,East Hararge,Goro Gutu,ET041413,NA,91138.20963128624,2025-Wk16-27,NA,NA,NA,100,NA,NA,NA,NA,NA,NA,NA,NA,NA,NA,NA,NA,NA,NA,NA,0,16.7,NA,NA
Oromia,East Hararge,Goro Muti,ET041010,NA,220570.35983848848,2025-Wk03-15,NA,NA,NA,100,NA,50,0,NA,NA,NA,NA,NA,NA,NA,NA,NA,NA,NA,NA,0,NA,NA,NA
Oromia,East Hararge,Goro Muti,ET041010,NA,220570.35983848848,2025-Wk16-27,NA,NA,NA,100,NA,NA,NA,NA,NA,NA,NA,NA,NA,NA,NA,NA,NA,NA,NA,0,25,NA,NA
Oromia,East Hararge,Gursum,ET041003,NA,233182.2368777111,2025-Wk03-15,NA,NA,100,85.7,NA,0,NA,NA,NA,NA,14.3,NA,NA,NA,NA,NA,NA,NA,NA,0,NA,NA,NA
Oromia,East Hararge,Gursum,ET041003,NA,233182.2368777111,2025-Wk16-27,NA,NA,NA,85.7,NA,NA,NA,NA,NA,NA,NA,NA,NA,NA,NA,NA,NA,NA,NA,0,14.3,NA,NA
Oromia,East Hararge,Gursum Hospital,ET041003,NA,233182.2368777111,2025-Wk03-15,NA,NA,NA,100,NA,NA,50,NA,NA,NA,NA,NA,NA,NA,NA,NA,NA,NA,NA,0,NA,NA,NA
Oromia,East Hararge,Gursum Hospital,ET041003,NA,233182.2368777111,2025-Wk16-27,NA,NA,NA,100,NA,NA,66.7,NA,NA,NA,NA,NA,NA,NA,NA,NA,NA,NA,NA,0,100,NA,NA
Oromia,East Hararge,Haramaya District,ET041006,NA,339746.97877408884,2025-Wk03-15,NA,NA,50,100,NA,72,NA,NA,NA,NA,25,NA,NA,NA,NA,NA,NA,NA,NA,0,NA,NA,NA
Oromia,East Hararge,Haramaya District,ET041006,NA,339746.97877408884,2025-Wk16-27,NA,NA,NA,100,NA,NA,NA,NA,NA,NA,NA,NA,NA,NA,NA,NA,NA,NA,NA,0,25,NA,NA
Oromia,East Hararge,Jarso,ET041002,NA,177697.85907134213,2025-Wk03-15,NA,NA,NA,100,NA,NA,NA,NA,NA,NA,NA,NA,NA,NA,NA,NA,NA,NA,NA,0,NA,NA,NA
Oromia,East Hararge,Jarso,ET041002,NA,177697.85907134213,2025-Wk16-27,NA,NA,NA,100,NA,NA,NA,NA,NA,NA,NA,NA,NA,NA,NA,NA,NA,NA,NA,0,20,NA,NA
Oromia,East Hararge,Karsa,ET041008,NA,261632.1247514003,2025-Wk03-15,NA,NA,100,100,NA,63.2,100,NA,NA,NA,14.3,NA,NA,NA,NA,NA,NA,NA,NA,0,NA,NA,NA
Oromia,East Hararge,Karsa,ET041008,NA,261632.1247514003,2025-Wk16-27,NA,NA,NA,100,NA,NA,100,NA,NA,NA,NA,NA,NA,NA,NA,NA,NA,NA,NA,0,14.3,NA,NA
Oromia,East Hararge,Kombolcha,ET041001,NA,169835.53276335454,2025-Wk03-15,NA,NA,NA,100,NA,NA,NA,NA,NA,NA,NA,NA,NA,NA,NA,NA,NA,NA,NA,0,NA,NA,NA
Oromia,East Hararge,Kombolcha,ET041001,NA,169835.53276335454,2025-Wk16-27,NA,NA,NA,100,NA,NA,50,NA,NA,NA,NA,NA,NA,NA,NA,NA,NA,NA,NA,0,20,NA,NA
Oromia,East Hararge,Kumbi,ET041098,NA,34236.31865375143,2025-Wk03-15,NA,NA,NA,100,NA,NA,0,NA,NA,NA,NA,NA,NA,NA,NA,NA,NA,NA,NA,0,NA,NA,NA
Oromia,East Hararge,Kumbi,ET041098,NA,34236.31865375143,2025-Wk16-27,NA,NA,NA,100,NA,NA,80,NA,NA,NA,NA,NA,NA,NA,NA,NA,NA,NA,NA,0,50,NA,NA
Oromia,East Hararge,Kurfachale,ET041007,NA,90368.18122223023,2025-Wk03-15,NA,NA,NA,100,NA,100,50,NA,NA,NA,25,NA,NA,NA,NA,NA,NA,NA,NA,0,NA,NA,NA
Oromia,East Hararge,Kurfachale,ET041007,NA,90368.18122223023,2025-Wk16-27,NA,NA,NA,100,NA,NA,50,NA,NA,NA,NA,NA,NA,NA,NA,NA,NA,NA,NA,0,25,NA,NA
Oromia,East Hararge,Makanisa Oromo,ET041015,NA,134949.8056440241,2025-Wk03-15,NA,NA,NA,100,NA,NA,0,NA,NA,NA,NA,NA,NA,NA,NA,NA,NA,NA,NA,0,NA,NA,NA
Oromia,East Hararge,Makanisa Oromo,ET041015,NA,134949.8056440241,2025-Wk16-27,NA,NA,NA,100,NA,NA,66.7,NA,NA,NA,NA,NA,NA,NA,NA,NA,NA,NA,NA,0,100,NA,NA
Oromia,East Hararge,Malka Balo,ET041012,NA,271126.0119205899,2025-Wk03-15,NA,NA,100,100,NA,118.6,NA,NA,NA,NA,14.3,NA,NA,NA,NA,NA,NA,NA,NA,0,NA,NA,NA
Oromia,East Hararge,Malka Balo,ET041012,NA,271126.0119205899,2025-Wk16-27,NA,NA,NA,100,NA,NA,30.3,NA,NA,NA,NA,NA,NA,NA,NA,NA,NA,NA,NA,0,14.3,NA,NA
Oromia,East Hararge,Mayu Muluke,ET041018,NA,70804.11221270022,2025-Wk03-15,NA,NA,NA,100,NA,NA,NA,NA,NA,NA,25,NA,NA,NA,NA,NA,NA,NA,NA,0,NA,NA,NA
Oromia,East Hararge,Mayu Muluke,ET041018,NA,70804.11221270022,2025-Wk16-27,NA,NA,NA,100,NA,NA,66.7,NA,NA,NA,NA,NA,NA,NA,NA,NA,NA,NA,NA,0,25,NA,NA
Oromia,East Hararge,Meta,ET041009,NA,263859.8597181554,2025-Wk03-15,NA,NA,50,100,NA,69,NA,NA,NA,NA,64.3,NA,NA,NA,NA,NA,NA,NA,NA,0,NA,NA,NA
Oromia,East Hararge,Meta,ET041009,NA,263859.8597181554,2025-Wk16-27,NA,NA,NA,100,NA,NA,NA,NA,NA,NA,NA,NA,NA,NA,NA,NA,NA,NA,NA,0,19.6,NA,NA
Oromia,East Hararge,Midhaga,ET041014,NA,115502.57813532962,2025-Wk03-15,NA,NA,NA,100,NA,NA,0,NA,NA,NA,NA,NA,NA,NA,NA,NA,NA,NA,NA,0,NA,NA,NA
Oromia,East Hararge,Midhaga,ET041014,NA,115502.57813532962,2025-Wk16-27,NA,NA,NA,100,NA,NA,NA,NA,NA,NA,NA,NA,NA,NA,NA,NA,NA,NA,NA,0,25,NA,NA
Oromia,East Hararge,Midhaga Hospital,ET041014,NA,115502.57813532962,2025-Wk03-15,NA,NA,NA,100,NA,NA,NA,NA,NA,NA,NA,NA,NA,NA,NA,NA,NA,NA,NA,0,NA,NA,NA
Oromia,East Hararge,Midhaga Hospital,ET041014,NA,115502.57813532962,2025-Wk16-27,NA,NA,NA,100,NA,NA,NA,NA,NA,NA,NA,NA,NA,NA,NA,NA,NA,NA,NA,0,100,NA,NA
Oromia,East Shewa,Ada'aa,ET040706,NA,209676.5968181489,2025-Wk03-15,NA,NA,NA,100,NA,NA,NA,NA,NA,NA,NA,NA,NA,NA,NA,NA,NA,NA,NA,0,NA,NA,NA
Oromia,East Shewa,Ada'aa,ET040706,NA,209676.5968181489,2025-Wk16-27,NA,NA,NA,100,NA,NA,NA,NA,NA,NA,NA,NA,NA,NA,NA,NA,NA,NA,NA,0,50,NA,NA
Oromia,East Shewa,Adama,ET040703,NA,220502.9823526961,2025-Wk03-15,NA,NA,100,100,NA,NA,NA,NA,NA,NA,20,NA,NA,NA,NA,NA,NA,NA,NA,0,NA,NA,NA
Oromia,East Shewa,Adama,ET040703,NA,220502.9823526961,2025-Wk16-27,NA,NA,NA,100,NA,NA,NA,NA,NA,NA,NA,NA,NA,NA,NA,NA,NA,NA,NA,0,20,NA,NA
Oromia,East Shewa,Adamitulu Jido kombolichaa,ET040708,NA,235321.75129141845,2025-Wk03-15,NA,NA,NA,100,NA,NA,NA,NA,NA,NA,NA,NA,NA,NA,NA,NA,NA,NA,NA,0,NA,NA,NA
Oromia,East Shewa,Adamitulu Jido kombolichaa,ET040708,NA,235321.75129141845,2025-Wk16-27,NA,NA,NA,100,NA,NA,NA,NA,NA,NA,NA,NA,NA,NA,NA,NA,NA,NA,NA,0,16.7,NA,NA
Oromia,East Shewa,Akaki,ET042012,NA,93904.96448438054,2025-Wk03-15,NA,NA,NA,100,NA,NA,0,NA,NA,NA,NA,NA,NA,NA,NA,NA,NA,NA,NA,0,NA,NA,NA
Oromia,East Shewa,Akaki,ET042012,NA,93904.96448438054,2025-Wk16-27,NA,NA,NA,100,NA,NA,0,NA,NA,NA,NA,NA,NA,NA,NA,NA,NA,NA,NA,0,100,NA,NA
Oromia,East Shewa,Bora,ET040710,NA,35208.24412982733,2025-Wk03-15,NA,NA,NA,100,NA,NA,0,NA,NA,NA,NA,NA,NA,NA,NA,NA,NA,NA,NA,0,NA,NA,NA
Oromia,East Shewa,Bora,ET040710,NA,35208.24412982733,2025-Wk16-27,NA,NA,NA,100,NA,NA,NA,NA,NA,NA,NA,NA,NA,NA,NA,NA,NA,NA,NA,0,33.3,NA,NA
Oromia,East Shewa,Boset,ET040702,NA,221886.89452119396,2025-Wk03-15,NA,NA,100,75,NA,NA,NA,NA,NA,NA,NA,NA,NA,NA,NA,NA,NA,NA,NA,0,NA,NA,NA
Oromia,East Shewa,Boset,ET040702,NA,221886.89452119396,2025-Wk16-27,NA,NA,100,75,NA,NA,100,100,100,100,12.5,100,100,NA,NA,NA,100,0,NA,0,12.5,NA,NA
Oromia,East Shewa,Dugda,ET040707,NA,228535.87593661237,2025-Wk03-15,NA,NA,100,100,NA,0,NA,NA,NA,NA,20,NA,NA,NA,NA,NA,NA,NA,NA,0,NA,NA,NA
Oromia,East Shewa,Dugda,ET040707,NA,228535.87593661237,2025-Wk16-27,NA,NA,NA,100,NA,NA,NA,NA,NA,NA,NA,NA,NA,NA,NA,NA,NA,NA,NA,0,20,NA,NA
Oromia,East Shewa,Fantale,ET040701,NA,92755.26929030386,2025-Wk03-15,NA,NA,NA,100,NA,NA,NA,NA,NA,NA,NA,NA,NA,NA,NA,NA,NA,NA,NA,0,NA,NA,NA
Oromia,East Shewa,Fantale,ET040701,NA,92755.26929030386,2025-Wk16-27,NA,NA,100,100,NA,100,NA,100,100,100,25,100,100,NA,NA,NA,100,0,NA,0,25,NA,NA
Oromia,East Shewa,Gimbichu,ET040705,NA,133237.3739286207,2025-Wk03-15,NA,NA,NA,100,NA,NA,NA,NA,NA,NA,NA,NA,NA,NA,NA,NA,NA,NA,NA,0,NA,NA,NA
Oromia,East Shewa,Gimbichu,ET040705,NA,133237.3739286207,2025-Wk16-27,NA,NA,NA,100,NA,NA,NA,NA,NA,NA,NA,NA,NA,NA,NA,NA,NA,NA,NA,0,20,NA,NA
Oromia,East Shewa,Liben,ET041407,NA,116409.04473904248,2025-Wk03-15,NA,NA,NA,100,NA,NA,NA,NA,NA,NA,NA,NA,NA,NA,NA,NA,NA,NA,NA,0,NA,NA,NA
Oromia,East Shewa,Liben,ET041407,NA,116409.04473904248,2025-Wk16-27,NA,NA,NA,100,NA,NA,NA,NA,NA,NA,NA,NA,NA,NA,NA,NA,NA,NA,NA,0,25,NA,NA
Oromia,East Shewa,Lume,ET040704,NA,134910.04675051462,2025-Wk03-15,NA,NA,NA,100,NA,NA,NA,NA,NA,NA,NA,NA,NA,NA,NA,NA,NA,NA,NA,0,NA,NA,NA
Oromia,East Shewa,Lume,ET040704,NA,134910.04675051462,2025-Wk16-27,NA,NA,NA,100,NA,NA,NA,NA,NA,NA,NA,NA,NA,NA,NA,NA,NA,NA,NA,0,20,NA,NA
Oromia,East Shewa,Meki Hospital,ET040707,NA,228535.87593661237,2025-Wk03-15,NA,NA,NA,100,NA,NA,50,NA,NA,NA,NA,NA,NA,NA,NA,NA,NA,NA,NA,0,NA,NA,NA
Oromia,East Shewa,Meki Hospital,ET040707,NA,228535.87593661237,2025-Wk16-27,NA,NA,NA,100,NA,NA,40,NA,NA,NA,NA,NA,NA,NA,NA,NA,NA,NA,NA,0,100,NA,NA
Oromia,East Shewa,Meki Town,ET040707,NA,228535.87593661237,2025-Wk03-15,NA,NA,100,100,NA,100,NA,NA,NA,NA,50,NA,NA,NA,NA,NA,NA,NA,NA,0,NA,NA,NA
Oromia,East Shewa,Meki Town,ET040707,NA,228535.87593661237,2025-Wk16-27,NA,NA,100,100,NA,NA,NA,NA,NA,NA,50,NA,NA,NA,NA,NA,NA,NA,NA,0,50,NA,NA
Oromia,East Shewa,Metehara Town,ET040799,NA,42335.52023955861,2025-Wk03-15,NA,NA,NA,100,NA,NA,NA,NA,NA,NA,NA,NA,NA,NA,NA,NA,NA,NA,NA,0,NA,NA,NA
Oromia,East Shewa,Metehara Town,ET040799,NA,42335.52023955861,2025-Wk16-27,NA,NA,100,100,NA,NA,NA,100,100,100,0,NA,NA,NA,NA,NA,100,0,NA,0,50,NA,NA
Oromia,East Shewa,Olaniciti Hospital,ET040702,NA,221886.89452119396,2025-Wk03-15,NA,NA,NA,100,NA,NA,0,NA,NA,NA,NA,NA,NA,NA,NA,NA,NA,NA,NA,0,NA,NA,NA
Oromia,East Shewa,Olaniciti Hospital,ET040702,NA,221886.89452119396,2025-Wk16-27,NA,NA,NA,100,NA,NA,47.1,NA,NA,NA,NA,NA,NA,NA,NA,NA,NA,NA,NA,0,100,NA,NA
Oromia,East Wollega,Arjo Hospital,ET040214,NA,133072.67340779485,2025-Wk03-15,NA,NA,NA,100,NA,NA,NA,NA,NA,NA,NA,NA,NA,NA,NA,NA,NA,NA,NA,0,NA,NA,NA
Oromia,East Wollega,Arjo Hospital,ET040214,NA,133072.67340779485,2025-Wk16-27,NA,NA,NA,100,NA,NA,0,NA,NA,NA,NA,NA,NA,NA,NA,NA,NA,NA,NA,0,100,NA,NA
Oromia,East Wollega,Boneya Boshe,ET040205,NA,73227.24475562052,2025-Wk03-15,NA,NA,NA,100,NA,NA,0,NA,NA,NA,NA,NA,NA,NA,NA,NA,NA,NA,NA,0,NA,NA,NA
Oromia,East Wollega,Boneya Boshe,ET040205,NA,73227.24475562052,2025-Wk16-27,NA,NA,NA,100,NA,NA,NA,NA,NA,NA,NA,NA,NA,NA,NA,NA,NA,NA,NA,0,33.3,NA,NA
Oromia,East Wollega,Diga,ET040210,NA,103118.3563264859,2025-Wk03-15,NA,NA,NA,100,NA,NA,NA,NA,NA,NA,NA,NA,NA,NA,NA,NA,NA,NA,NA,0,NA,NA,NA
Oromia,East Wollega,Diga,ET040210,NA,103118.3563264859,2025-Wk16-27,NA,NA,NA,100,NA,NA,NA,NA,NA,NA,NA,NA,NA,NA,NA,NA,NA,NA,NA,0,25,NA,NA
Oromia,East Wollega,Ebantu,ET040202,NA,56852.004701857506,2025-Wk03-15,NA,NA,NA,100,NA,NA,NA,NA,NA,NA,NA,NA,NA,NA,NA,NA,NA,NA,NA,0,NA,NA,NA
Oromia,East Wollega,Ebantu,ET040202,NA,56852.004701857506,2025-Wk16-27,NA,NA,NA,100,NA,NA,NA,NA,NA,NA,NA,NA,NA,NA,NA,NA,NA,NA,NA,0,50,NA,NA
Oromia,East Wollega,Gida Ayana,ET040203,NA,161802.2579274442,2025-Wk03-15,NA,NA,NA,100,NA,NA,NA,NA,NA,NA,NA,NA,NA,NA,NA,NA,NA,NA,NA,0,NA,NA,NA
Oromia,East Wollega,Gida Ayana,ET040203,NA,161802.2579274442,2025-Wk16-27,NA,NA,NA,100,NA,NA,NA,NA,NA,NA,NA,NA,NA,NA,NA,NA,NA,NA,NA,0,25,NA,NA
Oromia,East Wollega,Gida Hospital,ET040203,NA,161802.2579274442,2025-Wk03-15,NA,NA,NA,100,NA,NA,0,NA,NA,NA,NA,NA,NA,NA,NA,NA,NA,NA,NA,0,NA,NA,NA
Oromia,East Wollega,Gida Hospital,ET040203,NA,161802.2579274442,2025-Wk16-27,NA,NA,NA,100,NA,NA,0,NA,NA,NA,NA,NA,NA,NA,NA,NA,NA,NA,NA,0,100,NA,NA
Oromia,East Wollega,Gobu Seyo,ET040208,NA,63316.15898351702,2025-Wk03-15,NA,NA,NA,100,NA,NA,0,NA,NA,NA,NA,NA,NA,NA,NA,NA,NA,NA,NA,0,NA,NA,NA
Oromia,East Wollega,Gobu Seyo,ET040208,NA,63316.15898351702,2025-Wk16-27,NA,NA,NA,100,NA,NA,NA,NA,NA,NA,NA,NA,NA,NA,NA,NA,NA,NA,NA,0,50,NA,NA
Oromia,East Wollega,Gu/Bila,ET040207,NA,60245,2025-Wk03-15,NA,NA,NA,75,NA,NA,NA,NA,NA,NA,NA,NA,NA,NA,NA,NA,NA,NA,NA,0,NA,NA,NA
Oromia,East Wollega,Gu/Bila,ET040207,NA,60245,2025-Wk16-27,NA,NA,NA,75,NA,NA,NA,NA,NA,NA,NA,NA,NA,NA,NA,NA,NA,NA,NA,0,25,NA,NA
Oromia,East Wollega,Gutin Town,ET040203,NA,161802.2579274442,2025-Wk03-15,NA,NA,NA,100,NA,NA,NA,NA,NA,NA,NA,NA,NA,NA,NA,NA,NA,NA,NA,0,NA,NA,NA
Oromia,East Wollega,Gutin Town,ET040203,NA,161802.2579274442,2025-Wk16-27,NA,NA,NA,100,NA,NA,NA,NA,NA,NA,NA,NA,NA,NA,NA,NA,NA,NA,NA,0,50,NA,NA
Oromia,East Wollega,Guto Gida,ET040213,NA,123517.9042320915,2025-Wk03-15,NA,NA,NA,66.7,NA,NA,NA,NA,NA,NA,NA,NA,NA,NA,NA,NA,NA,NA,NA,0,NA,NA,NA
Oromia,East Wollega,Guto Gida,ET040213,NA,123517.9042320915,2025-Wk16-27,NA,NA,100,66.7,NA,NA,100,100,100,NA,33.3,100,100,NA,NA,NA,NA,0,NA,0,33.3,NA,NA
Oromia,East Wollega,Haro Limu,ET040204,NA,80464.76029464876,2025-Wk03-15,NA,NA,0,100,NA,0,NA,NA,NA,NA,33.3,NA,NA,NA,NA,NA,NA,NA,NA,0,NA,NA,NA
Oromia,East Wollega,Haro Limu,ET040204,NA,80464.76029464876,2025-Wk16-27,NA,NA,NA,100,NA,NA,NA,NA,NA,NA,NA,NA,NA,NA,NA,NA,NA,NA,NA,0,33.3,NA,NA
Oromia,East Wollega,Jima Arjo,ET040214,NA,133072.67340779485,2025-Wk03-15,NA,NA,NA,100,NA,NA,200,NA,NA,NA,NA,NA,NA,NA,NA,NA,NA,NA,NA,0,NA,NA,NA
Oromia,East Wollega,Jima Arjo,ET040214,NA,133072.67340779485,2025-Wk16-27,NA,NA,NA,100,NA,NA,100,NA,NA,NA,NA,NA,NA,NA,NA,NA,NA,NA,NA,0,14.3,NA,NA
Oromia,East Wollega,Kiremu,ET040217,NA,84467.83853783854,2025-Wk03-15,NA,NA,NA,100,NA,NA,NA,NA,NA,NA,NA,NA,NA,NA,NA,NA,NA,NA,NA,0,NA,NA,NA
Oromia,East Wollega,Kiremu,ET040217,NA,84467.83853783854,2025-Wk16-27,NA,NA,NA,100,NA,NA,NA,NA,NA,NA,NA,NA,NA,NA,NA,NA,NA,NA,NA,0,25,NA,NA
Oromia,East Wollega,Leka  Dulecha,ET040212,NA,110181.43998080198,2025-Wk03-15,NA,NA,NA,100,NA,NA,33.3,NA,NA,NA,NA,NA,NA,NA,NA,NA,NA,NA,NA,0,NA,NA,NA
Oromia,East Wollega,Leka  Dulecha,ET040212,NA,110181.43998080198,2025-Wk16-27,NA,NA,NA,100,NA,NA,100,NA,NA,NA,NA,NA,NA,NA,NA,NA,NA,NA,NA,0,33.3,NA,NA
Oromia,East Wollega,Limu,ET040201,NA,110855.21483872598,2025-Wk03-15,NA,NA,NA,75,NA,NA,NA,NA,NA,NA,NA,NA,NA,NA,NA,NA,NA,NA,NA,0,NA,NA,NA
Oromia,East Wollega,Limu,ET040201,NA,110855.21483872598,2025-Wk16-27,NA,NA,NA,75,NA,NA,NA,NA,NA,NA,NA,NA,NA,NA,NA,NA,NA,NA,NA,0,25,NA,NA
Oromia,East Wollega,Nunu kumba,ET040215,NA,99343.29012333864,2025-Wk03-15,NA,NA,NA,100,NA,NA,NA,NA,NA,NA,NA,NA,NA,NA,NA,NA,NA,NA,NA,0,NA,NA,NA
Oromia,East Wollega,Nunu kumba,ET040215,NA,99343.29012333864,2025-Wk16-27,NA,NA,NA,100,NA,NA,NA,NA,NA,NA,NA,NA,NA,NA,NA,NA,NA,NA,NA,0,25,NA,NA
Oromia,East Wollega,Sasigga,ET040211,NA,123082.62428419458,2025-Wk03-15,NA,NA,NA,100,NA,NA,NA,NA,NA,NA,NA,NA,NA,NA,NA,NA,NA,NA,NA,0,NA,NA,NA
Oromia,East Wollega,Sasigga,ET040211,NA,123082.62428419458,2025-Wk16-27,NA,NA,NA,100,NA,NA,NA,NA,NA,NA,NA,NA,NA,NA,NA,NA,NA,NA,NA,0,16.7,NA,NA
Oromia,East Wollega,Sibu Sere,ET040209,NA,157428.0302958956,2025-Wk03-15,NA,NA,NA,75,NA,NA,NA,NA,NA,NA,NA,NA,NA,NA,NA,NA,NA,NA,NA,0,NA,NA,NA
Oromia,East Wollega,Sibu Sere,ET040209,NA,157428.0302958956,2025-Wk16-27,NA,NA,NA,75,NA,NA,NA,NA,NA,NA,NA,NA,NA,NA,NA,NA,NA,NA,NA,0,25,NA,NA
Oromia,East Wollega,Sibu Sire Hosp,ET040209,NA,157428.0302958956,2025-Wk03-15,NA,NA,NA,100,NA,NA,0,NA,NA,NA,NA,NA,NA,NA,NA,NA,NA,NA,NA,0,NA,NA,NA
Oromia,East Wollega,Sibu Sire Hosp,ET040209,NA,157428.0302958956,2025-Wk16-27,NA,NA,NA,100,NA,NA,NA,NA,NA,NA,NA,NA,NA,NA,NA,NA,NA,NA,NA,0,100,NA,NA
Oromia,East Wollega,W/Tuqa,ET040206,NA,95727.36505247977,2025-Wk03-15,NA,NA,NA,100,NA,NA,50,NA,NA,NA,NA,NA,NA,NA,NA,NA,NA,NA,NA,0,NA,NA,NA
Oromia,East Wollega,W/Tuqa,ET040206,NA,95727.36505247977,2025-Wk16-27,NA,NA,NA,100,NA,NA,100,NA,NA,NA,NA,NA,NA,NA,NA,NA,NA,NA,NA,0,33.3,NA,NA
Oromia,East Wollega,Wama Hagalo,ET040216,NA,74398.64760552972,2025-Wk03-15,NA,NA,NA,100,NA,NA,NA,NA,NA,NA,NA,NA,NA,NA,NA,NA,NA,NA,NA,0,NA,NA,NA
Oromia,East Wollega,Wama Hagalo,ET040216,NA,74398.64760552972,2025-Wk16-27,NA,NA,NA,100,NA,NA,NA,NA,NA,NA,NA,NA,NA,NA,NA,NA,NA,NA,NA,0,25,NA,NA
Oromia,Guji,Adola Hospital,ET041492,NA,40433.97786275085,2025-Wk03-15,NA,NA,NA,100,NA,NA,0,NA,NA,NA,NA,NA,NA,NA,NA,NA,NA,NA,NA,0,NA,NA,NA
Oromia,Guji,Adola Hospital,ET041492,NA,40433.97786275085,2025-Wk16-27,NA,NA,NA,100,NA,NA,40,NA,NA,NA,NA,NA,NA,NA,NA,NA,NA,NA,NA,0,100,NA,NA
Oromia,Guji,Adola Rede,ET041403,NA,166718.63694793664,2025-Wk03-15,NA,NA,NA,50,NA,NA,NA,NA,NA,NA,NA,NA,NA,NA,NA,NA,NA,NA,NA,0,NA,NA,NA
Oromia,Guji,Adola Rede,ET041403,NA,166718.63694793664,2025-Wk16-27,NA,NA,NA,50,NA,NA,NA,NA,NA,NA,NA,NA,NA,NA,NA,NA,NA,NA,NA,0,50,NA,NA
Oromia,Guji,Adola Rede,ET041403,NA,166718.63694793664,2025-Wk28-52,NA,NA,100,100,NA,37.5,23.8,NA,NA,NA,NA,NA,NA,NA,NA,NA,NA,NA,NA,0,NA,NA,NA
Oromia,Guji,Adola Town,ET041492,NA,40433.97786275085,2025-Wk03-15,NA,NA,NA,0,NA,NA,NA,NA,NA,NA,NA,NA,NA,NA,NA,NA,NA,NA,NA,0,NA,NA,NA
Oromia,Guji,Adola Town,ET041492,NA,40433.97786275085,2025-Wk16-27,NA,NA,NA,0,NA,NA,NA,NA,NA,NA,NA,NA,NA,NA,NA,NA,NA,NA,NA,0,25,NA,NA
Oromia,Guji,Aga Wayyu,ET041482,NA,47058.36114843548,2025-Wk03-15,NA,NA,NA,100,NA,NA,NA,NA,NA,NA,NA,NA,NA,NA,NA,NA,NA,NA,NA,0,NA,NA,NA
Oromia,Guji,Aga Wayyu,ET041482,NA,47058.36114843548,2025-Wk16-27,NA,NA,NA,100,NA,NA,NA,NA,NA,NA,NA,NA,NA,NA,NA,NA,NA,NA,NA,0,100,NA,NA
Oromia,Guji,Anna Sora,ET041411,NA,138122.7763905205,2025-Wk03-15,NA,NA,NA,100,NA,NA,NA,NA,NA,NA,NA,NA,NA,NA,NA,NA,NA,NA,NA,0,NA,NA,NA
Oromia,Guji,Anna Sora,ET041411,NA,138122.7763905205,2025-Wk16-27,NA,NA,NA,100,NA,NA,NA,NA,NA,NA,NA,NA,NA,NA,NA,NA,NA,NA,NA,0,20,NA,NA
Oromia,Guji,Ardaa Jila M/Bokko,ET041409,NA,38738,2025-Wk03-15,NA,NA,NA,100,NA,NA,NA,NA,NA,NA,NA,NA,NA,NA,NA,NA,NA,NA,NA,0,NA,NA,NA
Oromia,Guji,Ardaa Jila M/Bokko,ET041409,NA,38738,2025-Wk16-27,NA,NA,NA,100,NA,NA,NA,NA,NA,NA,NA,NA,NA,NA,NA,NA,NA,NA,NA,0,100,NA,NA
Oromia,Guji,Bore,ET041402,NA,177839.13055538724,2025-Wk03-15,NA,NA,NA,100,NA,NA,0,NA,NA,NA,NA,NA,NA,NA,NA,NA,NA,NA,NA,0,NA,NA,NA
Oromia,Guji,Bore,ET041402,NA,177839.13055538724,2025-Wk16-27,NA,NA,NA,100,NA,NA,NA,NA,NA,NA,NA,NA,NA,NA,NA,NA,NA,NA,NA,0,16.7,NA,NA
Oromia,Guji,Bore Hospital,ET041402,NA,177839.13055538724,2025-Wk03-15,NA,NA,NA,0,NA,NA,NA,NA,NA,NA,NA,NA,NA,NA,NA,NA,NA,NA,NA,0,NA,NA,NA
Oromia,Guji,Bore Hospital,ET041402,NA,177839.13055538724,2025-Wk16-27,NA,NA,NA,0,NA,NA,NA,NA,NA,NA,NA,NA,NA,NA,NA,NA,NA,NA,NA,0,100,NA,NA
Oromia,Guji,Dama,ET041408,NA,86562.95750081178,2025-Wk03-15,NA,NA,NA,100,NA,NA,0,NA,NA,NA,NA,NA,NA,NA,NA,NA,NA,NA,NA,0,NA,NA,NA
Oromia,Guji,Dama,ET041408,NA,86562.95750081178,2025-Wk16-27,NA,NA,NA,100,NA,NA,NA,NA,NA,NA,NA,NA,NA,NA,NA,NA,NA,NA,NA,0,25,NA,NA
Oromia,Guji,Girja,ET041410,NA,76271.31391699788,2025-Wk03-15,NA,NA,NA,100,NA,NA,NA,NA,NA,NA,NA,NA,NA,NA,NA,NA,NA,NA,NA,0,NA,NA,NA
Oromia,Guji,Girja,ET041410,NA,76271.31391699788,2025-Wk16-27,NA,NA,NA,100,NA,NA,NA,NA,NA,NA,NA,NA,NA,NA,NA,NA,NA,NA,NA,0,20,NA,NA
Oromia,Guji,Haro Walabuu,ET041490,NA,94299.60404402176,2025-Wk03-15,NA,NA,NA,100,NA,NA,NA,NA,NA,NA,NA,NA,NA,NA,NA,NA,NA,NA,NA,0,NA,NA,NA
Oromia,Guji,Haro Walabuu,ET041490,NA,94299.60404402176,2025-Wk16-27,NA,NA,NA,100,NA,NA,NA,NA,NA,NA,NA,NA,NA,NA,NA,NA,NA,NA,NA,0,25,NA,NA
Oromia,Guji,Odo Shakiso,ET041405,NA,144536.4713476162,2025-Wk03-15,NA,NA,NA,100,NA,NA,0,NA,NA,NA,NA,NA,NA,NA,NA,NA,NA,NA,NA,0,NA,NA,NA
Oromia,Guji,Odo Shakiso,ET041405,NA,144536.4713476162,2025-Wk16-27,NA,NA,NA,100,NA,NA,NA,NA,NA,NA,NA,NA,NA,NA,NA,NA,NA,NA,NA,0,20,NA,NA
Oromia,Guji,Saba Boru,ET041412,NA,77632.76692356498,2025-Wk03-15,NA,NA,100,60,NA,132.2,NA,NA,NA,NA,20,NA,NA,NA,NA,NA,NA,NA,NA,0,NA,NA,NA
Oromia,Guji,Saba Boru,ET041412,NA,77632.76692356498,2025-Wk16-27,NA,NA,NA,60,NA,NA,NA,NA,NA,NA,NA,NA,NA,NA,NA,NA,NA,NA,NA,0,20,NA,NA
Oromia,Guji,Saba Boru Hospital,ET041412,NA,77632.76692356498,2025-Wk03-15,NA,NA,NA,100,NA,NA,NA,NA,NA,NA,NA,NA,NA,NA,NA,NA,NA,NA,NA,0,NA,NA,NA
Oromia,Guji,Saba Boru Hospital,ET041412,NA,77632.76692356498,2025-Wk16-27,NA,NA,NA,100,NA,NA,NA,NA,NA,NA,NA,NA,NA,NA,NA,NA,NA,NA,NA,0,100,NA,NA
Oromia,Guji,Uraga,ET041401,NA,174616.77556026808,2025-Wk03-15,NA,NA,NA,100,NA,NA,NA,NA,NA,NA,NA,NA,NA,NA,NA,NA,NA,NA,NA,0,NA,NA,NA
Oromia,Guji,Uraga,ET041401,NA,174616.77556026808,2025-Wk16-27,NA,NA,NA,100,NA,NA,NA,NA,NA,NA,NA,NA,NA,NA,NA,NA,NA,NA,NA,0,20,NA,NA
Oromia,Guji,Uraga Hospital,ET041401,NA,174616.77556026808,2025-Wk03-15,NA,NA,NA,100,NA,NA,NA,NA,NA,NA,NA,NA,NA,NA,NA,NA,NA,NA,NA,0,NA,NA,NA
Oromia,Guji,Uraga Hospital,ET041401,NA,174616.77556026808,2025-Wk16-27,NA,NA,NA,100,NA,NA,0,NA,NA,NA,NA,NA,NA,NA,NA,NA,NA,NA,NA,0,100,NA,NA
Oromia,Guji,Wadara,ET041404,NA,77772.86931465713,2025-Wk03-15,NA,NA,NA,80,NA,NA,0,NA,NA,NA,NA,NA,NA,NA,NA,NA,NA,NA,NA,0,NA,NA,NA
Oromia,Guji,Wadara,ET041404,NA,77772.86931465713,2025-Wk16-27,NA,NA,NA,80,NA,NA,50,NA,NA,NA,NA,NA,NA,NA,NA,NA,NA,NA,NA,0,20,NA,NA
Oromia,Holeta Town,Holeta Town,ET042020,NA,46666.28684634455,2025-Wk03-15,NA,NA,NA,100,NA,NA,75,NA,NA,NA,NA,NA,NA,NA,NA,NA,NA,NA,NA,0,NA,NA,NA
Oromia,Holeta Town,Holeta Town,ET042020,NA,46666.28684634455,2025-Wk16-27,NA,NA,NA,100,NA,NA,100,NA,NA,NA,NA,NA,NA,NA,NA,NA,NA,NA,NA,0,33.3,NA,NA
Oromia,Horro Guduru Wollega,Abay Cooman,ET041905,NA,75544.06486400055,2025-Wk03-15,NA,NA,NA,100,NA,NA,NA,NA,NA,NA,NA,NA,NA,NA,NA,NA,NA,NA,NA,0,NA,NA,NA
Oromia,Horro Guduru Wollega,Abay Cooman,ET041905,NA,75544.06486400055,2025-Wk16-27,NA,NA,NA,100,NA,NA,NA,NA,NA,NA,NA,NA,NA,NA,NA,NA,NA,NA,NA,0,25,NA,NA
Oromia,Horro Guduru Wollega,Abe Dongoro,ET041910,NA,102164.58865540773,2025-Wk03-15,NA,NA,NA,100,NA,NA,NA,NA,NA,NA,NA,NA,NA,NA,NA,NA,NA,NA,NA,0,NA,NA,NA
Oromia,Horro Guduru Wollega,Abe Dongoro,ET041910,NA,102164.58865540773,2025-Wk16-27,NA,NA,NA,100,NA,NA,NA,NA,NA,NA,NA,NA,NA,NA,NA,NA,NA,NA,NA,0,12.5,NA,NA
Oromia,Horro Guduru Wollega,Amuru,ET041909,NA,82703.19010041852,2025-Wk03-15,NA,NA,NA,100,NA,NA,NA,NA,NA,NA,NA,NA,NA,NA,NA,NA,NA,NA,NA,0,NA,NA,NA
Oromia,Horro Guduru Wollega,Amuru,ET041909,NA,82703.19010041852,2025-Wk16-27,NA,NA,NA,100,NA,NA,NA,NA,NA,NA,NA,NA,NA,NA,NA,NA,NA,NA,NA,0,20,NA,NA
Oromia,Horro Guduru Wollega,Chomen Guduru,ET041911,NA,51827.18986507541,2025-Wk03-15,NA,NA,NA,100,NA,NA,NA,NA,NA,NA,NA,NA,NA,NA,NA,NA,NA,NA,NA,0,NA,NA,NA
Oromia,Horro Guduru Wollega,Chomen Guduru,ET041911,NA,51827.18986507541,2025-Wk16-27,NA,NA,NA,100,NA,NA,0,NA,NA,NA,NA,NA,NA,NA,NA,NA,NA,NA,NA,0,50,NA,NA
Oromia,Horro Guduru Wollega,Guduruu,ET041903,NA,98395.72738663915,2025-Wk03-15,NA,NA,NA,83.3,NA,NA,146.2,NA,NA,NA,NA,NA,NA,NA,NA,NA,NA,NA,NA,0,NA,NA,NA
Oromia,Horro Guduru Wollega,Guduruu,ET041903,NA,98395.72738663915,2025-Wk16-27,NA,NA,NA,83.3,NA,NA,100,NA,NA,NA,NA,NA,NA,NA,NA,NA,NA,NA,NA,0,16.7,NA,NA
Oromia,Horro Guduru Wollega,Hababo Guduru,ET041904,NA,69259.77745898232,2025-Wk03-15,NA,NA,NA,100,NA,NA,NA,NA,NA,NA,NA,NA,NA,NA,NA,NA,NA,NA,NA,0,NA,NA,NA
Oromia,Horro Guduru Wollega,Hababo Guduru,ET041904,NA,69259.77745898232,2025-Wk16-27,NA,NA,100,100,NA,93.4,93.4,100,100,NA,NA,100,100,NA,NA,NA,NA,NA,NA,0,25,NA,NA
Oromia,Horro Guduru Wollega,Horro,ET041901,NA,52453.90743133489,2025-Wk03-15,NA,NA,NA,100,NA,NA,NA,NA,NA,NA,NA,NA,NA,NA,NA,NA,NA,NA,NA,0,NA,NA,NA
Oromia,Horro Guduru Wollega,Horro,ET041901,NA,52453.90743133489,2025-Wk16-27,NA,NA,NA,100,NA,NA,NA,NA,NA,NA,NA,NA,NA,NA,NA,NA,NA,NA,NA,0,33.3,NA,NA
Oromia,Horro Guduru Wollega,Horro Buluk,ET041912,NA,62074.98460892915,2025-Wk03-15,NA,NA,NA,75,NA,NA,NA,NA,NA,NA,NA,NA,NA,NA,NA,NA,NA,NA,NA,0,NA,NA,NA
Oromia,Horro Guduru Wollega,Horro Buluk,ET041912,NA,62074.98460892915,2025-Wk16-27,NA,NA,NA,75,NA,NA,0,NA,NA,NA,NA,NA,NA,NA,NA,NA,NA,NA,NA,0,25,NA,NA
Oromia,Horro Guduru Wollega,Jardaga Jarte,ET041908,NA,75334.44601931307,2025-Wk03-15,NA,NA,NA,83.3,NA,NA,NA,NA,NA,NA,NA,NA,NA,NA,NA,NA,NA,NA,NA,0,NA,NA,NA
Oromia,Horro Guduru Wollega,Jardaga Jarte,ET041908,NA,75334.44601931307,2025-Wk16-27,NA,NA,NA,83.3,NA,NA,NA,NA,NA,NA,NA,NA,NA,NA,NA,NA,NA,NA,NA,0,16.7,NA,NA
Oromia,Horro Guduru Wollega,Jima Ganati,ET041906,NA,98932.60830517541,2025-Wk03-15,NA,NA,NA,100,NA,NA,NA,NA,NA,NA,NA,NA,NA,NA,NA,NA,NA,NA,NA,0,NA,NA,NA
Oromia,Horro Guduru Wollega,Jima Ganati,ET041906,NA,98932.60830517541,2025-Wk16-27,NA,NA,NA,100,NA,NA,NA,NA,NA,NA,NA,NA,NA,NA,NA,NA,NA,NA,NA,0,25,NA,NA
Oromia,Horro Guduru Wollega,Jima Rare,ET041907,NA,86350.13020441991,2025-Wk03-15,NA,NA,NA,100,NA,NA,NA,NA,NA,NA,NA,NA,NA,NA,NA,NA,NA,NA,NA,0,NA,NA,NA
Oromia,Horro Guduru Wollega,Jima Rare,ET041907,NA,86350.13020441991,2025-Wk16-27,NA,NA,NA,100,NA,NA,NA,NA,NA,NA,NA,NA,NA,NA,NA,NA,NA,NA,NA,0,25,NA,NA
Oromia,Horro Guduru Wollega,Shambu Hospital,ET041902,NA,26432.294624749044,2025-Wk03-15,NA,NA,NA,100,NA,NA,100,NA,NA,NA,NA,NA,NA,NA,NA,NA,NA,NA,NA,0,NA,NA,NA
Oromia,Horro Guduru Wollega,Shambu Hospital,ET041902,NA,26432.294624749044,2025-Wk16-27,NA,NA,NA,100,NA,NA,100,NA,NA,NA,NA,NA,NA,NA,NA,NA,NA,NA,NA,0,100,NA,NA
Oromia,Horro Guduru Wollega,Shambu Town,ET041902,NA,26432.294624749044,2025-Wk03-15,NA,NA,NA,100,NA,NA,NA,NA,NA,NA,NA,NA,NA,NA,NA,NA,NA,NA,NA,0,NA,NA,NA
Oromia,Horro Guduru Wollega,Shambu Town,ET041902,NA,26432.294624749044,2025-Wk16-27,NA,NA,NA,100,NA,NA,NA,NA,NA,NA,NA,NA,NA,NA,NA,NA,NA,NA,NA,0,100,NA,NA
Oromia,Horro Guduru Wollega,Sulula Fincha,ET041905,NA,75544.06486400055,2025-Wk03-15,NA,NA,NA,100,NA,NA,NA,NA,NA,NA,NA,NA,NA,NA,NA,NA,NA,NA,NA,0,NA,NA,NA
Oromia,Horro Guduru Wollega,Sulula Fincha,ET041905,NA,75544.06486400055,2025-Wk16-27,NA,NA,NA,100,NA,NA,NA,NA,NA,NA,NA,NA,NA,NA,NA,NA,NA,NA,NA,0,100,NA,NA
Oromia,Illuababora,A/Sachi,ET040302,NA,117898.83581378557,2025-Wk03-15,NA,NA,NA,100,NA,NA,NA,NA,NA,NA,NA,NA,NA,NA,NA,NA,NA,NA,NA,0,NA,NA,NA
Oromia,Illuababora,A/Sachi,ET040302,NA,117898.83581378557,2025-Wk16-27,NA,NA,NA,100,NA,NA,NA,NA,NA,NA,NA,NA,NA,NA,NA,NA,NA,NA,NA,0,16.7,NA,NA
Oromia,Illuababora,Alle,ET040311,NA,81289.33238267957,2025-Wk03-15,NA,NA,NA,100,NA,NA,NA,NA,NA,NA,NA,NA,NA,NA,NA,NA,NA,NA,NA,0,NA,NA,NA
Oromia,Illuababora,Alle,ET040311,NA,81289.33238267957,2025-Wk16-27,NA,NA,NA,100,NA,NA,NA,NA,NA,NA,NA,NA,NA,NA,NA,NA,NA,NA,NA,0,50,NA,NA
Oromia,Illuababora,Bacho,ET040314,NA,115729.97828293087,2025-Wk03-15,NA,NA,NA,100,NA,NA,NA,NA,NA,NA,NA,NA,NA,NA,NA,NA,NA,NA,NA,0,NA,NA,NA
Oromia,Illuababora,Bacho,ET040314,NA,115729.97828293087,2025-Wk16-27,NA,NA,NA,100,NA,NA,NA,NA,NA,NA,NA,NA,NA,NA,NA,NA,NA,NA,NA,0,33.3,NA,NA
Oromia,Illuababora,Bilo Nopha,ET040315,NA,44149.364936446094,2025-Wk03-15,NA,NA,NA,100,NA,NA,NA,NA,NA,NA,NA,NA,NA,NA,NA,NA,NA,NA,NA,0,NA,NA,NA
Oromia,Illuababora,Bilo Nopha,ET040315,NA,44149.364936446094,2025-Wk16-27,NA,NA,NA,100,NA,NA,NA,NA,NA,NA,NA,NA,NA,NA,NA,NA,NA,NA,NA,0,50,NA,NA
Oromia,Illuababora,Bure,ET040312,NA,78387.82255800045,2025-Wk03-15,NA,NA,NA,100,NA,NA,NA,NA,NA,NA,NA,NA,NA,NA,NA,NA,NA,NA,NA,0,NA,NA,NA
Oromia,Illuababora,Bure,ET040312,NA,78387.82255800045,2025-Wk16-27,NA,NA,NA,100,NA,NA,NA,NA,NA,NA,NA,NA,NA,NA,NA,NA,NA,NA,NA,0,33.3,NA,NA
Oromia,Illuababora,Darimu,ET040301,NA,220854.84255627866,2025-Wk03-15,NA,NA,NA,100,NA,NA,NA,NA,NA,NA,NA,NA,NA,NA,NA,NA,NA,NA,NA,0,NA,NA,NA
Oromia,Illuababora,Darimu,ET040301,NA,220854.84255627866,2025-Wk16-27,NA,NA,NA,100,NA,NA,NA,NA,NA,NA,NA,NA,NA,NA,NA,NA,NA,NA,NA,0,12.5,NA,NA
Oromia,Illuababora,Didu,ET040317,NA,49740.62677331391,2025-Wk03-15,NA,NA,NA,100,NA,NA,NA,NA,NA,NA,NA,NA,NA,NA,NA,NA,NA,NA,NA,0,NA,NA,NA
Oromia,Illuababora,Didu,ET040317,NA,49740.62677331391,2025-Wk16-27,NA,NA,NA,100,NA,NA,NA,NA,NA,NA,NA,NA,NA,NA,NA,NA,NA,NA,NA,0,50,NA,NA
Oromia,Illuababora,Doreni,ET040324,NA,55614.232360168935,2025-Wk03-15,NA,NA,NA,100,NA,NA,NA,NA,NA,NA,NA,NA,NA,NA,NA,NA,NA,NA,NA,0,NA,NA,NA
Oromia,Illuababora,Doreni,ET040324,NA,55614.232360168935,2025-Wk16-27,NA,NA,NA,100,NA,NA,100,NA,NA,NA,NA,NA,NA,NA,NA,NA,NA,NA,NA,0,50,NA,NA
Oromia,Illuababora,Halu,ET040319,NA,25994.875709049174,2025-Wk03-15,NA,NA,NA,100,NA,NA,NA,NA,NA,NA,NA,NA,NA,NA,NA,NA,NA,NA,NA,0,NA,NA,NA
Oromia,Illuababora,Halu,ET040319,NA,25994.875709049174,2025-Wk16-27,NA,NA,NA,100,NA,NA,NA,NA,NA,NA,NA,NA,NA,NA,NA,NA,NA,NA,NA,0,100,NA,NA
Oromia,Illuababora,Hurumu,ET040316,NA,65765.77355289068,2025-Wk03-15,NA,NA,NA,100,NA,NA,NA,NA,NA,NA,NA,NA,NA,NA,NA,NA,NA,NA,NA,0,NA,NA,NA
Oromia,Illuababora,Hurumu,ET040316,NA,65765.77355289068,2025-Wk16-27,NA,NA,NA,100,NA,NA,NA,NA,NA,NA,NA,NA,NA,NA,NA,NA,NA,NA,NA,0,50,NA,NA
Oromia,Illuababora,Matu rural,ET040310,NA,93869.67151563214,2025-Wk03-15,NA,NA,NA,100,NA,NA,NA,NA,NA,NA,NA,NA,NA,NA,NA,NA,NA,NA,NA,0,NA,NA,NA
Oromia,Illuababora,Matu rural,ET040310,NA,93869.67151563214,2025-Wk16-27,NA,NA,NA,100,NA,NA,NA,NA,NA,NA,NA,NA,NA,NA,NA,NA,NA,NA,NA,0,25,NA,NA
Oromia,Illuababora,Nono sale,ET040313,NA,35131.47667927904,2025-Wk03-15,NA,NA,NA,100,NA,NA,NA,NA,NA,NA,NA,NA,NA,NA,NA,NA,NA,NA,NA,0,NA,NA,NA
Oromia,Illuababora,Nono sale,ET040313,NA,35131.47667927904,2025-Wk16-27,NA,NA,NA,100,NA,NA,NA,NA,NA,NA,NA,NA,NA,NA,NA,NA,NA,NA,NA,0,50,NA,NA
Oromia,Illuababora,Yayo,ET040309,NA,81948.13446598305,2025-Wk03-15,NA,NA,NA,100,NA,NA,NA,NA,NA,NA,NA,NA,NA,NA,NA,NA,NA,NA,NA,0,NA,NA,NA
Oromia,Illuababora,Yayo,ET040309,NA,81948.13446598305,2025-Wk16-27,NA,NA,NA,100,NA,NA,25,NA,NA,NA,NA,NA,NA,NA,NA,NA,NA,NA,NA,0,33.3,NA,NA
Oromia,Jimma,Botor Tolay,ET040495,NA,69930.34386520194,2025-Wk03-15,NA,NA,NA,100,NA,NA,NA,NA,NA,NA,NA,NA,NA,NA,NA,NA,NA,NA,NA,0,NA,NA,NA
Oromia,Jimma,Botor Tolay,ET040495,NA,69930.34386520194,2025-Wk16-27,NA,NA,NA,100,NA,NA,0,NA,NA,NA,NA,NA,NA,NA,NA,NA,NA,NA,NA,0,25,NA,NA
Oromia,Jimma,Chora Botor,ET040415,NA,87439.93430001446,2025-Wk03-15,NA,NA,NA,100,NA,NA,NA,NA,NA,NA,NA,NA,NA,NA,NA,NA,NA,NA,NA,0,NA,NA,NA
Oromia,Jimma,Chora Botor,ET040415,NA,87439.93430001446,2025-Wk16-27,NA,NA,NA,100,NA,NA,NA,NA,NA,NA,NA,NA,NA,NA,NA,NA,NA,NA,NA,0,33.3,NA,NA
Oromia,Jimma,Dedo,ET040410,NA,242629.53479014026,2025-Wk03-15,NA,NA,NA,100,NA,NA,NA,NA,NA,NA,NA,NA,NA,NA,NA,NA,NA,NA,NA,0,NA,NA,NA
Oromia,Jimma,Dedo,ET040410,NA,242629.53479014026,2025-Wk16-27,NA,NA,NA,100,NA,NA,0,NA,NA,NA,NA,NA,NA,NA,NA,NA,NA,NA,NA,0,12.5,NA,NA
Oromia,Jimma,Dedo hospital,ET040410,NA,242629.53479014026,2025-Wk03-15,NA,NA,NA,100,NA,NA,NA,NA,NA,NA,NA,NA,NA,NA,NA,NA,NA,NA,NA,0,NA,NA,NA
Oromia,Jimma,Dedo hospital,ET040410,NA,242629.53479014026,2025-Wk16-27,NA,NA,NA,100,NA,NA,NA,NA,NA,NA,NA,NA,NA,NA,NA,NA,NA,NA,NA,0,100,NA,NA
Oromia,Jimma,Dimtu hospital,ET040404,NA,182497.8024301761,2025-Wk03-15,NA,NA,NA,100,NA,NA,0,NA,NA,NA,NA,NA,NA,NA,NA,NA,NA,NA,NA,0,NA,NA,NA
Oromia,Jimma,Dimtu hospital,ET040404,NA,182497.8024301761,2025-Wk16-27,NA,NA,NA,100,NA,NA,NA,NA,NA,NA,NA,NA,NA,NA,NA,NA,NA,NA,NA,0,100,NA,NA
Oromia,Jimma,Gera,ET040408,NA,171471.4234060546,2025-Wk03-15,NA,NA,NA,100,NA,NA,NA,NA,NA,NA,NA,NA,NA,NA,NA,NA,NA,NA,NA,0,NA,NA,NA
Oromia,Jimma,Gera,ET040408,NA,171471.4234060546,2025-Wk16-27,NA,NA,NA,100,NA,NA,0,NA,NA,NA,NA,NA,NA,NA,NA,NA,NA,NA,NA,0,16.7,NA,NA
Oromia,Jimma,Goma,ET040407,NA,325925.21897197136,2025-Wk03-15,NA,NA,NA,100,NA,NA,NA,NA,NA,NA,NA,NA,NA,NA,NA,NA,NA,NA,NA,0,NA,NA,NA
Oromia,Jimma,Goma,ET040407,NA,325925.21897197136,2025-Wk16-27,NA,NA,NA,100,NA,NA,0,NA,NA,NA,NA,NA,NA,NA,NA,NA,NA,NA,NA,0,9.1,NA,NA
Oromia,Jimma,Gumay,ET040416,NA,92956.33226377961,2025-Wk03-15,NA,NA,NA,100,NA,NA,NA,NA,NA,NA,NA,NA,NA,NA,NA,NA,NA,NA,NA,0,NA,NA,NA
Oromia,Jimma,Gumay,ET040416,NA,92956.33226377961,2025-Wk16-27,NA,NA,NA,100,NA,NA,NA,NA,NA,NA,NA,NA,NA,NA,NA,NA,NA,NA,NA,0,33.3,NA,NA
Oromia,Jimma,Kersa,ET040405,NA,257362.3,2025-Wk03-15,NA,NA,NA,100,NA,NA,NA,NA,NA,NA,NA,NA,NA,NA,NA,NA,NA,NA,NA,0,NA,NA,NA
Oromia,Jimma,Kersa,ET040405,NA,257362.3,2025-Wk16-27,NA,NA,NA,100,NA,NA,NA,NA,NA,NA,NA,NA,NA,NA,NA,NA,NA,NA,NA,0,12.5,NA,NA
Oromia,Jimma,Limu Genet town,ET040401,NA,164028.88493574792,2025-Wk03-15,NA,NA,NA,100,NA,NA,NA,NA,NA,NA,NA,NA,NA,NA,NA,NA,NA,NA,NA,0,NA,NA,NA
Oromia,Jimma,Limu Genet town,ET040401,NA,164028.88493574792,2025-Wk16-27,NA,NA,NA,100,NA,NA,NA,NA,NA,NA,NA,NA,NA,NA,NA,NA,NA,NA,NA,0,100,NA,NA
Oromia,Jimma,Limu Hospital,ET040401,NA,164028.88493574792,2025-Wk03-15,NA,NA,NA,100,NA,NA,0,NA,NA,NA,NA,NA,NA,NA,NA,NA,NA,NA,NA,0,NA,NA,NA
Oromia,Jimma,Limu Hospital,ET040401,NA,164028.88493574792,2025-Wk16-27,NA,NA,NA,100,NA,NA,33.3,NA,NA,NA,NA,NA,NA,NA,NA,NA,NA,NA,NA,0,100,NA,NA
Oromia,Jimma,Limu Kosa,ET040402,NA,243900.0816650827,2025-Wk03-15,NA,NA,100,100,NA,130.4,100,NA,NA,NA,14.3,NA,NA,NA,NA,NA,NA,NA,NA,0,NA,NA,NA
Oromia,Jimma,Limu Kosa,ET040402,NA,243900.0816650827,2025-Wk16-27,NA,NA,NA,100,NA,NA,NA,NA,NA,NA,NA,NA,NA,NA,NA,NA,NA,NA,NA,0,14.3,NA,NA
Oromia,Jimma,Limu Seka,ET040401,NA,164028.88493574792,2025-Wk03-15,NA,NA,NA,100,NA,NA,NA,NA,NA,NA,NA,NA,NA,NA,NA,NA,NA,NA,NA,0,NA,NA,NA
Oromia,Jimma,Limu Seka,ET040401,NA,164028.88493574792,2025-Wk16-27,NA,NA,NA,100,NA,NA,0,NA,NA,NA,NA,NA,NA,NA,NA,NA,NA,NA,NA,0,16.7,NA,NA
Oromia,Jimma,Limu Seka hospital,ET040401,NA,164028.88493574792,2025-Wk03-15,NA,NA,NA,100,NA,NA,NA,NA,NA,NA,NA,NA,NA,NA,NA,NA,NA,NA,NA,0,NA,NA,NA
Oromia,Jimma,Limu Seka hospital,ET040401,NA,164028.88493574792,2025-Wk16-27,NA,NA,NA,100,NA,NA,NA,NA,NA,NA,NA,NA,NA,NA,NA,NA,NA,NA,NA,0,100,NA,NA
Oromia,Jimma,Mana,ET040406,NA,223323.21140086371,2025-Wk03-15,NA,NA,NA,100,NA,NA,NA,NA,NA,NA,NA,NA,NA,NA,NA,NA,NA,NA,NA,0,NA,NA,NA
Oromia,Jimma,Mana,ET040406,NA,223323.21140086371,2025-Wk16-27,NA,NA,NA,100,NA,NA,NA,NA,NA,NA,NA,NA,NA,NA,NA,NA,NA,NA,NA,0,14.3,NA,NA
Oromia,Jimma,Mancho,ET040490,NA,195853.517391692,2025-Wk03-15,NA,NA,NA,100,NA,NA,NA,NA,NA,NA,NA,NA,NA,NA,NA,NA,NA,NA,NA,0,NA,NA,NA
Oromia,Jimma,Mancho,ET040490,NA,195853.517391692,2025-Wk16-27,NA,NA,NA,100,NA,NA,NA,NA,NA,NA,NA,NA,NA,NA,NA,NA,NA,NA,NA,0,16.7,NA,NA
Oromia,Jimma,Nada hospital,ET040411,NA,230059.89049620237,2025-Wk03-15,NA,NA,NA,100,NA,NA,80,NA,NA,NA,NA,NA,NA,NA,NA,NA,NA,NA,NA,0,NA,NA,NA
Oromia,Jimma,Nada hospital,ET040411,NA,230059.89049620237,2025-Wk16-27,NA,NA,NA,100,NA,NA,100,NA,NA,NA,NA,NA,NA,NA,NA,NA,NA,NA,NA,0,100,NA,NA
Oromia,Jimma,Nedhi Gibe,ET040404,NA,182497.8024301761,2025-Wk03-15,NA,NA,100,0,NA,22.2,NA,NA,NA,NA,20,NA,NA,NA,NA,NA,NA,NA,NA,0,NA,NA,NA
Oromia,Jimma,Nedhi Gibe,ET040404,NA,182497.8024301761,2025-Wk16-27,NA,NA,NA,0,NA,NA,NA,NA,NA,NA,NA,NA,NA,NA,NA,NA,NA,NA,NA,0,20,NA,NA
Oromia,Jimma,Nono Benja,ET040499,NA,90271.50611344013,2025-Wk03-15,NA,NA,NA,100,NA,NA,NA,NA,NA,NA,NA,NA,NA,NA,NA,NA,NA,NA,NA,0,NA,NA,NA
Oromia,Jimma,Nono Benja,ET040499,NA,90271.50611344013,2025-Wk16-27,NA,NA,NA,100,NA,NA,NA,NA,NA,NA,NA,NA,NA,NA,NA,NA,NA,NA,NA,0,25,NA,NA
Oromia,Jimma,Omo Beyam,ET040491,NA,148985.5243777176,2025-Wk03-15,NA,NA,NA,100,NA,NA,NA,NA,NA,NA,NA,NA,NA,NA,NA,NA,NA,NA,NA,0,NA,NA,NA
Oromia,Jimma,Omo Beyam,ET040491,NA,148985.5243777176,2025-Wk16-27,NA,NA,100,100,NA,NA,100,100,100,NA,25,100,100,NA,NA,NA,NA,0,NA,0,25,NA,NA
Oromia,Jimma,Omo Nada,ET040411,NA,230059.89049620237,2025-Wk03-15,NA,NA,NA,100,NA,NA,NA,NA,NA,NA,NA,NA,NA,NA,NA,NA,NA,NA,NA,0,NA,NA,NA
Oromia,Jimma,Omo Nada,ET040411,NA,230059.89049620237,2025-Wk16-27,NA,NA,100,100,NA,NA,100,100,100,NA,14.3,100,100,NA,NA,NA,NA,0,NA,0,14.3,NA,NA
Oromia,Jimma,Satama,ET040413,NA,157567.06320308623,2025-Wk03-15,NA,NA,100,100,NA,36.7,NA,NA,NA,NA,20,NA,NA,NA,NA,NA,NA,NA,NA,0,NA,NA,NA
Oromia,Jimma,Satama,ET040413,NA,157567.06320308623,2025-Wk16-27,NA,NA,NA,100,NA,NA,NA,NA,NA,NA,NA,NA,NA,NA,NA,NA,NA,NA,NA,0,20,NA,NA
Oromia,Jimma,Seka Chokorsa,ET040409,NA,317037.80775078316,2025-Wk03-15,NA,NA,NA,100,NA,NA,NA,NA,NA,NA,NA,NA,NA,NA,NA,NA,NA,NA,NA,0,NA,NA,NA
Oromia,Jimma,Seka Chokorsa,ET040409,NA,317037.80775078316,2025-Wk16-27,NA,NA,NA,100,NA,NA,NA,NA,NA,NA,NA,NA,NA,NA,NA,NA,NA,NA,NA,0,11.1,NA,NA
Oromia,Jimma,Seka Chokorsa hospital,ET040409,NA,317037.80775078316,2025-Wk03-15,NA,NA,NA,0,NA,NA,NA,NA,NA,NA,NA,NA,NA,NA,NA,NA,NA,NA,NA,0,NA,NA,NA
Oromia,Jimma,Seka Chokorsa hospital,ET040409,NA,317037.80775078316,2025-Wk16-27,NA,NA,NA,0,NA,NA,60,NA,NA,NA,NA,NA,NA,NA,NA,NA,NA,NA,NA,0,100,NA,NA
Oromia,Jimma,Setema hospital,ET040413,NA,157567.06320308623,2025-Wk03-15,NA,NA,NA,100,NA,NA,100,NA,NA,NA,NA,NA,NA,NA,NA,NA,NA,NA,NA,0,NA,NA,NA
Oromia,Jimma,Setema hospital,ET040413,NA,157567.06320308623,2025-Wk16-27,NA,NA,NA,100,NA,NA,NA,NA,NA,NA,NA,NA,NA,NA,NA,NA,NA,NA,NA,0,100,NA,NA
Oromia,Jimma,Shabe,ET040414,NA,171104.5904278515,2025-Wk03-15,NA,NA,100,100,NA,15.9,NA,NA,NA,NA,20,NA,NA,NA,NA,NA,NA,NA,NA,0,NA,NA,NA
Oromia,Jimma,Shabe,ET040414,NA,171104.5904278515,2025-Wk16-27,NA,NA,NA,100,NA,NA,NA,NA,NA,NA,NA,NA,NA,NA,NA,NA,NA,NA,NA,0,20,NA,NA
Oromia,Jimma,Sigmo,ET040412,NA,141232.83557598563,2025-Wk03-15,NA,NA,100,100,NA,29.8,NA,NA,NA,NA,20,NA,NA,NA,NA,NA,NA,NA,NA,0,NA,NA,NA
Oromia,Jimma,Sigmo,ET040412,NA,141232.83557598563,2025-Wk16-27,NA,NA,NA,100,NA,NA,NA,NA,NA,NA,NA,NA,NA,NA,NA,NA,NA,NA,NA,0,20,NA,NA
Oromia,Jimma,Sokoru,ET040403,NA,209696.91701227674,2025-Wk03-15,NA,NA,NA,100,NA,NA,NA,NA,NA,NA,NA,NA,NA,NA,NA,NA,NA,NA,NA,0,NA,NA,NA
Oromia,Jimma,Sokoru,ET040403,NA,209696.91701227674,2025-Wk16-27,NA,NA,NA,100,NA,NA,NA,NA,NA,NA,NA,NA,NA,NA,NA,NA,NA,NA,NA,0,16.7,NA,NA
Oromia,Jimma Town,Jimma Town,ET040418,NA,213218.72749980653,2025-Wk03-15,NA,NA,NA,66.7,NA,NA,11.4,NA,NA,NA,NA,NA,NA,NA,NA,NA,NA,NA,NA,0,NA,NA,NA
Oromia,Jimma Town,Jimma Town,ET040418,NA,213218.72749980653,2025-Wk16-27,NA,NA,100,66.7,NA,NA,14.3,100,100,NA,16.7,100,100,NA,NA,NA,NA,0,NA,0,16.7,NA,NA
Oromia,Kellem Wollega,Anfilo,ET041807,NA,118987.57042547864,2025-Wk03-15,NA,NA,NA,80,NA,NA,NA,NA,NA,NA,NA,NA,NA,NA,NA,NA,NA,NA,NA,0,NA,NA,NA
Oromia,Kellem Wollega,Anfilo,ET041807,NA,118987.57042547864,2025-Wk16-27,NA,NA,NA,80,NA,NA,NA,NA,NA,NA,NA,NA,NA,NA,NA,NA,NA,NA,NA,0,20,NA,NA
Oromia,Kellem Wollega,D/Dollo Hosp.,ET041806,NA,53402.53965193583,2025-Wk03-15,NA,NA,NA,100,NA,NA,0,NA,NA,NA,NA,NA,NA,NA,NA,NA,NA,NA,NA,0,NA,NA,NA
Oromia,Kellem Wollega,D/Dollo Hosp.,ET041806,NA,53402.53965193583,2025-Wk16-27,NA,NA,NA,100,NA,NA,55.6,NA,NA,NA,NA,NA,NA,NA,NA,NA,NA,NA,NA,0,100,NA,NA
Oromia,Kellem Wollega,Dale Sadi,ET041808,NA,115844.06,2025-Wk03-15,NA,NA,NA,100,NA,NA,0,NA,NA,NA,NA,NA,NA,NA,NA,NA,NA,NA,NA,0,NA,NA,NA
Oromia,Kellem Wollega,Dale Sadi,ET041808,NA,115844.06,2025-Wk16-27,NA,NA,NA,100,NA,NA,NA,NA,NA,NA,NA,NA,NA,NA,NA,NA,NA,NA,NA,0,20,NA,NA
Oromia,Kellem Wollega,Dale Wabera,ET041803,NA,49927.95681966534,2025-Wk03-15,NA,NA,100,100,NA,500,NA,NA,NA,NA,25,NA,NA,NA,NA,NA,NA,NA,NA,0,NA,NA,NA
Oromia,Kellem Wollega,Dale Wabera,ET041803,NA,49927.95681966534,2025-Wk16-27,NA,NA,NA,100,NA,NA,NA,NA,NA,NA,NA,NA,NA,NA,NA,NA,NA,NA,NA,0,25,NA,NA
Oromia,Kellem Wollega,Dambi Dollo,ET041806,NA,53402.53965193583,2025-Wk03-15,NA,NA,NA,100,NA,NA,NA,NA,NA,NA,NA,NA,NA,NA,NA,NA,NA,NA,NA,0,NA,NA,NA
Oromia,Kellem Wollega,Dambi Dollo,ET041806,NA,53402.53965193583,2025-Wk16-27,NA,NA,NA,100,NA,NA,NA,NA,NA,NA,NA,NA,NA,NA,NA,NA,NA,NA,NA,0,100,NA,NA
Oromia,Kellem Wollega,Gawo Kebe,ET041804,NA,94529.54308283709,2025-Wk03-15,NA,NA,100,100,NA,89.9,NA,NA,NA,NA,16.7,NA,NA,NA,NA,NA,NA,NA,NA,0,NA,NA,NA
Oromia,Kellem Wollega,Gawo Kebe,ET041804,NA,94529.54308283709,2025-Wk16-27,NA,NA,NA,100,NA,NA,NA,NA,NA,NA,NA,NA,NA,NA,NA,NA,NA,NA,NA,0,16.7,NA,NA
Oromia,Kellem Wollega,Gidami,ET041809,NA,131636.35652812506,2025-Wk03-15,NA,NA,NA,100,NA,NA,NA,NA,NA,NA,NA,NA,NA,NA,NA,NA,NA,NA,NA,0,NA,NA,NA
Oromia,Kellem Wollega,Gidami,ET041809,NA,131636.35652812506,2025-Wk16-27,NA,NA,NA,100,NA,NA,NA,NA,NA,NA,NA,NA,NA,NA,NA,NA,NA,NA,NA,0,16.7,NA,NA
Oromia,Kellem Wollega,Gidami Hosp.,ET041809,NA,131636.35652812506,2025-Wk03-15,NA,NA,NA,100,NA,NA,NA,NA,NA,NA,NA,NA,NA,NA,NA,NA,NA,NA,NA,0,NA,NA,NA
Oromia,Kellem Wollega,Gidami Hosp.,ET041809,NA,131636.35652812506,2025-Wk16-27,NA,NA,NA,100,NA,NA,NA,NA,NA,NA,NA,NA,NA,NA,NA,NA,NA,NA,NA,0,100,NA,NA
Oromia,Kellem Wollega,Hawa Gelan,ET041801,NA,148536.3411391016,2025-Wk03-15,NA,NA,100,100,NA,50,0,NA,NA,NA,58.3,NA,NA,NA,NA,NA,NA,NA,NA,0,NA,NA,NA
Oromia,Kellem Wollega,Hawa Gelan,ET041801,NA,148536.3411391016,2025-Wk16-27,NA,NA,NA,100,NA,NA,NA,NA,NA,NA,NA,NA,NA,NA,NA,NA,NA,NA,NA,0,16.7,NA,NA
Oromia,Kellem Wollega,Hawa Gelan Hosp.,ET041801,NA,148536.3411391016,2025-Wk03-15,NA,NA,NA,100,NA,NA,NA,NA,NA,NA,NA,NA,NA,NA,NA,NA,NA,NA,NA,0,NA,NA,NA
Oromia,Kellem Wollega,Hawa Gelan Hosp.,ET041801,NA,148536.3411391016,2025-Wk16-27,NA,NA,NA,100,NA,NA,0,NA,NA,NA,NA,NA,NA,NA,NA,NA,NA,NA,NA,0,100,NA,NA
Oromia,Kellem Wollega,Jima Horo,ET041810,NA,70196.64535666714,2025-Wk03-15,NA,NA,NA,100,NA,NA,NA,NA,NA,NA,NA,NA,NA,NA,NA,NA,NA,NA,NA,0,NA,NA,NA
Oromia,Kellem Wollega,Jima Horo,ET041810,NA,70196.64535666714,2025-Wk16-27,NA,NA,NA,100,NA,NA,NA,NA,NA,NA,NA,NA,NA,NA,NA,NA,NA,NA,NA,0,25,NA,NA
Oromia,Kellem Wollega,Kake Hosp.,ET041803,NA,49927.95681966534,2025-Wk03-15,NA,NA,NA,100,NA,NA,0,NA,NA,NA,NA,NA,NA,NA,NA,NA,NA,NA,NA,0,NA,NA,NA
Oromia,Kellem Wollega,Kake Hosp.,ET041803,NA,49927.95681966534,2025-Wk16-27,NA,NA,NA,100,NA,NA,71.4,NA,NA,NA,NA,NA,NA,NA,NA,NA,NA,NA,NA,0,100,NA,NA
Oromia,Kellem Wollega,Lalo Kile,ET041811,NA,74713.07587256093,2025-Wk03-15,NA,NA,NA,100,NA,NA,NA,NA,NA,NA,NA,NA,NA,NA,NA,NA,NA,NA,NA,0,NA,NA,NA
Oromia,Kellem Wollega,Lalo Kile,ET041811,NA,74713.07587256093,2025-Wk16-27,NA,NA,NA,100,NA,NA,NA,NA,NA,NA,NA,NA,NA,NA,NA,NA,NA,NA,NA,0,25,NA,NA
Oromia,Kellem Wollega,Sadi Chanka,ET041812,NA,69327.15494477472,2025-Wk03-15,NA,NA,100,100,NA,40,NA,NA,NA,NA,50,NA,NA,NA,NA,NA,NA,NA,NA,0,NA,NA,NA
Oromia,Kellem Wollega,Sadi Chanka,ET041812,NA,69327.15494477472,2025-Wk16-27,NA,NA,NA,100,NA,NA,NA,NA,NA,NA,NA,NA,NA,NA,NA,NA,NA,NA,NA,0,50,NA,NA
Oromia,Kellem Wollega,Seyo,ET041805,NA,175864.8632732797,2025-Wk03-15,NA,NA,NA,100,NA,NA,NA,NA,NA,NA,NA,NA,NA,NA,NA,NA,NA,NA,NA,0,NA,NA,NA
Oromia,Kellem Wollega,Seyo,ET041805,NA,175864.8632732797,2025-Wk16-27,NA,NA,NA,100,NA,NA,NA,NA,NA,NA,NA,NA,NA,NA,NA,NA,NA,NA,NA,0,20,NA,NA
Oromia,Kellem Wollega,Yemalogi Walal,ET041802,NA,62355.18939111343,2025-Wk03-15,NA,NA,NA,100,NA,NA,NA,NA,NA,NA,NA,NA,NA,NA,NA,NA,NA,NA,NA,0,NA,NA,NA
Oromia,Kellem Wollega,Yemalogi Walal,ET041802,NA,62355.18939111343,2025-Wk16-27,NA,NA,NA,100,NA,NA,NA,NA,NA,NA,NA,NA,NA,NA,NA,NA,NA,NA,NA,0,33.3,NA,NA
Oromia,Maya Town,Maya Town,ET041006,NA,339746.97877408884,2025-Wk03-15,NA,NA,50,66.7,NA,60.9,0,NA,NA,NA,66.7,NA,NA,NA,NA,NA,NA,NA,NA,0,NA,NA,NA
Oromia,Maya Town,Maya Town,ET041006,NA,339746.97877408884,2025-Wk16-27,NA,NA,NA,NA,NA,NA,NA,NA,NA,NA,100,NA,NA,NA,NA,NA,NA,NA,NA,NA,NA,NA,NA
Oromia,Metu Town,Metu Town,ET040320,NA,52980.093510856495,2025-Wk03-15,NA,NA,NA,100,NA,NA,25.8,NA,NA,NA,NA,NA,NA,NA,NA,NA,NA,NA,NA,0,NA,NA,NA
Oromia,Metu Town,Metu Town,ET040320,NA,52980.093510856495,2025-Wk16-27,NA,NA,NA,100,NA,NA,17.6,NA,NA,NA,NA,NA,NA,NA,NA,NA,NA,NA,NA,0,33.3,NA,NA
Oromia,Modjo town,Modjo town,ET040797,NA,61607.62014398821,2025-Wk03-15,NA,NA,NA,66.7,NA,NA,0,NA,NA,NA,NA,NA,NA,NA,NA,NA,NA,NA,NA,0,NA,NA,NA
Oromia,Modjo town,Modjo town,ET040797,NA,61607.62014398821,2025-Wk16-27,NA,NA,NA,66.7,NA,NA,0,NA,NA,NA,NA,NA,NA,NA,NA,NA,NA,NA,NA,0,33.3,NA,NA
Oromia,Moyale Town,Moyale Town,ET041210,NA,43202.35906324968,2025-Wk03-15,NA,NA,NA,66.7,NA,NA,0,NA,NA,NA,NA,NA,NA,NA,NA,NA,NA,NA,NA,0,NA,NA,NA
Oromia,Moyale Town,Moyale Town,ET041210,NA,43202.35906324968,2025-Wk16-27,NA,NA,100,66.7,NA,NA,0,100,100,NA,33.3,100,100,NA,NA,NA,100,0,NA,0,33.3,NA,NA
Oromia,Nejo Town,Nejo Town,ET040199,NA,33488.749406626215,2025-Wk03-15,NA,NA,NA,50,NA,NA,0,NA,NA,NA,NA,NA,NA,NA,NA,NA,NA,NA,NA,0,NA,NA,NA
Oromia,Nejo Town,Nejo Town,ET040199,NA,33488.749406626215,2025-Wk16-27,NA,NA,NA,50,NA,NA,100,NA,NA,NA,NA,NA,NA,NA,NA,NA,NA,NA,NA,0,50,NA,NA
Oromia,Nekemte Town,Nekemte Town,ET040297,NA,145299.01336936196,2025-Wk03-15,NA,NA,NA,50,NA,NA,0,NA,NA,NA,NA,NA,NA,NA,NA,NA,NA,NA,NA,0,NA,NA,NA
Oromia,Nekemte Town,Nekemte Town,ET040297,NA,145299.01336936196,2025-Wk16-27,NA,NA,100,50,NA,NA,0,100,100,NA,25,100,100,NA,NA,NA,NA,0,NA,0,25,NA,NA
Oromia,North Shoa,Abichu Gnea,ET040609,NA,113943.88434616177,2025-Wk03-15,NA,NA,NA,100,NA,NA,NA,NA,NA,NA,NA,NA,NA,NA,NA,NA,NA,NA,NA,0,NA,NA,NA
Oromia,North Shoa,Abichu Gnea,ET040609,NA,113943.88434616177,2025-Wk16-27,NA,NA,NA,100,NA,NA,NA,NA,NA,NA,NA,NA,NA,NA,NA,NA,NA,NA,NA,0,25,NA,NA
Oromia,North Shoa,Aleltu,ET040617,NA,81883.96543189503,2025-Wk03-15,NA,NA,NA,100,NA,NA,NA,NA,NA,NA,NA,NA,NA,NA,NA,NA,NA,NA,NA,0,NA,NA,NA
Oromia,North Shoa,Aleltu,ET040617,NA,81883.96543189503,2025-Wk16-27,NA,NA,NA,100,NA,NA,NA,NA,NA,NA,NA,NA,NA,NA,NA,NA,NA,NA,NA,0,25,NA,NA
Oromia,North Shoa,Berek Woreda,ET042011,NA,106148.83054927723,2025-Wk03-15,NA,NA,NA,100,NA,NA,0,NA,NA,NA,NA,NA,NA,NA,NA,NA,NA,NA,NA,0,NA,NA,NA
Oromia,North Shoa,Berek Woreda,ET042011,NA,106148.83054927723,2025-Wk16-27,NA,NA,NA,100,NA,NA,100,NA,NA,NA,NA,NA,NA,NA,NA,NA,NA,NA,NA,0,50,NA,NA
Oromia,North Shoa,Debre Libanos,ET040607,NA,70670.42672501686,2025-Wk03-15,NA,NA,NA,100,NA,NA,NA,NA,NA,NA,NA,NA,NA,NA,NA,NA,NA,NA,NA,0,NA,NA,NA
Oromia,North Shoa,Debre Libanos,ET040607,NA,70670.42672501686,2025-Wk16-27,NA,NA,NA,100,NA,NA,NA,NA,NA,NA,NA,NA,NA,NA,NA,NA,NA,NA,NA,0,50,NA,NA
Oromia,North Shoa,Degam,ET040605,NA,151719.05596301114,2025-Wk03-15,NA,NA,NA,100,NA,NA,NA,NA,NA,NA,NA,NA,NA,NA,NA,NA,NA,NA,NA,0,NA,NA,NA
Oromia,North Shoa,Degam,ET040605,NA,151719.05596301114,2025-Wk16-27,NA,NA,100,100,NA,100,NA,0,0,NA,NA,NA,0,NA,NA,NA,NA,NA,NA,0,25,NA,NA
Oromia,North Shoa,Dera,ET030209,NA,314495.79957021883,2025-Wk03-15,NA,NA,NA,71.4,NA,NA,NA,NA,NA,NA,NA,NA,NA,NA,NA,NA,NA,NA,NA,0,NA,NA,NA
Oromia,North Shoa,Dera,ET030209,NA,314495.79957021883,2025-Wk16-27,NA,NA,NA,71.4,NA,NA,NA,NA,NA,NA,NA,NA,NA,NA,NA,NA,NA,NA,NA,0,14.3,NA,NA
Oromia,North Shoa,Fitche Hospital,ET040613,NA,28345,2025-Wk03-15,NA,NA,NA,100,NA,NA,0,NA,NA,NA,NA,NA,NA,NA,NA,NA,NA,NA,NA,0,NA,NA,NA
Oromia,North Shoa,Fitche Hospital,ET040613,NA,28345,2025-Wk16-27,NA,NA,NA,100,NA,NA,45.5,NA,NA,NA,NA,NA,NA,NA,NA,NA,NA,NA,NA,0,100,NA,NA
Oromia,North Shoa,Fitche Town,ET040613,NA,28345,2025-Wk03-15,NA,NA,NA,100,NA,NA,NA,NA,NA,NA,NA,NA,NA,NA,NA,NA,NA,NA,NA,0,NA,NA,NA
Oromia,North Shoa,Fitche Town,ET040613,NA,28345,2025-Wk16-27,NA,NA,100,100,NA,NA,NA,100,100,NA,50,100,100,NA,NA,NA,NA,0,NA,0,50,NA,NA
Oromia,North Shoa,G.M.Hospital,ET040602,NA,276543.69062550325,2025-Wk03-15,NA,NA,NA,100,NA,NA,0,NA,NA,NA,NA,NA,NA,NA,NA,NA,NA,NA,NA,0,NA,NA,NA
Oromia,North Shoa,G.M.Hospital,ET040602,NA,276543.69062550325,2025-Wk16-27,NA,NA,NA,100,NA,NA,100,NA,NA,NA,NA,NA,NA,NA,NA,NA,NA,NA,NA,0,100,NA,NA
Oromia,North Shoa,Garba guracha town,ET040604,NA,188333,2025-Wk03-15,NA,NA,NA,0,NA,NA,NA,NA,NA,NA,NA,NA,NA,NA,NA,NA,NA,NA,NA,0,NA,NA,NA
Oromia,North Shoa,Garba guracha town,ET040604,NA,188333,2025-Wk16-27,NA,NA,NA,0,NA,NA,NA,NA,NA,NA,NA,NA,NA,NA,NA,NA,NA,NA,NA,0,100,NA,NA
Oromia,North Shoa,Gerar Jarso,ET040606,NA,101988.21093855018,2025-Wk03-15,NA,NA,NA,100,NA,NA,NA,NA,NA,NA,NA,NA,NA,NA,NA,NA,NA,NA,NA,0,NA,NA,NA
Oromia,North Shoa,Gerar Jarso,ET040606,NA,101988.21093855018,2025-Wk16-27,NA,NA,NA,100,NA,NA,NA,NA,NA,NA,NA,NA,NA,NA,NA,NA,NA,NA,NA,0,33.3,NA,NA
Oromia,North Shoa,Hidabu Abote,ET040603,NA,127332.25260554609,2025-Wk03-15,NA,NA,NA,100,NA,NA,NA,NA,NA,NA,NA,NA,NA,NA,NA,NA,NA,NA,NA,0,NA,NA,NA
Oromia,North Shoa,Hidabu Abote,ET040603,NA,127332.25260554609,2025-Wk16-27,NA,NA,100,100,NA,41.9,40,0,0,NA,NA,NA,0,NA,NA,NA,NA,NA,NA,0,100,NA,NA
Oromia,North Shoa,Jida,ET040615,NA,81300.26477508803,2025-Wk03-15,NA,NA,NA,100,NA,NA,0,NA,NA,NA,NA,NA,NA,NA,NA,NA,NA,NA,NA,0,NA,NA,NA
Oromia,North Shoa,Jida,ET040615,NA,81300.26477508803,2025-Wk16-27,NA,NA,NA,100,NA,NA,NA,NA,NA,NA,NA,NA,NA,NA,NA,NA,NA,NA,NA,0,33.3,NA,NA
Oromia,North Shoa,Kuyu,ET040604,NA,188333,2025-Wk03-15,NA,NA,NA,150,NA,NA,NA,NA,NA,NA,NA,NA,NA,NA,NA,NA,NA,NA,NA,0,NA,NA,NA
Oromia,North Shoa,Kuyu,ET040604,NA,188333,2025-Wk16-27,NA,NA,100,150,NA,833.3,NA,0,0,NA,NA,NA,0,NA,NA,NA,NA,NA,NA,0,25,NA,NA
Oromia,North Shoa,Kuyu  Hospital,ET040604,NA,188333,2025-Wk03-15,NA,NA,NA,100,NA,NA,0,NA,NA,NA,NA,NA,NA,NA,NA,NA,NA,NA,NA,0,NA,NA,NA
Oromia,North Shoa,Kuyu  Hospital,ET040604,NA,188333,2025-Wk16-27,NA,NA,NA,100,NA,NA,60,NA,NA,NA,NA,NA,NA,NA,NA,NA,NA,NA,NA,0,100,NA,NA
Oromia,North Shoa,MukeTuri Hospital,ET040608,NA,149362.7269889386,2025-Wk03-15,NA,NA,NA,100,NA,NA,0,NA,NA,NA,NA,NA,NA,NA,NA,NA,NA,NA,NA,0,NA,NA,NA
Oromia,North Shoa,MukeTuri Hospital,ET040608,NA,149362.7269889386,2025-Wk16-27,NA,NA,NA,100,NA,NA,80,NA,NA,NA,NA,NA,NA,NA,NA,NA,NA,NA,NA,0,100,NA,NA
Oromia,North Shoa,Mulo Woreda,ET042016,NA,53807.8740505917,2025-Wk03-15,NA,NA,NA,100,NA,NA,0,NA,NA,NA,NA,NA,NA,NA,NA,NA,NA,NA,NA,0,NA,NA,NA
Oromia,North Shoa,Mulo Woreda,ET042016,NA,53807.8740505917,2025-Wk16-27,NA,NA,NA,100,NA,NA,50,NA,NA,NA,NA,NA,NA,NA,NA,NA,NA,NA,NA,0,50,NA,NA
Oromia,North Shoa,Wera  Jarso,ET040601,NA,216889.91955865873,2025-Wk03-15,NA,NA,NA,85.7,NA,NA,NA,NA,NA,NA,NA,NA,NA,NA,NA,NA,NA,NA,NA,0,NA,NA,NA
Oromia,North Shoa,Wera  Jarso,ET040601,NA,216889.91955865873,2025-Wk16-27,NA,NA,100,85.7,NA,100,NA,0,0,NA,NA,NA,0,NA,NA,NA,NA,NA,NA,0,14.3,NA,NA
Oromia,North Shoa,Wuchale,ET040608,NA,149362.7269889386,2025-Wk03-15,NA,NA,NA,100,NA,NA,0,NA,NA,NA,NA,NA,NA,NA,NA,NA,NA,NA,NA,0,NA,NA,NA
Oromia,North Shoa,Wuchale,ET040608,NA,149362.7269889386,2025-Wk16-27,NA,NA,NA,100,NA,NA,NA,NA,NA,NA,NA,NA,NA,NA,NA,NA,NA,NA,NA,0,16.7,NA,NA
Oromia,North Shoa,Yaya  Gulale,ET040614,NA,83966.9588329516,2025-Wk03-15,NA,NA,NA,100,NA,NA,NA,NA,NA,NA,NA,NA,NA,NA,NA,NA,NA,NA,NA,0,NA,NA,NA
Oromia,North Shoa,Yaya  Gulale,ET040614,NA,83966.9588329516,2025-Wk16-27,NA,NA,NA,100,NA,NA,NA,NA,NA,NA,NA,NA,NA,NA,NA,NA,NA,NA,NA,0,25,NA,NA
Oromia,North Shoa,chancho hosp,ET042016,NA,53807.8740505917,2025-Wk03-15,NA,NA,NA,100,NA,NA,NA,NA,NA,NA,NA,NA,NA,NA,NA,NA,NA,NA,NA,0,NA,NA,NA
Oromia,North Shoa,chancho hosp,ET042016,NA,53807.8740505917,2025-Wk16-27,NA,NA,NA,100,NA,NA,NA,NA,NA,NA,NA,NA,NA,NA,NA,NA,NA,NA,NA,0,100,NA,NA
Oromia,North Shoa,chancho town,ET042013,NA,187910.5299394,2025-Wk03-15,NA,NA,NA,0,NA,NA,NA,NA,NA,NA,NA,NA,NA,NA,NA,NA,NA,NA,NA,0,NA,NA,NA
Oromia,North Shoa,chancho town,ET042013,NA,187910.5299394,2025-Wk16-27,NA,NA,NA,0,NA,NA,NA,NA,NA,NA,NA,NA,NA,NA,NA,NA,NA,NA,NA,0,100,NA,NA
Oromia,North Shoa,kimbibit,ET040610,NA,115461.11208498107,2025-Wk03-15,NA,NA,NA,100,NA,NA,NA,NA,NA,NA,NA,NA,NA,NA,NA,NA,NA,NA,NA,0,NA,NA,NA
Oromia,North Shoa,kimbibit,ET040610,NA,115461.11208498107,2025-Wk16-27,NA,NA,NA,100,NA,NA,NA,NA,NA,NA,NA,NA,NA,NA,NA,NA,NA,NA,NA,0,33.3,NA,NA
Oromia,North Shoa,sululta woreda,ET042013,NA,187910.5299394,2025-Wk03-15,NA,NA,NA,100,NA,NA,NA,NA,NA,NA,NA,NA,NA,NA,NA,NA,NA,NA,NA,0,NA,NA,NA
Oromia,North Shoa,sululta woreda,ET042013,NA,187910.5299394,2025-Wk16-27,NA,NA,NA,100,NA,NA,NA,NA,NA,NA,NA,NA,NA,NA,NA,NA,NA,NA,NA,0,20,NA,NA
Oromia,Robe Town,Robe Town,ET041119,NA,78234.8863600907,2025-Wk03-15,NA,NA,NA,75,NA,NA,25,NA,NA,NA,NA,NA,NA,NA,NA,NA,NA,NA,NA,0,NA,NA,NA
Oromia,Robe Town,Robe Town,ET041119,NA,78234.8863600907,2025-Wk16-27,NA,NA,NA,75,NA,NA,100,NA,NA,NA,NA,NA,NA,NA,NA,NA,NA,NA,NA,0,12.5,NA,NA
Oromia,Sendafa Town,Sendafa Town,ET042018,NA,22578.4687126898,2025-Wk03-15,NA,NA,NA,50,NA,NA,0,NA,NA,NA,NA,NA,NA,NA,NA,NA,NA,NA,NA,0,NA,NA,NA
Oromia,Sendafa Town,Sendafa Town,ET042018,NA,22578.4687126898,2025-Wk16-27,NA,NA,NA,50,NA,NA,NA,NA,NA,NA,NA,NA,NA,NA,NA,NA,NA,NA,NA,0,50,NA,NA
Oromia,Shager-City,Ane Dima Hospital,ET042001,NA,112909.762897345,2025-Wk03-15,NA,NA,NA,100,NA,NA,0,NA,NA,NA,NA,NA,NA,NA,NA,NA,NA,NA,NA,0,NA,NA,NA
Oromia,Shager-City,Burayu Sub-city,ET042001,NA,112909.762897345,2025-Wk03-15,NA,NA,NA,100,NA,NA,0,NA,NA,NA,NA,NA,NA,NA,NA,NA,NA,NA,NA,0,NA,NA,NA
Oromia,Shager-City,Eeka-Tefo Sub-city,ET042004,NA,22430,2025-Wk03-15,NA,NA,NA,100,NA,NA,66.7,NA,NA,NA,NA,NA,NA,NA,NA,NA,NA,NA,NA,0,NA,NA,NA
Oromia,Shager-City,Furi Sub-city,ET042006,NA,150196.76366913723,2025-Wk03-15,NA,NA,NA,100,NA,NA,NA,NA,NA,NA,NA,NA,NA,NA,NA,NA,NA,NA,NA,0,NA,NA,NA
Oromia,Shager-City,Gafarsa-Guje Sub-city,ET042001,NA,112909.762897345,2025-Wk03-15,NA,NA,NA,100,NA,NA,NA,NA,NA,NA,NA,NA,NA,NA,NA,NA,NA,NA,NA,0,NA,NA,NA
Oromia,Shager-City,Galan Sub-city,ET042098,NA,15497,2025-Wk03-15,NA,NA,NA,100,NA,NA,33.3,NA,NA,NA,NA,NA,NA,NA,NA,NA,NA,NA,NA,0,NA,NA,NA
Oromia,Shager-City,Galan-Guda Sbu-city,ET042098,NA,15497,2025-Wk03-15,NA,NA,NA,100,NA,NA,NA,NA,NA,NA,NA,NA,NA,NA,NA,NA,NA,NA,NA,0,NA,NA,NA
Oromia,Shager-City,Koye Fache Sub-city,ET042098,NA,15497,2025-Wk03-15,NA,NA,NA,100,NA,NA,0,NA,NA,NA,NA,NA,NA,NA,NA,NA,NA,NA,NA,0,NA,NA,NA
Oromia,Shager-City,Kura-Jida Sub-city,ET042004,NA,22430,2025-Wk03-15,NA,NA,NA,100,NA,NA,0,NA,NA,NA,NA,NA,NA,NA,NA,NA,NA,NA,NA,0,NA,NA,NA
Oromia,Shager-City,Malka-Nono Sub-city,ET042001,NA,112909.762897345,2025-Wk03-15,NA,NA,NA,100,NA,NA,NA,NA,NA,NA,NA,NA,NA,NA,NA,NA,NA,NA,NA,0,NA,NA,NA
Oromia,Shager-City,Mana Abichu Sub-city,ET042005,NA,27524.237688146528,2025-Wk03-15,NA,NA,NA,100,NA,NA,NA,NA,NA,NA,NA,NA,NA,NA,NA,NA,NA,NA,NA,0,NA,NA,NA
Oromia,Shager-City,Sabata Sub-city,ET042009,NA,176110.84457061705,2025-Wk03-15,NA,NA,NA,100,NA,NA,66.7,NA,NA,NA,NA,NA,NA,NA,NA,NA,NA,NA,NA,0,NA,NA,NA
Oromia,Shager-City,Sululta Sub-city,ET042005,NA,27524.237688146528,2025-Wk03-15,NA,NA,NA,100,NA,NA,200,NA,NA,NA,NA,NA,NA,NA,NA,NA,NA,NA,NA,0,NA,NA,NA
Oromia,Shagger City,Shagger City,NA,NA,NA,2025-Wk16-27,NA,NA,NA,NA,NA,NA,100,NA,NA,NA,NA,NA,NA,NA,NA,NA,NA,NA,NA,NA,NA,NA,NA
Oromia,Shakiso Town,Shakiso Town,ET041499,NA,53051.74893225476,2025-Wk03-15,NA,NA,NA,100,NA,NA,NA,NA,NA,NA,NA,NA,NA,NA,NA,NA,NA,NA,NA,0,NA,NA,NA
Oromia,Shakiso Town,Shakiso Town,ET041499,NA,53051.74893225476,2025-Wk16-27,NA,NA,NA,100,NA,NA,NA,NA,NA,NA,NA,NA,NA,NA,NA,NA,NA,NA,NA,0,100,NA,NA
Oromia,Shashemene  Town,Shashemene  Town,ET041711,NA,177075.24874466527,2025-Wk03-15,NA,NA,100,61.5,NA,52.7,0,NA,NA,NA,7.7,NA,NA,NA,NA,NA,NA,NA,NA,0,NA,NA,NA
Oromia,Shashemene  Town,Shashemene  Town,ET041711,NA,177075.24874466527,2025-Wk16-27,NA,NA,NA,61.5,NA,NA,23.8,NA,NA,NA,NA,NA,NA,NA,NA,NA,NA,NA,NA,0,7.7,NA,NA
Oromia,Sheno Town,Sheno Town,ET040610,NA,115461.11208498107,2025-Wk03-15,NA,NA,NA,100,NA,NA,0,NA,NA,NA,NA,NA,NA,NA,NA,NA,NA,NA,NA,0,NA,NA,NA
Oromia,Sheno Town,Sheno Town,ET040610,NA,115461.11208498107,2025-Wk16-27,NA,NA,NA,100,NA,NA,NA,NA,NA,NA,NA,NA,NA,NA,NA,NA,NA,NA,NA,0,50,NA,NA
Oromia,South West Shewa,Ameya,ET041301,NA,186483.12598627125,2025-Wk03-15,NA,NA,NA,62.5,NA,NA,NA,NA,NA,NA,NA,NA,NA,NA,NA,NA,NA,NA,NA,0,NA,NA,NA
Oromia,South West Shewa,Ameya,ET041301,NA,186483.12598627125,2025-Wk16-27,NA,NA,NA,62.5,NA,NA,NA,NA,NA,NA,NA,NA,NA,NA,NA,NA,NA,NA,NA,0,12.5,NA,NA
Oromia,South West Shewa,Ameya Hosp.,ET041301,NA,186483.12598627125,2025-Wk03-15,NA,NA,NA,100,NA,NA,NA,NA,NA,NA,NA,NA,NA,NA,NA,NA,NA,NA,NA,0,NA,NA,NA
Oromia,South West Shewa,Ameya Hosp.,ET041301,NA,186483.12598627125,2025-Wk16-27,NA,NA,NA,100,NA,NA,NA,NA,NA,NA,NA,NA,NA,NA,NA,NA,NA,NA,NA,0,100,NA,NA
Oromia,South West Shewa,Bacho,ET040314,NA,115729.97828293087,2025-Wk03-15,NA,NA,NA,100,NA,NA,76.5,NA,NA,NA,NA,NA,NA,NA,NA,NA,NA,NA,NA,0,NA,NA,NA
Oromia,South West Shewa,Bacho,ET040314,NA,115729.97828293087,2025-Wk16-27,NA,NA,NA,100,NA,NA,NA,NA,NA,NA,NA,NA,NA,NA,NA,NA,NA,NA,NA,0,25,NA,NA
Oromia,South West Shewa,Bantu Hosp.,ET041308,NA,96012.5470830256,2025-Wk03-15,NA,NA,NA,100,NA,NA,NA,NA,NA,NA,NA,NA,NA,NA,NA,NA,NA,NA,NA,0,NA,NA,NA
Oromia,South West Shewa,Bantu Hosp.,ET041308,NA,96012.5470830256,2025-Wk16-27,NA,NA,NA,100,NA,NA,0,NA,NA,NA,NA,NA,NA,NA,NA,NA,NA,NA,NA,0,100,NA,NA
Oromia,South West Shewa,Dawo,ET041304,NA,111110.25576721082,2025-Wk03-15,NA,NA,NA,100,NA,NA,NA,NA,NA,NA,NA,NA,NA,NA,NA,NA,NA,NA,NA,0,NA,NA,NA
Oromia,South West Shewa,Dawo,ET041304,NA,111110.25576721082,2025-Wk16-27,NA,NA,NA,100,NA,NA,NA,NA,NA,NA,NA,NA,NA,NA,NA,NA,NA,NA,NA,0,25,NA,NA
Oromia,South West Shewa,Elu,ET041305,NA,95770.20729345146,2025-Wk03-15,NA,NA,0,100,NA,100,0,NA,NA,NA,50,NA,NA,NA,NA,NA,NA,NA,NA,0,NA,NA,NA
Oromia,South West Shewa,Elu,ET041305,NA,95770.20729345146,2025-Wk16-27,NA,NA,NA,100,NA,NA,0,NA,NA,NA,NA,NA,NA,NA,NA,NA,NA,NA,NA,0,50,NA,NA
Oromia,South West Shewa,Goro,ET041116,NA,128030.80910612711,2025-Wk03-15,NA,NA,NA,100,NA,NA,NA,NA,NA,NA,NA,NA,NA,NA,NA,NA,NA,NA,NA,0,NA,NA,NA
Oromia,South West Shewa,Goro,ET041116,NA,128030.80910612711,2025-Wk16-27,NA,NA,NA,100,NA,NA,NA,NA,NA,NA,NA,NA,NA,NA,NA,NA,NA,NA,NA,0,25,NA,NA
Oromia,South West Shewa,Kersa Malima,ET041307,NA,124368.66862649555,2025-Wk03-15,NA,NA,NA,100,NA,NA,NA,NA,NA,NA,NA,NA,NA,NA,NA,NA,NA,NA,NA,0,NA,NA,NA
Oromia,South West Shewa,Kersa Malima,ET041307,NA,124368.66862649555,2025-Wk16-27,NA,NA,NA,100,NA,NA,NA,NA,NA,NA,NA,NA,NA,NA,NA,NA,NA,NA,NA,0,20,NA,NA
Oromia,South West Shewa,Lemen Hosp.,ET070203,NA,174661.70524634977,2025-Wk03-15,NA,NA,NA,100,NA,NA,0,NA,NA,NA,NA,NA,NA,NA,NA,NA,NA,NA,NA,0,NA,NA,NA
Oromia,South West Shewa,Lemen Hosp.,ET070203,NA,174661.70524634977,2025-Wk16-27,NA,NA,NA,100,NA,NA,0,NA,NA,NA,NA,NA,NA,NA,NA,NA,NA,NA,NA,0,100,NA,NA
Oromia,South West Shewa,Sadan Sodo,ET041310,NA,117752.95486571082,2025-Wk03-15,NA,NA,NA,100,NA,NA,NA,NA,NA,NA,NA,NA,NA,NA,NA,NA,NA,NA,NA,0,NA,NA,NA
Oromia,South West Shewa,Sadan Sodo,ET041310,NA,117752.95486571082,2025-Wk16-27,NA,NA,NA,100,NA,NA,NA,NA,NA,NA,NA,NA,NA,NA,NA,NA,NA,NA,NA,0,25,NA,NA
Oromia,South West Shewa,Sebata Hawas,ET042006,NA,150196.76366913723,2025-Wk03-15,NA,NA,NA,100,NA,NA,NA,NA,NA,NA,NA,NA,NA,NA,NA,NA,NA,NA,NA,0,NA,NA,NA
Oromia,South West Shewa,Sebata Hawas,ET042006,NA,150196.76366913723,2025-Wk16-27,NA,NA,NA,100,NA,NA,0,NA,NA,NA,NA,NA,NA,NA,NA,NA,NA,NA,NA,0,25,NA,NA
Oromia,South West Shewa,Sodo Dachi,ET041314,NA,66747.8517980602,2025-Wk03-15,NA,NA,NA,100,NA,NA,NA,NA,NA,NA,NA,NA,NA,NA,NA,NA,NA,NA,NA,0,NA,NA,NA
Oromia,South West Shewa,Sodo Dachi,ET041314,NA,66747.8517980602,2025-Wk16-27,NA,NA,NA,100,NA,NA,NA,NA,NA,NA,NA,NA,NA,NA,NA,NA,NA,NA,NA,0,33.3,NA,NA
Oromia,South West Shewa,St.Luke Hosp.,ET041311,NA,66768.94945246642,2025-Wk03-15,NA,NA,NA,NA,NA,NA,0,NA,NA,NA,NA,NA,NA,NA,NA,NA,NA,NA,NA,0,NA,NA,NA
Oromia,South West Shewa,St.Luke Hosp.,ET041311,NA,66768.94945246642,2025-Wk16-27,NA,NA,NA,NA,NA,NA,100,NA,NA,NA,NA,NA,NA,NA,NA,NA,NA,NA,NA,0,NA,NA,NA
Oromia,South West Shewa,Tole,ET041308,NA,96012.5470830256,2025-Wk03-15,NA,NA,NA,100,NA,NA,NA,NA,NA,NA,NA,NA,NA,NA,NA,NA,NA,NA,NA,0,NA,NA,NA
Oromia,South West Shewa,Tole,ET041308,NA,96012.5470830256,2025-Wk16-27,NA,NA,NA,100,NA,NA,NA,NA,NA,NA,NA,NA,NA,NA,NA,NA,NA,NA,NA,0,25,NA,NA
Oromia,South West Shewa,Tulu Bolo Hosp.,ET041309,NA,115729.97828293087,2025-Wk03-15,NA,NA,NA,100,NA,NA,NA,NA,NA,NA,NA,NA,NA,NA,NA,NA,NA,NA,NA,0,NA,NA,NA
Oromia,South West Shewa,Tulu Bolo Hosp.,ET041309,NA,115729.97828293087,2025-Wk16-27,NA,NA,NA,100,NA,NA,31.6,NA,NA,NA,NA,NA,NA,NA,NA,NA,NA,NA,NA,0,100,NA,NA
Oromia,South West Shewa,Woliso Rural,ET041303,NA,66768.94945246642,2025-Wk03-15,NA,NA,100,100,NA,100,NA,NA,NA,NA,10,NA,NA,NA,NA,NA,NA,NA,NA,0,NA,NA,NA
Oromia,South West Shewa,Woliso Rural,ET041303,NA,66768.94945246642,2025-Wk16-27,NA,NA,NA,100,NA,NA,NA,NA,NA,NA,NA,NA,NA,NA,NA,NA,NA,NA,NA,0,10,NA,NA
Oromia,South West Shewa,Wonchi,ET041302,NA,142326.67240113622,2025-Wk03-15,NA,NA,NA,100,NA,NA,NA,NA,NA,NA,NA,NA,NA,NA,NA,NA,NA,NA,NA,0,NA,NA,NA
Oromia,South West Shewa,Wonchi,ET041302,NA,142326.67240113622,2025-Wk16-27,NA,NA,NA,100,NA,NA,NA,NA,NA,NA,NA,NA,NA,NA,NA,NA,NA,NA,NA,0,16.7,NA,NA
Oromia,West Arsi,Adaba,ET041710,NA,213173.80917594492,2025-Wk03-15,NA,NA,NA,66.7,NA,NA,NA,NA,NA,NA,NA,NA,NA,NA,NA,NA,NA,NA,NA,0,NA,NA,NA
Oromia,West Arsi,Adaba,ET041710,NA,213173.80917594492,2025-Wk16-27,NA,NA,NA,66.7,NA,NA,NA,NA,NA,NA,NA,NA,NA,NA,NA,NA,NA,NA,NA,0,11.1,NA,NA
Oromia,West Arsi,Dodola R,ET041707,NA,252954.33237489965,2025-Wk03-15,NA,NA,NA,85.7,NA,NA,NA,NA,NA,NA,NA,NA,NA,NA,NA,NA,NA,NA,NA,0,NA,NA,NA
Oromia,West Arsi,Dodola R,ET041707,NA,252954.33237489965,2025-Wk16-27,NA,NA,NA,85.7,NA,NA,NA,NA,NA,NA,NA,NA,NA,NA,NA,NA,NA,NA,NA,0,14.3,NA,NA
Oromia,West Arsi,Gambo General Hosp,ET041705,NA,158508.20903637694,2025-Wk03-15,NA,NA,NA,100,NA,NA,0,NA,NA,NA,NA,NA,NA,NA,NA,NA,NA,NA,NA,0,NA,NA,NA
Oromia,West Arsi,Gambo General Hosp,ET041705,NA,158508.20903637694,2025-Wk16-27,NA,NA,NA,100,NA,NA,0,NA,NA,NA,NA,NA,NA,NA,NA,NA,NA,NA,NA,0,100,NA,NA
Oromia,West Arsi,Gedab Hasasa,ET041706,NA,288309.3311895852,2025-Wk03-15,NA,NA,100,62.5,NA,NA,NA,NA,NA,NA,12.5,NA,NA,NA,NA,NA,NA,NA,NA,0,NA,NA,NA
Oromia,West Arsi,Gedab Hasasa,ET041706,NA,288309.3311895852,2025-Wk16-27,NA,NA,NA,62.5,NA,NA,NA,NA,NA,NA,NA,NA,NA,NA,NA,NA,NA,NA,NA,0,12.5,NA,NA
Oromia,West Arsi,Heban Arsi,ET041783,NA,83431.50863731733,2025-Wk03-15,NA,NA,NA,33.3,NA,NA,NA,NA,NA,NA,NA,NA,NA,NA,NA,NA,NA,NA,NA,0,NA,NA,NA
Oromia,West Arsi,Heban Arsi,ET041783,NA,83431.50863731733,2025-Wk16-27,NA,NA,NA,33.3,NA,NA,NA,NA,NA,NA,NA,NA,NA,NA,NA,NA,NA,NA,NA,0,33.3,NA,NA
Oromia,West Arsi,Kofale Town,ET041704,NA,262459.9052911355,2025-Wk03-15,NA,NA,NA,100,NA,NA,NA,NA,NA,NA,NA,NA,NA,NA,NA,NA,NA,NA,NA,0,NA,NA,NA
Oromia,West Arsi,Kofale Town,ET041704,NA,262459.9052911355,2025-Wk16-27,NA,NA,NA,100,NA,NA,NA,NA,NA,NA,NA,NA,NA,NA,NA,NA,NA,NA,NA,0,100,NA,NA
Oromia,West Arsi,Kofele Rural,ET041704,NA,262459.9052911355,2025-Wk03-15,NA,NA,NA,62.5,NA,NA,NA,NA,NA,NA,NA,NA,NA,NA,NA,NA,NA,NA,NA,0,NA,NA,NA
Oromia,West Arsi,Kofele Rural,ET041704,NA,262459.9052911355,2025-Wk16-27,NA,NA,NA,62.5,NA,NA,NA,NA,NA,NA,NA,NA,NA,NA,NA,NA,NA,NA,NA,0,12.5,NA,NA
Oromia,West Arsi,Kokosa,ET041708,NA,219812.0957523486,2025-Wk03-15,NA,NA,NA,71.4,NA,NA,0,NA,NA,NA,NA,NA,NA,NA,NA,NA,NA,NA,NA,0,NA,NA,NA
Oromia,West Arsi,Kokosa,ET041708,NA,219812.0957523486,2025-Wk16-27,NA,NA,NA,71.4,NA,NA,NA,NA,NA,NA,NA,NA,NA,NA,NA,NA,NA,NA,NA,0,14.3,NA,NA
Oromia,West Arsi,Kokosa Primary Hospital,ET041708,NA,219812.0957523486,2025-Wk03-15,NA,NA,NA,100,NA,NA,NA,NA,NA,NA,NA,NA,NA,NA,NA,NA,NA,NA,NA,0,NA,NA,NA
Oromia,West Arsi,Kokosa Primary Hospital,ET041708,NA,219812.0957523486,2025-Wk16-27,NA,NA,NA,100,NA,NA,0,NA,NA,NA,NA,NA,NA,NA,NA,NA,NA,NA,NA,0,100,NA,NA
Oromia,West Arsi,"Kore
",ET041705,NA,158508.20903637694,2025-Wk03-15,NA,NA,NA,100,NA,NA,NA,NA,NA,NA,NA,NA,NA,NA,NA,NA,NA,NA,NA,0,NA,NA,NA
Oromia,West Arsi,"Kore
",ET041705,NA,158508.20903637694,2025-Wk16-27,NA,NA,NA,100,NA,NA,NA,NA,NA,NA,NA,NA,NA,NA,NA,NA,NA,NA,NA,0,20,NA,NA
Oromia,West Arsi,Loke primary hospital,ET041709,NA,175077.72312180026,2025-Wk03-15,NA,NA,NA,100,NA,NA,NA,NA,NA,NA,NA,NA,NA,NA,NA,NA,NA,NA,NA,0,NA,NA,NA
Oromia,West Arsi,Loke primary hospital,ET041709,NA,175077.72312180026,2025-Wk16-27,NA,NA,NA,100,NA,NA,0,NA,NA,NA,NA,NA,NA,NA,NA,NA,NA,NA,NA,0,100,NA,NA
Oromia,West Arsi,Nagelle Arsi Woreda,ET041703,NA,154053.8085867682,2025-Wk03-15,NA,NA,NA,71.4,NA,NA,NA,NA,NA,NA,NA,NA,NA,NA,NA,NA,NA,NA,NA,0,NA,NA,NA
Oromia,West Arsi,Nagelle Arsi Woreda,ET041703,NA,154053.8085867682,2025-Wk16-27,NA,NA,NA,71.4,NA,NA,NA,NA,NA,NA,NA,NA,NA,NA,NA,NA,NA,NA,NA,0,14.3,NA,NA
Oromia,West Arsi,Negelle Arsi  Town,ET041799,NA,154053.8085867682,2025-Wk03-15,NA,NA,NA,100,NA,NA,NA,NA,NA,NA,NA,NA,NA,NA,NA,NA,NA,NA,NA,0,NA,NA,NA
Oromia,West Arsi,Negelle Arsi  Town,ET041799,NA,154053.8085867682,2025-Wk16-27,NA,NA,NA,100,NA,NA,NA,NA,NA,NA,NA,NA,NA,NA,NA,NA,NA,NA,NA,0,100,NA,NA
Oromia,West Arsi,Negelle Arsi Primary Hospital,ET041799,NA,154053.8085867682,2025-Wk03-15,NA,NA,NA,100,NA,NA,0,NA,NA,NA,NA,NA,NA,NA,NA,NA,NA,NA,NA,0,NA,NA,NA
Oromia,West Arsi,Negelle Arsi Primary Hospital,ET041799,NA,154053.8085867682,2025-Wk16-27,NA,NA,NA,100,NA,NA,45.5,NA,NA,NA,NA,NA,NA,NA,NA,NA,NA,NA,NA,0,100,NA,NA
Oromia,West Arsi,Nensebo,ET041709,NA,175077.72312180026,2025-Wk03-15,NA,NA,100,100,NA,75.4,NA,NA,NA,NA,20,NA,NA,NA,NA,NA,NA,NA,NA,0,NA,NA,NA
Oromia,West Arsi,Nensebo,ET041709,NA,175077.72312180026,2025-Wk16-27,NA,NA,NA,100,NA,NA,NA,NA,NA,NA,NA,NA,NA,NA,NA,NA,NA,NA,NA,0,20,NA,NA
Oromia,West Arsi,Nensebo Primary Hospita,ET041709,NA,175077.72312180026,2025-Wk03-15,NA,NA,NA,100,NA,NA,NA,NA,NA,NA,NA,NA,NA,NA,NA,NA,NA,NA,NA,0,NA,NA,NA
Oromia,West Arsi,Nensebo Primary Hospita,ET041709,NA,175077.72312180026,2025-Wk16-27,NA,NA,NA,100,NA,NA,0,NA,NA,NA,NA,NA,NA,NA,NA,NA,NA,NA,NA,0,100,NA,NA
Oromia,West Arsi,Shalla,ET041702,NA,228877.04130118023,2025-Wk03-15,NA,NA,NA,62.5,NA,NA,NA,NA,NA,NA,NA,NA,NA,NA,NA,NA,NA,NA,NA,0,NA,NA,NA
Oromia,West Arsi,Shalla,ET041702,NA,228877.04130118023,2025-Wk16-27,NA,NA,NA,62.5,NA,NA,0,NA,NA,NA,NA,NA,NA,NA,NA,NA,NA,NA,NA,0,12.5,NA,NA
Oromia,West Arsi,Shshemene,ET041712,NA,300789.13883579994,2025-Wk03-15,NA,NA,NA,100,NA,NA,NA,NA,NA,NA,NA,NA,NA,NA,NA,NA,NA,NA,NA,0,NA,NA,NA
Oromia,West Arsi,Shshemene,ET041712,NA,300789.13883579994,2025-Wk16-27,NA,NA,NA,100,NA,NA,NA,NA,NA,NA,NA,NA,NA,NA,NA,NA,NA,NA,NA,0,25,NA,NA
Oromia,West Arsi,Siraro,ET041701,NA,221961.75839429666,2025-Wk03-15,NA,NA,NA,66.7,NA,NA,NA,NA,NA,NA,NA,NA,NA,NA,NA,NA,NA,NA,NA,0,NA,NA,NA
Oromia,West Arsi,Siraro,ET041701,NA,221961.75839429666,2025-Wk16-27,NA,NA,NA,66.7,NA,NA,NA,NA,NA,NA,NA,NA,NA,NA,NA,NA,NA,NA,NA,0,16.7,NA,NA
Oromia,West Arsi,Wondo,ET041797,NA,130687.72430752414,2025-Wk03-15,NA,NA,NA,100,NA,NA,NA,NA,NA,NA,NA,NA,NA,NA,NA,NA,NA,NA,NA,0,NA,NA,NA
Oromia,West Arsi,Wondo,ET041797,NA,130687.72430752414,2025-Wk16-27,NA,NA,NA,100,NA,NA,NA,NA,NA,NA,NA,NA,NA,NA,NA,NA,NA,NA,NA,0,33.3,NA,NA
Oromia,West Guji,Abaya,ET041513,NA,157719.999400996,2025-Wk03-15,NA,NA,50,66.7,NA,50,NA,NA,NA,NA,66.7,NA,NA,NA,NA,NA,NA,NA,NA,0,NA,NA,NA
Oromia,West Guji,Abaya,ET041513,NA,157719.999400996,2025-Wk16-27,NA,NA,NA,66.7,NA,NA,33.3,NA,NA,NA,NA,NA,NA,NA,NA,NA,NA,NA,NA,0,16.7,NA,NA
Oromia,West Guji,Abaya,ET041513,NA,157719.999400996,2025-Wk28-52,NA,NA,100,100,NA,22.6,35.7,NA,NA,NA,NA,NA,NA,NA,NA,NA,NA,NA,NA,0,NA,NA,NA
Oromia,West Guji,B/H/Woreda,ET041501,NA,299184.9129835999,2025-Wk03-15,NA,NA,NA,100,NA,100,NA,NA,NA,NA,16.7,NA,NA,NA,NA,NA,NA,NA,NA,0,NA,NA,NA
Oromia,West Guji,B/H/Woreda,ET041501,NA,299184.9129835999,2025-Wk16-27,NA,NA,NA,100,NA,NA,0,NA,NA,NA,NA,NA,NA,NA,NA,NA,NA,NA,NA,0,16.7,NA,NA
Oromia,West Guji,Birbirsa Kojowa,ET041596,NA,72046.8525062045,2025-Wk03-15,NA,NA,NA,100,NA,NA,NA,NA,NA,NA,NA,NA,NA,NA,NA,NA,NA,NA,NA,0,NA,NA,NA
Oromia,West Guji,Birbirsa Kojowa,ET041596,NA,72046.8525062045,2025-Wk16-27,NA,NA,NA,100,NA,NA,NA,NA,NA,NA,NA,NA,NA,NA,NA,NA,NA,NA,NA,0,50,NA,NA
Oromia,West Guji,Bule/Hora/Hos,ET041587,NA,49040.11481785323,2025-Wk03-15,NA,NA,NA,100,NA,NA,NA,NA,NA,NA,NA,NA,NA,NA,NA,NA,NA,NA,NA,0,NA,NA,NA
Oromia,West Guji,Bule/Hora/Hos,ET041587,NA,49040.11481785323,2025-Wk16-27,NA,NA,NA,100,NA,NA,NA,NA,NA,NA,NA,NA,NA,NA,NA,NA,NA,NA,NA,0,100,NA,NA
Oromia,West Guji,Dugda dawa,ET041515,NA,103627.64263261415,2025-Wk03-15,NA,NA,NA,66.7,NA,NA,NA,NA,NA,NA,NA,NA,NA,NA,NA,NA,NA,NA,NA,0,NA,NA,NA
Oromia,West Guji,Dugda dawa,ET041515,NA,103627.64263261415,2025-Wk16-27,NA,NA,NA,66.7,NA,NA,NA,NA,NA,NA,NA,NA,NA,NA,NA,NA,NA,NA,NA,0,33.3,NA,NA
Oromia,West Guji,Gelana,ET041517,NA,109001.79923748423,2025-Wk03-15,NA,NA,NA,80,NA,200,NA,NA,NA,NA,20,NA,NA,NA,NA,NA,NA,NA,NA,0,NA,NA,NA
Oromia,West Guji,Gelana,ET041517,NA,109001.79923748423,2025-Wk16-27,NA,NA,NA,80,NA,NA,NA,NA,NA,NA,NA,NA,NA,NA,NA,NA,NA,NA,NA,0,20,NA,NA
Oromia,West Guji,Gelana,ET041517,NA,109001.79923748423,2025-Wk28-52,NA,NA,100,80,NA,106,0,NA,NA,NA,NA,NA,NA,NA,NA,NA,NA,NA,NA,0,NA,NA,NA
Oromia,West Guji,Gelana Hospital,ET042098,NA,15497,2025-Wk03-15,NA,NA,NA,100,NA,NA,NA,NA,NA,NA,NA,NA,NA,NA,NA,NA,NA,NA,NA,0,NA,NA,NA
Oromia,West Guji,Gelana Hospital,ET042098,NA,15497,2025-Wk16-27,NA,NA,NA,100,NA,NA,NA,NA,NA,NA,NA,NA,NA,NA,NA,NA,NA,NA,NA,0,100,NA,NA
Oromia,West Guji,H/Wamena,ET041509,NA,159465.39712818962,2025-Wk03-15,NA,NA,NA,80,NA,NA,NA,NA,NA,NA,NA,NA,NA,NA,NA,NA,NA,NA,NA,0,NA,NA,NA
Oromia,West Guji,H/Wamena,ET041509,NA,159465.39712818962,2025-Wk16-27,NA,NA,NA,80,NA,NA,NA,NA,NA,NA,NA,NA,NA,NA,NA,NA,NA,NA,NA,0,20,NA,NA
Oromia,West Guji,Kercha,ET041502,NA,274889.44719398126,2025-Wk03-15,NA,NA,100,66.7,NA,32.4,NA,NA,NA,NA,16.7,NA,NA,NA,NA,NA,NA,NA,NA,0,NA,NA,NA
Oromia,West Guji,Kercha,ET041502,NA,274889.44719398126,2025-Wk16-27,NA,NA,NA,66.7,NA,NA,NA,NA,NA,NA,NA,NA,NA,NA,NA,NA,NA,NA,NA,0,16.7,NA,NA
Oromia,West Guji,Kercha Town,ET041502,NA,274889.44719398126,2025-Wk03-15,NA,NA,NA,100,NA,NA,NA,NA,NA,NA,NA,NA,NA,NA,NA,NA,NA,NA,NA,0,NA,NA,NA
Oromia,West Guji,Kercha Town,ET041502,NA,274889.44719398126,2025-Wk16-27,NA,NA,NA,100,NA,NA,NA,NA,NA,NA,NA,NA,NA,NA,NA,NA,NA,NA,NA,0,100,NA,NA
Oromia,West Guji,Kercha hospital,ET041502,NA,274889.44719398126,2025-Wk03-15,NA,NA,NA,100,NA,NA,0,NA,NA,NA,NA,NA,NA,NA,NA,NA,NA,NA,NA,0,NA,NA,NA
Oromia,West Guji,Kercha hospital,ET041502,NA,274889.44719398126,2025-Wk16-27,NA,NA,NA,100,NA,NA,0,NA,NA,NA,NA,NA,NA,NA,NA,NA,NA,NA,NA,0,100,NA,NA
Oromia,West Guji,Melka soda,ET041518,NA,88169.32232081474,2025-Wk03-15,NA,NA,NA,100,NA,NA,NA,NA,NA,NA,NA,NA,NA,NA,NA,NA,NA,NA,NA,0,NA,NA,NA
Oromia,West Guji,Melka soda,ET041518,NA,88169.32232081474,2025-Wk16-27,NA,NA,NA,100,NA,NA,NA,NA,NA,NA,NA,NA,NA,NA,NA,NA,NA,NA,NA,0,25,NA,NA
Oromia,West Guji,Melka/Soda/Hos,ET041518,NA,88169.32232081474,2025-Wk03-15,NA,NA,NA,100,NA,NA,NA,NA,NA,NA,NA,NA,NA,NA,NA,NA,NA,NA,NA,0,NA,NA,NA
Oromia,West Guji,Melka/Soda/Hos,ET041518,NA,88169.32232081474,2025-Wk16-27,NA,NA,NA,100,NA,NA,NA,NA,NA,NA,NA,NA,NA,NA,NA,NA,NA,NA,NA,0,100,NA,NA
Oromia,West Guji,Suro,ET041594,NA,46418.03091841751,2025-Wk03-15,NA,NA,NA,33.3,NA,NA,0,NA,NA,NA,NA,NA,NA,NA,NA,NA,NA,NA,NA,0,NA,NA,NA
Oromia,West Guji,Suro,ET041594,NA,46418.03091841751,2025-Wk16-27,NA,NA,NA,33.3,NA,NA,NA,NA,NA,NA,NA,NA,NA,NA,NA,NA,NA,NA,NA,0,33.3,NA,NA
Oromia,West Harerge,Anchar,ET040906,NA,125313.59065426521,2025-Wk03-15,NA,NA,NA,80,NA,NA,NA,NA,NA,NA,NA,NA,NA,NA,NA,NA,NA,NA,NA,0,NA,NA,NA
Oromia,West Harerge,Anchar,ET040906,NA,125313.59065426521,2025-Wk16-27,NA,NA,NA,80,NA,NA,NA,NA,NA,NA,NA,NA,NA,NA,NA,NA,NA,NA,NA,0,20,NA,NA
Oromia,West Harerge,Asebot Hospital,ET040903,NA,226718.68072708027,2025-Wk03-15,NA,NA,NA,100,NA,NA,0,NA,NA,NA,NA,NA,NA,NA,NA,NA,NA,NA,NA,0,NA,NA,NA
Oromia,West Harerge,Asebot Hospital,ET040903,NA,226718.68072708027,2025-Wk16-27,NA,NA,NA,100,NA,NA,50,NA,NA,NA,NA,NA,NA,NA,NA,NA,NA,NA,NA,0,100,NA,NA
Oromia,West Harerge,Bedesa Hospital,ET040914,NA,32059.12705237452,2025-Wk03-15,NA,NA,NA,100,NA,NA,NA,NA,NA,NA,NA,NA,NA,NA,NA,NA,NA,NA,NA,0,NA,NA,NA
Oromia,West Harerge,Bedesa Hospital,ET040914,NA,32059.12705237452,2025-Wk16-27,NA,NA,NA,100,NA,NA,100,NA,NA,NA,NA,NA,NA,NA,NA,NA,NA,NA,NA,0,100,NA,NA
Oromia,West Harerge,Bedesa town,ET040914,NA,32059.12705237452,2025-Wk03-15,NA,NA,NA,100,NA,100,NA,NA,NA,NA,100,NA,NA,NA,NA,NA,NA,NA,NA,0,NA,NA,NA
Oromia,West Harerge,Bedesa town,ET040914,NA,32059.12705237452,2025-Wk16-27,NA,NA,NA,100,NA,NA,NA,NA,NA,NA,NA,NA,NA,NA,NA,NA,NA,NA,NA,0,100,NA,NA
Oromia,West Harerge,Boke,ET040910,NA,160971.85175484352,2025-Wk03-15,NA,NA,NA,80,NA,NA,NA,NA,NA,NA,NA,NA,NA,NA,NA,NA,NA,NA,NA,0,NA,NA,NA
Oromia,West Harerge,Boke,ET040910,NA,160971.85175484352,2025-Wk16-27,NA,NA,NA,80,NA,NA,NA,NA,NA,NA,NA,NA,NA,NA,NA,NA,NA,NA,NA,0,20,NA,NA
Oromia,West Harerge,Burka dhintu,ET040998,NA,65560.8195761687,2025-Wk03-15,NA,NA,NA,66.7,NA,NA,NA,NA,NA,NA,NA,NA,NA,NA,NA,NA,NA,NA,NA,0,NA,NA,NA
Oromia,West Harerge,Burka dhintu,ET040998,NA,65560.8195761687,2025-Wk16-27,NA,NA,NA,66.7,NA,NA,NA,NA,NA,NA,NA,NA,NA,NA,NA,NA,NA,NA,NA,0,33.3,NA,NA
Oromia,West Harerge,Burqadhintu Hospital,ET040998,NA,65560.8195761687,2025-Wk03-15,NA,NA,NA,100,NA,NA,NA,NA,NA,NA,NA,NA,NA,NA,NA,NA,NA,NA,NA,0,NA,NA,NA
Oromia,West Harerge,Burqadhintu Hospital,ET040998,NA,65560.8195761687,2025-Wk16-27,NA,NA,NA,100,NA,NA,NA,NA,NA,NA,NA,NA,NA,NA,NA,NA,NA,NA,NA,0,100,NA,NA
Oromia,West Harerge,Chiro Hospital,ET040905,NA,59351.77917487492,2025-Wk03-15,NA,NA,NA,100,NA,NA,NA,NA,NA,NA,NA,NA,NA,NA,NA,NA,NA,NA,NA,0,NA,NA,NA
Oromia,West Harerge,Chiro Hospital,ET040905,NA,59351.77917487492,2025-Wk16-27,NA,NA,NA,100,NA,NA,NA,NA,NA,NA,NA,NA,NA,NA,NA,NA,NA,NA,NA,0,100,NA,NA
Oromia,West Harerge,Chiro Rural,ET040913,NA,257443.2626721972,2025-Wk03-15,NA,NA,NA,57.1,NA,NA,NA,NA,NA,NA,NA,NA,NA,NA,NA,NA,NA,NA,NA,0,NA,NA,NA
Oromia,West Harerge,Chiro Rural,ET040913,NA,257443.2626721972,2025-Wk16-27,NA,NA,NA,57.1,NA,NA,NA,NA,NA,NA,NA,NA,NA,NA,NA,NA,NA,NA,NA,0,14.3,NA,NA
Oromia,West Harerge,Chiro Rural,ET040913,NA,257443.2626721972,2025-Wk28-52,NA,NA,100,100,NA,53.1,0,NA,NA,NA,NA,NA,NA,NA,NA,NA,NA,NA,NA,0,NA,NA,NA
Oromia,West Harerge,Chiro town,ET040905,NA,59351.77917487492,2025-Wk03-15,NA,NA,NA,100,NA,NA,NA,NA,NA,NA,NA,NA,NA,NA,NA,NA,NA,NA,NA,0,NA,NA,NA
Oromia,West Harerge,Chiro town,ET040905,NA,59351.77917487492,2025-Wk16-27,NA,NA,NA,100,NA,NA,NA,NA,NA,NA,NA,NA,NA,NA,NA,NA,NA,NA,NA,0,100,NA,NA
Oromia,West Harerge,Daro Labu,ET040909,NA,211217.98679662377,2025-Wk03-15,NA,NA,NA,100,NA,NA,NA,NA,NA,NA,NA,NA,NA,NA,NA,NA,NA,NA,NA,0,NA,NA,NA
Oromia,West Harerge,Daro Labu,ET040909,NA,211217.98679662377,2025-Wk16-27,NA,NA,NA,100,NA,NA,NA,NA,NA,NA,NA,NA,NA,NA,NA,NA,NA,NA,NA,0,25,NA,NA
Oromia,West Harerge,Darolebu Hospita,ET040909,NA,211217.98679662377,2025-Wk03-15,NA,NA,NA,100,NA,NA,NA,NA,NA,NA,NA,NA,NA,NA,NA,NA,NA,NA,NA,0,NA,NA,NA
Oromia,West Harerge,Darolebu Hospita,ET040909,NA,211217.98679662377,2025-Wk16-27,NA,NA,NA,100,NA,NA,NA,NA,NA,NA,NA,NA,NA,NA,NA,NA,NA,NA,NA,0,100,NA,NA
Oromia,West Harerge,Doba,ET040902,NA,203748.6645109366,2025-Wk03-15,NA,NA,NA,66.7,NA,NA,0,NA,NA,NA,NA,NA,NA,NA,NA,NA,NA,NA,NA,0,NA,NA,NA
Oromia,West Harerge,Doba,ET040902,NA,203748.6645109366,2025-Wk16-27,NA,NA,NA,66.7,NA,NA,60,NA,NA,NA,NA,NA,NA,NA,NA,NA,NA,NA,NA,0,16.7,NA,NA
Oromia,West Harerge,Gelemso Hospital,ET040908,NA,294816.63968723285,2025-Wk03-15,NA,NA,NA,100,NA,NA,0,NA,NA,NA,NA,NA,NA,NA,NA,NA,NA,NA,NA,0,NA,NA,NA
Oromia,West Harerge,Gelemso Hospital,ET040908,NA,294816.63968723285,2025-Wk16-27,NA,NA,NA,100,NA,NA,NA,NA,NA,NA,NA,NA,NA,NA,NA,NA,NA,NA,NA,0,100,NA,NA
Oromia,West Harerge,Gelemso town,ET040908,NA,294816.63968723285,2025-Wk03-15,NA,NA,NA,100,NA,NA,NA,NA,NA,NA,NA,NA,NA,NA,NA,NA,NA,NA,NA,0,NA,NA,NA
Oromia,West Harerge,Gelemso town,ET040908,NA,294816.63968723285,2025-Wk16-27,NA,NA,NA,100,NA,NA,NA,NA,NA,NA,NA,NA,NA,NA,NA,NA,NA,NA,NA,0,100,NA,NA
Oromia,West Harerge,Gemechis,ET040912,NA,264605.4492779824,2025-Wk03-15,NA,NA,NA,66.7,NA,NA,NA,NA,NA,NA,NA,NA,NA,NA,NA,NA,NA,NA,NA,0,NA,NA,NA
Oromia,West Harerge,Gemechis,ET040912,NA,264605.4492779824,2025-Wk16-27,NA,NA,100,66.7,NA,100,NA,100,100,NA,16.7,100,100,NA,NA,NA,NA,NA,NA,0,16.7,NA,NA
Oromia,West Harerge,Guba koricha,ET040907,NA,152243.26918676728,2025-Wk03-15,NA,NA,100,80,NA,96.9,NA,NA,NA,NA,20,NA,NA,NA,NA,NA,NA,NA,NA,0,NA,NA,NA
Oromia,West Harerge,Guba koricha,ET040907,NA,152243.26918676728,2025-Wk16-27,NA,NA,NA,80,NA,NA,NA,NA,NA,NA,NA,NA,NA,NA,NA,NA,NA,NA,NA,0,20,NA,NA
Oromia,West Harerge,Gumbi Bordode,ET040991,NA,99680.76903389905,2025-Wk03-15,NA,NA,100,66.7,NA,245.5,NA,NA,NA,NA,33.3,NA,NA,NA,NA,NA,NA,NA,NA,0,NA,NA,NA
Oromia,West Harerge,Gumbi Bordode,ET040991,NA,99680.76903389905,2025-Wk16-27,NA,NA,NA,66.7,NA,NA,NA,NA,NA,NA,NA,NA,NA,NA,NA,NA,NA,NA,NA,0,33.3,NA,NA
Oromia,West Harerge,Habro,ET040908,NA,294816.63968723285,2025-Wk03-15,NA,NA,50,66.7,NA,114,NA,NA,NA,NA,66.7,NA,NA,NA,NA,NA,NA,NA,NA,0,NA,NA,NA
Oromia,West Harerge,Habro,ET040908,NA,294816.63968723285,2025-Wk16-27,NA,NA,NA,66.7,NA,NA,NA,NA,NA,NA,NA,NA,NA,NA,NA,NA,NA,NA,NA,0,16.7,NA,NA
Oromia,West Harerge,Hawigudina,ET040915,NA,75391.15462146985,2025-Wk03-15,NA,NA,NA,80,NA,NA,NA,NA,NA,NA,NA,NA,NA,NA,NA,NA,NA,NA,NA,0,NA,NA,NA
Oromia,West Harerge,Hawigudina,ET040915,NA,75391.15462146985,2025-Wk16-27,NA,NA,NA,80,NA,NA,NA,NA,NA,NA,NA,NA,NA,NA,NA,NA,NA,NA,NA,0,20,NA,NA
Oromia,West Harerge,Hirna Hospital,ET040903,NA,226718.68072708027,2025-Wk03-15,NA,NA,NA,100,NA,NA,0,NA,NA,NA,NA,NA,NA,NA,NA,NA,NA,NA,NA,0,NA,NA,NA
Oromia,West Harerge,Hirna Hospital,ET040903,NA,226718.68072708027,2025-Wk16-27,NA,NA,NA,100,NA,NA,50,NA,NA,NA,NA,NA,NA,NA,NA,NA,NA,NA,NA,0,NA,NA,NA
Oromia,West Harerge,Hirna town,ET040903,NA,226718.68072708027,2025-Wk03-15,NA,NA,NA,100,NA,NA,NA,NA,NA,NA,NA,NA,NA,NA,NA,NA,NA,NA,NA,0,NA,NA,NA
Oromia,West Harerge,Hirna town,ET040903,NA,226718.68072708027,2025-Wk16-27,NA,NA,NA,100,NA,NA,NA,NA,NA,NA,NA,NA,NA,NA,NA,NA,NA,NA,NA,0,100,NA,NA
Oromia,West Harerge,Mechara-Micheta T.,ET040908,NA,294816.63968723285,2025-Wk03-15,NA,NA,NA,100,NA,NA,NA,NA,NA,NA,NA,NA,NA,NA,NA,NA,NA,NA,NA,0,NA,NA,NA
Oromia,West Harerge,Mechara-Micheta T.,ET040908,NA,294816.63968723285,2025-Wk16-27,NA,NA,NA,100,NA,NA,NA,NA,NA,NA,NA,NA,NA,NA,NA,NA,NA,NA,NA,0,50,NA,NA
Oromia,West Harerge,Mieso,ET040901,NA,152386.13933280078,2025-Wk03-15,NA,NA,NA,100,NA,NA,NA,NA,NA,NA,NA,NA,NA,NA,NA,NA,NA,NA,NA,0,NA,NA,NA
Oromia,West Harerge,Mieso,ET040901,NA,152386.13933280078,2025-Wk16-27,NA,NA,NA,100,NA,NA,0,NA,NA,NA,NA,NA,NA,NA,NA,NA,NA,NA,NA,0,33.3,NA,NA
Oromia,West Harerge,Oda Bultum,ET040911,NA,239821.99316281764,2025-Wk03-15,NA,NA,NA,71.4,NA,NA,NA,NA,NA,NA,NA,NA,NA,NA,NA,NA,NA,NA,NA,0,NA,NA,NA
Oromia,West Harerge,Oda Bultum,ET040911,NA,239821.99316281764,2025-Wk16-27,NA,NA,NA,71.4,NA,NA,NA,NA,NA,NA,NA,NA,NA,NA,NA,NA,NA,NA,NA,0,14.3,NA,NA
Oromia,West Harerge,Shenen Dugo,ET040893,NA,105586.12275212884,2025-Wk03-15,NA,NA,NA,71.4,NA,NA,NA,NA,NA,NA,NA,NA,NA,NA,NA,NA,NA,NA,NA,0,NA,NA,NA
Oromia,West Harerge,Shenen Dugo,ET040893,NA,105586.12275212884,2025-Wk16-27,NA,NA,NA,71.4,NA,NA,NA,NA,NA,NA,NA,NA,NA,NA,NA,NA,NA,NA,NA,0,14.3,NA,NA
Oromia,West Harerge,Tullo,ET040903,NA,226718.68072708027,2025-Wk03-15,NA,NA,NA,57.1,NA,NA,0,NA,NA,NA,NA,NA,NA,NA,NA,NA,NA,NA,NA,0,NA,NA,NA
Oromia,West Harerge,Tullo,ET040903,NA,226718.68072708027,2025-Wk16-27,NA,NA,NA,57.1,NA,NA,0,NA,NA,NA,NA,NA,NA,NA,NA,NA,NA,NA,NA,0,14.3,NA,NA
Oromia,West Shoa,Abuna Gindeberet,ET040516,NA,166238.43867617814,2025-Wk03-15,NA,NA,NA,57.1,NA,NA,NA,NA,NA,NA,NA,NA,NA,NA,NA,NA,NA,NA,NA,0,NA,NA,NA
Oromia,West Shoa,Abuna Gindeberet,ET040516,NA,166238.43867617814,2025-Wk16-27,NA,NA,NA,57.1,NA,NA,NA,NA,NA,NA,NA,NA,NA,NA,NA,NA,NA,NA,NA,0,14.3,NA,NA
Oromia,West Shoa,Adea Berga,ET040513,NA,209676.5968181489,2025-Wk03-15,NA,NA,NA,83.3,NA,NA,0,NA,NA,NA,NA,NA,NA,NA,NA,NA,NA,NA,NA,0,NA,NA,NA
Oromia,West Shoa,Adea Berga,ET040513,NA,209676.5968181489,2025-Wk16-27,NA,NA,NA,83.3,NA,NA,100,NA,NA,NA,NA,NA,NA,NA,NA,NA,NA,NA,NA,0,16.7,NA,NA
Oromia,West Shoa,Ambo,ET040503,NA,152658.13209535417,2025-Wk03-15,NA,NA,NA,100,NA,NA,NA,NA,NA,NA,NA,NA,NA,NA,NA,NA,NA,NA,NA,0,NA,NA,NA
Oromia,West Shoa,Ambo,ET040503,NA,152658.13209535417,2025-Wk16-27,NA,NA,NA,100,NA,NA,0,NA,NA,NA,NA,NA,NA,NA,NA,NA,NA,NA,NA,0,20,NA,NA
Oromia,West Shoa,Ambo University Referal Hospital,ET040515,NA,104078.9648390331,2025-Wk03-15,NA,NA,NA,100,NA,NA,0,NA,NA,NA,NA,NA,NA,NA,NA,NA,NA,NA,NA,0,NA,NA,NA
Oromia,West Shoa,Ambo University Referal Hospital,ET040515,NA,104078.9648390331,2025-Wk16-27,NA,NA,NA,100,NA,NA,0,NA,NA,NA,NA,NA,NA,NA,NA,NA,NA,NA,NA,0,100,NA,NA
Oromia,West Shoa,Bako Primary Hospital,ET040506,NA,192068.96433207009,2025-Wk03-15,NA,NA,NA,100,NA,NA,NA,NA,NA,NA,NA,NA,NA,NA,NA,NA,NA,NA,NA,0,NA,NA,NA
Oromia,West Shoa,Bako Primary Hospital,ET040506,NA,192068.96433207009,2025-Wk16-27,NA,NA,NA,100,NA,NA,NA,NA,NA,NA,NA,NA,NA,NA,NA,NA,NA,NA,NA,0,100,NA,NA
Oromia,West Shoa,Bako Tibe,ET040506,NA,192068.96433207009,2025-Wk03-15,NA,NA,NA,100,NA,NA,NA,NA,NA,NA,NA,NA,NA,NA,NA,NA,NA,NA,NA,0,NA,NA,NA
Oromia,West Shoa,Bako Tibe,ET040506,NA,192068.96433207009,2025-Wk16-27,NA,NA,NA,100,NA,NA,NA,NA,NA,NA,NA,NA,NA,NA,NA,NA,NA,NA,NA,0,20,NA,NA
Oromia,West Shoa,Chelia,ET040505,NA,117617.56154769982,2025-Wk03-15,NA,NA,NA,100,NA,NA,NA,NA,NA,NA,NA,NA,NA,NA,NA,NA,NA,NA,NA,0,NA,NA,NA
Oromia,West Shoa,Chelia,ET040505,NA,117617.56154769982,2025-Wk16-27,NA,NA,NA,100,NA,NA,NA,NA,NA,NA,NA,NA,NA,NA,NA,NA,NA,NA,NA,0,25,NA,NA
Oromia,West Shoa,Chobi,ET040592,NA,75411.44886021868,2025-Wk03-15,NA,NA,NA,100,NA,NA,NA,NA,NA,NA,NA,NA,NA,NA,NA,NA,NA,NA,NA,0,NA,NA,NA
Oromia,West Shoa,Chobi,ET040592,NA,75411.44886021868,2025-Wk16-27,NA,NA,NA,100,NA,NA,NA,NA,NA,NA,NA,NA,NA,NA,NA,NA,NA,NA,NA,0,50,NA,NA
Oromia,West Shoa,Dano,ET040507,NA,148842.2135349211,2025-Wk03-15,NA,NA,NA,100,NA,NA,0,NA,NA,NA,NA,NA,NA,NA,NA,NA,NA,NA,NA,0,NA,NA,NA
Oromia,West Shoa,Dano,ET040507,NA,148842.2135349211,2025-Wk16-27,NA,NA,NA,100,NA,NA,0,NA,NA,NA,NA,NA,NA,NA,NA,NA,NA,NA,NA,0,25,NA,NA
Oromia,West Shoa,Dendi,ET040510,NA,200114.34125513525,2025-Wk03-15,NA,NA,NA,85.7,NA,NA,NA,NA,NA,NA,NA,NA,NA,NA,NA,NA,NA,NA,NA,0,NA,NA,NA
Oromia,West Shoa,Dendi,ET040510,NA,200114.34125513525,2025-Wk16-27,NA,NA,NA,85.7,NA,NA,NA,NA,NA,NA,NA,NA,NA,NA,NA,NA,NA,NA,NA,0,14.3,NA,NA
Oromia,West Shoa,Dendi,ET040510,NA,200114.34125513525,2025-Wk28-52,NA,NA,0,100,NA,NA,38.5,NA,NA,NA,NA,NA,NA,NA,NA,NA,NA,NA,NA,0,NA,NA,NA
Oromia,West Shoa,Dendi Primary Hospital,ET040510,NA,200114.34125513525,2025-Wk03-15,NA,NA,NA,100,NA,NA,NA,NA,NA,NA,NA,NA,NA,NA,NA,NA,NA,NA,NA,0,NA,NA,NA
Oromia,West Shoa,Dendi Primary Hospital,ET040510,NA,200114.34125513525,2025-Wk16-27,NA,NA,NA,100,NA,NA,NA,NA,NA,NA,NA,NA,NA,NA,NA,NA,NA,NA,NA,0,100,NA,NA
Oromia,West Shoa,Dire Enchini,ET040509,NA,109287.35143917582,2025-Wk03-15,NA,NA,NA,75,NA,NA,NA,NA,NA,NA,NA,NA,NA,NA,NA,NA,NA,NA,NA,0,NA,NA,NA
Oromia,West Shoa,Dire Enchini,ET040509,NA,109287.35143917582,2025-Wk16-27,NA,NA,NA,75,NA,NA,NA,NA,NA,NA,NA,NA,NA,NA,NA,NA,NA,NA,NA,0,25,NA,NA
Oromia,West Shoa,Ejere,ET040511,NA,134211.67376285684,2025-Wk03-15,NA,NA,NA,75,NA,NA,NA,NA,NA,NA,NA,NA,NA,NA,NA,NA,NA,NA,NA,0,NA,NA,NA
Oromia,West Shoa,Ejere,ET040511,NA,134211.67376285684,2025-Wk16-27,NA,NA,NA,75,NA,NA,NA,NA,NA,NA,NA,NA,NA,NA,NA,NA,NA,NA,NA,0,25,NA,NA
Oromia,West Shoa,Ejersa Lafo,ET040590,NA,67589.24360489138,2025-Wk03-15,NA,NA,NA,100,NA,NA,NA,NA,NA,NA,NA,NA,NA,NA,NA,NA,NA,NA,NA,0,NA,NA,NA
Oromia,West Shoa,Ejersa Lafo,ET040590,NA,67589.24360489138,2025-Wk16-27,NA,NA,NA,100,NA,NA,NA,NA,NA,NA,NA,NA,NA,NA,NA,NA,NA,NA,NA,0,33.3,NA,NA
Oromia,West Shoa,Enchini Primary Hospital,ET040513,NA,209676.5968181489,2025-Wk03-15,NA,NA,NA,100,NA,NA,0,NA,NA,NA,NA,NA,NA,NA,NA,NA,NA,NA,NA,0,NA,NA,NA
Oromia,West Shoa,Enchini Primary Hospital,ET040513,NA,209676.5968181489,2025-Wk16-27,NA,NA,NA,100,NA,NA,0,NA,NA,NA,NA,NA,NA,NA,NA,NA,NA,NA,NA,0,100,NA,NA
Oromia,West Shoa,Gedo General Hospital,ET040505,NA,117617.56154769982,2025-Wk03-15,NA,NA,NA,100,NA,NA,0,NA,NA,NA,NA,NA,NA,NA,NA,NA,NA,NA,NA,0,NA,NA,NA
Oromia,West Shoa,Gedo General Hospital,ET040505,NA,117617.56154769982,2025-Wk16-27,NA,NA,NA,100,NA,NA,54.2,NA,NA,NA,NA,NA,NA,NA,NA,NA,NA,NA,NA,0,100,NA,NA
Oromia,West Shoa,Gindabarat,ET040501,NA,161221.4896943979,2025-Wk03-15,NA,NA,NA,66.7,NA,NA,NA,NA,NA,NA,NA,NA,NA,NA,NA,NA,NA,NA,NA,0,NA,NA,NA
Oromia,West Shoa,Gindabarat,ET040501,NA,161221.4896943979,2025-Wk16-27,NA,NA,NA,66.7,NA,NA,NA,NA,NA,NA,NA,NA,NA,NA,NA,NA,NA,NA,NA,0,16.7,NA,NA
Oromia,West Shoa,Gindeberet General Hospital,ET040501,NA,161221.4896943979,2025-Wk03-15,NA,NA,NA,100,NA,NA,NA,NA,NA,NA,NA,NA,NA,NA,NA,NA,NA,NA,NA,0,NA,NA,NA
Oromia,West Shoa,Gindeberet General Hospital,ET040501,NA,161221.4896943979,2025-Wk16-27,NA,NA,NA,100,NA,NA,NA,NA,NA,NA,NA,NA,NA,NA,NA,NA,NA,NA,NA,0,100,NA,NA
Oromia,West Shoa,Guder Primary Hospital,ET040517,NA,140422.16677867385,2025-Wk03-15,NA,NA,NA,100,NA,NA,0,NA,NA,NA,NA,NA,NA,NA,NA,NA,NA,NA,NA,0,NA,NA,NA
Oromia,West Shoa,Guder Primary Hospital,ET040517,NA,140422.16677867385,2025-Wk16-27,NA,NA,NA,100,NA,NA,0,NA,NA,NA,NA,NA,NA,NA,NA,NA,NA,NA,NA,0,100,NA,NA
Oromia,West Shoa,Ilfata,ET040519,NA,87422.82255759099,2025-Wk03-15,NA,NA,NA,100,NA,NA,NA,NA,NA,NA,NA,NA,NA,NA,NA,NA,NA,NA,NA,0,NA,NA,NA
Oromia,West Shoa,Ilfata,ET040519,NA,87422.82255759099,2025-Wk16-27,NA,NA,NA,100,NA,NA,NA,NA,NA,NA,NA,NA,NA,NA,NA,NA,NA,NA,NA,0,33.3,NA,NA
Oromia,West Shoa,Ilu Galan,ET040500,NA,94162.71010463402,2025-Wk03-15,NA,NA,NA,100,NA,NA,NA,NA,NA,NA,NA,NA,NA,NA,NA,NA,NA,NA,NA,0,NA,NA,NA
Oromia,West Shoa,Ilu Galan,ET040500,NA,94162.71010463402,2025-Wk16-27,NA,NA,NA,100,NA,NA,NA,NA,NA,NA,NA,NA,NA,NA,NA,NA,NA,NA,NA,0,33.3,NA,NA
Oromia,West Shoa,Jaldu,ET040502,NA,235297.15316168475,2025-Wk03-15,NA,NA,NA,66.7,NA,NA,NA,NA,NA,NA,NA,NA,NA,NA,NA,NA,NA,NA,NA,0,NA,NA,NA
Oromia,West Shoa,Jaldu,ET040502,NA,235297.15316168475,2025-Wk16-27,NA,NA,NA,66.7,NA,NA,NA,NA,NA,NA,NA,NA,NA,NA,NA,NA,NA,NA,NA,0,16.7,NA,NA
Oromia,West Shoa,Jaldu Primary Hospital,ET040502,NA,235297.15316168475,2025-Wk03-15,NA,NA,NA,100,NA,NA,0,NA,NA,NA,NA,NA,NA,NA,NA,NA,NA,NA,NA,0,NA,NA,NA
Oromia,West Shoa,Jaldu Primary Hospital,ET040502,NA,235297.15316168475,2025-Wk16-27,NA,NA,NA,100,NA,NA,NA,NA,NA,NA,NA,NA,NA,NA,NA,NA,NA,NA,NA,0,100,NA,NA
Oromia,West Shoa,Jibat,ET040518,NA,92623.72277042345,2025-Wk03-15,NA,NA,NA,66.7,NA,NA,0,NA,NA,NA,NA,NA,NA,NA,NA,NA,NA,NA,NA,0,NA,NA,NA
Oromia,West Shoa,Jibat,ET040518,NA,92623.72277042345,2025-Wk16-27,NA,NA,NA,66.7,NA,NA,0,NA,NA,NA,NA,NA,NA,NA,NA,NA,NA,NA,NA,0,33.3,NA,NA
Oromia,West Shoa,Liban Jawi,ET040597,NA,87932.96637859059,2025-Wk03-15,NA,NA,NA,66.7,NA,NA,NA,NA,NA,NA,NA,NA,NA,NA,NA,NA,NA,NA,NA,0,NA,NA,NA
Oromia,West Shoa,Liban Jawi,ET040597,NA,87932.96637859059,2025-Wk16-27,NA,NA,NA,66.7,NA,NA,NA,NA,NA,NA,NA,NA,NA,NA,NA,NA,NA,NA,NA,0,33.3,NA,NA
Oromia,West Shoa,Meta Robi,ET040514,NA,120970.39357879787,2025-Wk03-15,NA,NA,NA,66.7,NA,NA,NA,NA,NA,NA,NA,NA,NA,NA,NA,NA,NA,NA,NA,0,NA,NA,NA
Oromia,West Shoa,Meta Robi,ET040514,NA,120970.39357879787,2025-Wk16-27,NA,NA,NA,66.7,NA,NA,NA,NA,NA,NA,NA,NA,NA,NA,NA,NA,NA,NA,NA,0,33.3,NA,NA
Oromia,West Shoa,Meta Walkite,ET040594,NA,93098.57362267467,2025-Wk03-15,NA,NA,NA,66.7,NA,NA,NA,NA,NA,NA,NA,NA,NA,NA,NA,NA,NA,NA,NA,0,NA,NA,NA
Oromia,West Shoa,Meta Walkite,ET040594,NA,93098.57362267467,2025-Wk16-27,NA,NA,NA,66.7,NA,NA,NA,NA,NA,NA,NA,NA,NA,NA,NA,NA,NA,NA,NA,0,33.3,NA,NA
Oromia,West Shoa,Mide Kegn,ET040504,NA,121090.17577576212,2025-Wk03-15,NA,NA,NA,100,NA,NA,NA,NA,NA,NA,NA,NA,NA,NA,NA,NA,NA,NA,NA,0,NA,NA,NA
Oromia,West Shoa,Mide Kegn,ET040504,NA,121090.17577576212,2025-Wk16-27,NA,NA,NA,100,NA,NA,NA,NA,NA,NA,NA,NA,NA,NA,NA,NA,NA,NA,NA,0,25,NA,NA
Oromia,West Shoa,Nono,ET040508,NA,128528.43631046292,2025-Wk03-15,NA,NA,NA,75,NA,NA,0,NA,NA,NA,NA,NA,NA,NA,NA,NA,NA,NA,NA,0,NA,NA,NA
Oromia,West Shoa,Nono,ET040508,NA,128528.43631046292,2025-Wk16-27,NA,NA,NA,75,NA,NA,0,NA,NA,NA,NA,NA,NA,NA,NA,NA,NA,NA,NA,0,25,NA,NA
Oromia,West Shoa,Toke Kutaye,ET040517,NA,140422.16677867385,2025-Wk03-15,NA,NA,NA,60,NA,NA,0,NA,NA,NA,NA,NA,NA,NA,NA,NA,NA,NA,NA,0,NA,NA,NA
Oromia,West Shoa,Toke Kutaye,ET040517,NA,140422.16677867385,2025-Wk16-27,NA,NA,NA,60,NA,NA,0,NA,NA,NA,NA,NA,NA,NA,NA,NA,NA,NA,NA,0,20,NA,NA
Oromia,West Shoa,Welmera,ET042014,NA,127835.4107423125,2025-Wk03-15,NA,NA,NA,100,NA,NA,NA,NA,NA,NA,NA,NA,NA,NA,NA,NA,NA,NA,NA,0,NA,NA,NA
Oromia,West Shoa,Welmera,ET042014,NA,127835.4107423125,2025-Wk16-27,NA,NA,NA,100,NA,NA,NA,NA,NA,NA,NA,NA,NA,NA,NA,NA,NA,NA,NA,0,33.3,NA,NA
Oromia,West Wollega,Aira,ET040107,NA,77432.7734339907,2025-Wk03-15,NA,NA,NA,50,NA,NA,NA,NA,NA,NA,NA,NA,NA,NA,NA,NA,NA,NA,NA,0,NA,NA,NA
Oromia,West Wollega,Aira,ET040107,NA,77432.7734339907,2025-Wk16-27,NA,NA,NA,50,NA,NA,0,NA,NA,NA,NA,NA,NA,NA,NA,NA,NA,NA,NA,0,50,NA,NA
Oromia,West Wollega,Aira hospital,ET040107,NA,77432.7734339907,2025-Wk03-15,NA,NA,NA,100,NA,NA,NA,NA,NA,NA,NA,NA,NA,NA,NA,NA,NA,NA,NA,0,NA,NA,NA
Oromia,West Wollega,Aira hospital,ET040107,NA,77432.7734339907,2025-Wk16-27,NA,NA,NA,100,NA,NA,100,NA,NA,NA,NA,NA,NA,NA,NA,NA,NA,NA,NA,0,NA,NA,NA
Oromia,West Wollega,Babo Gambel,ET040111,NA,92606.611028,2025-Wk03-15,NA,NA,NA,66.7,NA,NA,0,NA,NA,NA,NA,NA,NA,NA,NA,NA,NA,NA,NA,0,NA,NA,NA
Oromia,West Wollega,Babo Gambel,ET040111,NA,92606.611028,2025-Wk16-27,NA,NA,NA,66.7,NA,NA,0,NA,NA,NA,NA,NA,NA,NA,NA,NA,NA,NA,NA,0,33.3,NA,NA
Oromia,West Wollega,Begi,ET040116,NA,183352.32006744793,2025-Wk03-15,NA,NA,NA,60,NA,NA,NA,NA,NA,NA,NA,NA,NA,NA,NA,NA,NA,NA,NA,0,NA,NA,NA
Oromia,West Wollega,Begi,ET040116,NA,183352.32006744793,2025-Wk16-27,NA,NA,NA,60,NA,NA,NA,NA,NA,NA,NA,NA,NA,NA,NA,NA,NA,NA,NA,0,20,NA,NA
Oromia,West Wollega,Begi hospital,ET040116,NA,183352.32006744793,2025-Wk03-15,NA,NA,NA,100,NA,NA,NA,NA,NA,NA,NA,NA,NA,NA,NA,NA,NA,NA,NA,0,NA,NA,NA
Oromia,West Wollega,Begi hospital,ET040116,NA,183352.32006744793,2025-Wk16-27,NA,NA,NA,100,NA,NA,NA,NA,NA,NA,NA,NA,NA,NA,NA,NA,NA,NA,NA,0,100,NA,NA
Oromia,West Wollega,Boji Chokorsa,ET040110,NA,74413.62038015027,2025-Wk03-15,NA,NA,NA,100,NA,NA,0,NA,NA,NA,NA,NA,NA,NA,NA,NA,NA,NA,NA,0,NA,NA,NA
Oromia,West Wollega,Boji Chokorsa,ET040110,NA,74413.62038015027,2025-Wk16-27,NA,NA,NA,100,NA,NA,NA,NA,NA,NA,NA,NA,NA,NA,NA,NA,NA,NA,NA,0,33.3,NA,NA
Oromia,West Wollega,Boji Dirmaji,ET040106,NA,66673.5947688525,2025-Wk03-15,NA,NA,NA,100,NA,NA,NA,NA,NA,NA,NA,NA,NA,NA,NA,NA,NA,NA,NA,0,NA,NA,NA
Oromia,West Wollega,Boji Dirmaji,ET040106,NA,66673.5947688525,2025-Wk16-27,NA,NA,NA,100,NA,NA,NA,NA,NA,NA,NA,NA,NA,NA,NA,NA,NA,NA,NA,0,50,NA,NA
Oromia,West Wollega,Bube Hospital,ET040115,NA,91907.1685564408,2025-Wk03-15,NA,NA,NA,100,NA,NA,NA,NA,NA,NA,NA,NA,NA,NA,NA,NA,NA,NA,NA,0,NA,NA,NA
Oromia,West Wollega,Bube Hospital,ET040115,NA,91907.1685564408,2025-Wk16-27,NA,NA,NA,100,NA,NA,NA,NA,NA,NA,NA,NA,NA,NA,NA,NA,NA,NA,NA,0,100,NA,NA
Oromia,West Wollega,Ganji Hospital,ET040113,NA,91430.13852465857,2025-Wk03-15,NA,NA,NA,100,NA,NA,NA,NA,NA,NA,NA,NA,NA,NA,NA,NA,NA,NA,NA,0,NA,NA,NA
Oromia,West Wollega,Ganji Hospital,ET040113,NA,91430.13852465857,2025-Wk16-27,NA,NA,NA,100,NA,NA,NA,NA,NA,NA,NA,NA,NA,NA,NA,NA,NA,NA,NA,0,100,NA,NA
Oromia,West Wollega,Genji,ET040113,NA,91430.13852465857,2025-Wk03-15,NA,NA,NA,66.7,NA,NA,NA,NA,NA,NA,NA,NA,NA,NA,NA,NA,NA,NA,NA,0,NA,NA,NA
Oromia,West Wollega,Genji,ET040113,NA,91430.13852465857,2025-Wk16-27,NA,NA,NA,66.7,NA,NA,NA,NA,NA,NA,NA,NA,NA,NA,NA,NA,NA,NA,NA,0,33.3,NA,NA
Oromia,West Wollega,Ghimbi Adv.hospital,ET040193,NA,54612.12594449465,2025-Wk03-15,NA,NA,NA,100,NA,NA,NA,NA,NA,NA,NA,NA,NA,NA,NA,NA,NA,NA,NA,0,NA,NA,NA
Oromia,West Wollega,Ghimbi Adv.hospital,ET040193,NA,54612.12594449465,2025-Wk16-27,NA,NA,NA,100,NA,NA,NA,NA,NA,NA,NA,NA,NA,NA,NA,NA,NA,NA,NA,0,NA,NA,NA
Oromia,West Wollega,Ghimbi Rural,ET040103,NA,114741.71933665591,2025-Wk03-15,NA,NA,NA,57.1,NA,NA,NA,NA,NA,NA,NA,NA,NA,NA,NA,NA,NA,NA,NA,0,NA,NA,NA
Oromia,West Wollega,Ghimbi Rural,ET040103,NA,114741.71933665591,2025-Wk16-27,NA,NA,NA,57.1,NA,NA,60,NA,NA,NA,NA,NA,NA,NA,NA,NA,NA,NA,NA,0,14.3,NA,NA
Oromia,West Wollega,Ghimbi Town,ET040193,NA,54612.12594449465,2025-Wk03-15,NA,NA,NA,100,NA,NA,0,NA,NA,NA,NA,NA,NA,NA,NA,NA,NA,NA,NA,0,NA,NA,NA
Oromia,West Wollega,Ghimbi Town,ET040193,NA,54612.12594449465,2025-Wk16-27,NA,NA,NA,100,NA,NA,NA,NA,NA,NA,NA,NA,NA,NA,NA,NA,NA,NA,NA,0,100,NA,NA
Oromia,West Wollega,Ghimbi pub. Hospital,ET040193,NA,54612.12594449465,2025-Wk03-15,NA,NA,NA,100,NA,NA,NA,NA,NA,NA,NA,NA,NA,NA,NA,NA,NA,NA,NA,0,NA,NA,NA
Oromia,West Wollega,Ghimbi pub. Hospital,ET040193,NA,54612.12594449465,2025-Wk16-27,NA,NA,NA,100,NA,NA,NA,NA,NA,NA,NA,NA,NA,NA,NA,NA,NA,NA,NA,0,100,NA,NA
Oromia,West Wollega,Gulliso,ET040119,NA,107790.07397712249,2025-Wk03-15,NA,NA,NA,80,NA,NA,NA,NA,NA,NA,NA,NA,NA,NA,NA,NA,NA,NA,NA,0,NA,NA,NA
Oromia,West Wollega,Gulliso,ET040119,NA,107790.07397712249,2025-Wk16-27,NA,NA,NA,80,NA,NA,NA,NA,NA,NA,NA,NA,NA,NA,NA,NA,NA,NA,NA,0,20,NA,NA
Oromia,West Wollega,Haru,ET040114,NA,103118.568295516,2025-Wk03-15,NA,NA,100,100,NA,32.4,NA,NA,NA,NA,33.3,NA,NA,NA,NA,NA,NA,NA,NA,0,NA,NA,NA
Oromia,West Wollega,Haru,ET040114,NA,103118.568295516,2025-Wk16-27,NA,NA,100,100,NA,NA,NA,NA,NA,NA,NA,NA,NA,NA,NA,NA,NA,NA,NA,0,33.3,NA,NA
Oromia,West Wollega,Homa,ET040117,NA,37822.29817536921,2025-Wk03-15,NA,NA,NA,100,NA,NA,NA,NA,NA,NA,NA,NA,NA,NA,NA,NA,NA,NA,NA,0,NA,NA,NA
Oromia,West Wollega,Homa,ET040117,NA,37822.29817536921,2025-Wk16-27,NA,NA,NA,100,NA,NA,NA,NA,NA,NA,NA,NA,NA,NA,NA,NA,NA,NA,NA,0,50,NA,NA
Oromia,West Wollega,Jarso,ET041002,NA,177697.85907134213,2025-Wk03-15,NA,NA,NA,100,NA,NA,0,NA,NA,NA,NA,NA,NA,NA,NA,NA,NA,NA,NA,0,NA,NA,NA
Oromia,West Wollega,Jarso,ET041002,NA,177697.85907134213,2025-Wk16-27,NA,NA,NA,100,NA,NA,NA,NA,NA,NA,NA,NA,NA,NA,NA,NA,NA,NA,NA,0,50,NA,NA
Oromia,West Wollega,Kiltu Kara,ET040105,NA,79786.45371221189,2025-Wk03-15,NA,NA,NA,100,NA,NA,NA,NA,NA,NA,NA,NA,NA,NA,NA,NA,NA,NA,NA,0,NA,NA,NA
Oromia,West Wollega,Kiltu Kara,ET040105,NA,79786.45371221189,2025-Wk16-27,NA,NA,NA,100,NA,NA,NA,NA,NA,NA,NA,NA,NA,NA,NA,NA,NA,NA,NA,0,50,NA,NA
Oromia,West Wollega,Kondala,ET040109,NA,146610.2006325601,2025-Wk03-15,NA,NA,NA,50,NA,NA,NA,NA,NA,NA,NA,NA,NA,NA,NA,NA,NA,NA,NA,0,NA,NA,NA
Oromia,West Wollega,Kondala,ET040109,NA,146610.2006325601,2025-Wk16-27,NA,NA,NA,50,NA,NA,NA,NA,NA,NA,NA,NA,NA,NA,NA,NA,NA,NA,NA,0,25,NA,NA
Oromia,West Wollega,Lalo Assabi,ET040104,NA,117089.23650037528,2025-Wk03-15,NA,NA,NA,100,NA,NA,NA,NA,NA,NA,NA,NA,NA,NA,NA,NA,NA,NA,NA,0,NA,NA,NA
Oromia,West Wollega,Lalo Assabi,ET040104,NA,117089.23650037528,2025-Wk16-27,NA,NA,NA,100,NA,NA,NA,NA,NA,NA,NA,NA,NA,NA,NA,NA,NA,NA,NA,0,33.3,NA,NA
Oromia,West Wollega,Lata Sibu,ET040197,NA,57665.96281387635,2025-Wk03-15,NA,NA,NA,100,NA,NA,NA,NA,NA,NA,NA,NA,NA,NA,NA,NA,NA,NA,NA,0,NA,NA,NA
Oromia,West Wollega,Lata Sibu,ET040197,NA,57665.96281387635,2025-Wk16-27,NA,NA,NA,100,NA,NA,0,NA,NA,NA,NA,NA,NA,NA,NA,NA,NA,NA,NA,0,33.3,NA,NA
Oromia,West Wollega,Mana Sibu,ET040101,NA,164956.12747831957,2025-Wk03-15,NA,NA,NA,60,NA,NA,NA,NA,NA,NA,NA,NA,NA,NA,NA,NA,NA,NA,NA,0,NA,NA,NA
Oromia,West Wollega,Mana Sibu,ET040101,NA,164956.12747831957,2025-Wk16-27,NA,NA,NA,60,NA,NA,NA,NA,NA,NA,NA,NA,NA,NA,NA,NA,NA,NA,NA,0,20,NA,NA
Oromia,West Wollega,Mendi Hospital,ET040198,NA,24692.637752684142,2025-Wk03-15,NA,NA,NA,100,NA,NA,NA,NA,NA,NA,NA,NA,NA,NA,NA,NA,NA,NA,NA,0,NA,NA,NA
Oromia,West Wollega,Mendi Hospital,ET040198,NA,24692.637752684142,2025-Wk16-27,NA,NA,NA,100,NA,NA,NA,NA,NA,NA,NA,NA,NA,NA,NA,NA,NA,NA,NA,0,100,NA,NA
Oromia,West Wollega,Mendi Town,ET040198,NA,24692.637752684142,2025-Wk03-15,NA,NA,NA,100,NA,NA,0,NA,NA,NA,NA,NA,NA,NA,NA,NA,NA,NA,NA,0,NA,NA,NA
Oromia,West Wollega,Mendi Town,ET040198,NA,24692.637752684142,2025-Wk16-27,NA,NA,NA,100,NA,NA,NA,NA,NA,NA,NA,NA,NA,NA,NA,NA,NA,NA,NA,0,100,NA,NA
Oromia,West Wollega,Nejo,ET040102,NA,117694.56438860542,2025-Wk03-15,NA,NA,NA,60,NA,NA,NA,NA,NA,NA,NA,NA,NA,NA,NA,NA,NA,NA,NA,0,NA,NA,NA
Oromia,West Wollega,Nejo,ET040102,NA,117694.56438860542,2025-Wk16-27,NA,NA,NA,60,NA,NA,NA,NA,NA,NA,NA,NA,NA,NA,NA,NA,NA,NA,NA,0,20,NA,NA
Oromia,West Wollega,Nole kaba,ET040115,NA,91907.1685564408,2025-Wk03-15,NA,NA,NA,60,NA,NA,NA,NA,NA,NA,NA,NA,NA,NA,NA,NA,NA,NA,NA,0,NA,NA,NA
Oromia,West Wollega,Nole kaba,ET040115,NA,91907.1685564408,2025-Wk16-27,NA,NA,NA,60,NA,NA,NA,NA,NA,NA,NA,NA,NA,NA,NA,NA,NA,NA,NA,0,20,NA,NA
Oromia,West Wollega,Sayo Nole,ET040118,NA,175864.8632732797,2025-Wk03-15,NA,NA,NA,50,NA,NA,NA,NA,NA,NA,NA,NA,NA,NA,NA,NA,NA,NA,NA,0,NA,NA,NA
Oromia,West Wollega,Sayo Nole,ET040118,NA,175864.8632732797,2025-Wk16-27,NA,NA,NA,50,NA,NA,NA,NA,NA,NA,NA,NA,NA,NA,NA,NA,NA,NA,NA,0,25,NA,NA
Oromia,West Wollega,Yubdo,ET040112,NA,59452.610082532854,2025-Wk03-15,NA,NA,NA,66.7,NA,NA,NA,NA,NA,NA,NA,NA,NA,NA,NA,NA,NA,NA,NA,0,NA,NA,NA
Oromia,West Wollega,Yubdo,ET040112,NA,59452.610082532854,2025-Wk16-27,NA,NA,NA,66.7,NA,NA,NA,NA,NA,NA,NA,NA,NA,NA,NA,NA,NA,NA,NA,0,33.3,NA,NA
Oromia,Woliso Town,Woliso Town,ET041311,NA,66768.94945246642,2025-Wk03-15,NA,NA,100,66.7,NA,21.1,40,NA,NA,NA,33.3,NA,NA,NA,NA,NA,NA,NA,NA,0,NA,NA,NA
Oromia,Woliso Town,Woliso Town,ET041311,NA,66768.94945246642,2025-Wk16-27,NA,NA,100,66.7,NA,21.1,100,NA,NA,NA,33.3,NA,NA,NA,NA,NA,NA,NA,NA,0,33.3,NA,NA
Sidama,Central Sidama,Arbegona  WoHO,ET160003,NA,159427.73987449112,2025-Wk03-15,0,0,0,100,100,0,0,0,0,0,0,0,0,NA,NA,100,100,0,0,0,20,20,NA
Sidama,Central Sidama,Arbegona  WoHO,ET160003,NA,159427.73987449112,2025-Wk16-27,0,0,0,100,100,0,19,NA,0,0,0,0,0,NA,NA,100,100,0,0,0,16.7,16.7,NA
Sidama,Central Sidama,Arbegona  WoHO,ET160003,NA,159427.73987449112,2025-Wk28-52,0,0,0,100,100,0,77.8,NA,0,0,0,0,0,NA,NA,100,100,0,0,0,16.7,16.7,NA
Sidama,East Sidama,Aroressa  WoHO,ET160009,NA,113038.13531943556,2025-Wk03-15,0,0,0,100,100,0,NA,0,0,0,0,0,0,NA,NA,100,100,0,0,0,20,20,NA
Sidama,East Sidama,Aroressa  WoHO,ET160009,NA,113038.13531943556,2025-Wk16-27,0,0,0,100,100,0,10,NA,0,0,0,0,0,NA,NA,100,100,0,0,0,16.7,16.7,NA
Sidama,East Sidama,Aroressa  WoHO,ET160009,NA,113038.13531943556,2025-Wk28-52,0,0,0,96.2,100,0,0,NA,0,0,0,0,0,NA,NA,100,100,0,0,0,16.7,16.7,NA
Sidama,Hawassa City Admn,Tula Sub City,ET160018,NA,264168.217179932,2025-Wk03-15,0,0,0,100,100,0,21.4,0,0,100,0,0,0,NA,NA,100,100,0,0,0,16.7,16.7,NA
Sidama,Hawassa City Admn,Tula Sub City,ET160018,NA,264168.217179932,2025-Wk16-27,0,0,0,100,100,0,33.3,NA,0,100,0,0,0,NA,NA,100,100,0,0,0,14.3,14.3,NA
Sidama,Hawassa City Admn,Tula Sub City,ET160018,NA,264168.217179932,2025-Wk28-52,0,0,100,100,100,100,20,100,100,100,100,100,100,NA,NA,100,100,100,0,0,14.3,14.3,NA
Sidama,North Sidama,Bilate Zuria woreda,ET160032,NA,152855.755262896,2025-Wk03-15,0,0,0,100,100,0,NA,0,0,100,0,0,0,NA,NA,0,0,0,0,0,20,0,NA
Sidama,North Sidama,Bilate Zuria woreda,ET160032,NA,152855.755262896,2025-Wk16-27,0,0,0,100,100,0,NA,NA,0,100,0,0,0,NA,NA,100,100,0,0,0,20,0,NA
Sidama,North Sidama,Bilate Zuria woreda,ET160032,NA,152855.755262896,2025-Wk28-52,0,0,0,100,100,0,NA,NA,0,100,0,0,0,NA,NA,100,100,0,0,0,20,0,NA
Sidama,South Sidama,Aleta Chuko  Town,ET160016,NA,55525.5663481832,2025-Wk03-15,0,0,0,100,100,0,466.7,0,0,100,0,0,0,NA,NA,100,100,0,0,0,100,0,NA
Sidama,South Sidama,Aleta Chuko  Town,ET160016,NA,55525.5663481832,2025-Wk16-27,0,0,0,100,100,0,100,NA,0,100,0,0,0,NA,NA,100,100,0,0,0,50,50,NA
Sidama,South Sidama,Aleta Chuko  Town,ET160016,NA,55525.5663481832,2025-Wk28-52,0,0,0,100,100,0,54.5,NA,0,100,0,0,0,NA,NA,100,100,0,0,0,50,50,NA
Sidama,NA,Aleta Chuko  WoHO,ET160016,NA,55525.5663481832,2025-Wk03-15,0,0,0,100,100,0,NA,0,0,100,0,0,0,NA,NA,100,100,100,100,0,14.3,14.3,NA
Sidama,NA,Aleta Chuko  WoHO,ET160016,NA,55525.5663481832,2025-Wk16-27,0,0,0,100,100,0,NA,NA,0,100,0,0,0,NA,NA,100,100,100,100,0,14.3,14.3,NA
Sidama,NA,Aleta Chuko  WoHO,ET160016,NA,55525.5663481832,2025-Wk28-52,0,0,0,100,100,0,NA,NA,0,100,0,0,0,NA,NA,100,100,100,100,0,14.3,14.3,NA
Sidama,NA,Aleta Wondo  WoHO,ET160005,NA,208099.7410254571,2025-Wk03-15,0,0,0,100,100,0,NA,0,0,0,0,0,0,NA,NA,100,100,0,0,0,14.3,14.3,NA
Sidama,NA,Aleta Wondo  WoHO,ET160005,NA,208099.7410254571,2025-Wk16-27,0,0,0,100,100,0,NA,NA,0,0,0,0,0,NA,NA,100,100,0,0,0,14.3,14.3,NA
Sidama,NA,Aleta Wondo  WoHO,ET160005,NA,208099.7410254571,2025-Wk28-52,0,0,0,100,100,0,NA,NA,0,0,0,0,0,NA,NA,100,100,0,100,0,14.3,14.3,NA
Sidama,NA,Aleta Wondo  taHO,ET160021,NA,59868.28277624934,2025-Wk03-15,0,0,0,100,100,0,NA,0,0,0,0,0,0,NA,NA,100,100,0,0,0,1,0,NA
Sidama,NA,Aleta Wondo  taHO,ET160021,NA,59868.28277624934,2025-Wk16-27,0,0,0,100,100,0,NA,NA,0,0,0,0,0,NA,NA,100,100,0,0,0,100,0,NA
Sidama,NA,Aleta Wondo  taHO,ET160021,NA,59868.28277624934,2025-Wk28-52,0,0,0,100,100,0,0,NA,0,0,0,0,0,NA,NA,100,100,0,0,0,100,0,NA
Sidama,NA,Bensa  WoHO,ET160008,NA,210220.6272477277,2025-Wk03-15,0,0,0,100,100,0,NA,0,0,0,0,0,0,NA,NA,100,100,100,100,0,14.3,14.3,NA
Sidama,NA,Bensa  WoHO,ET160008,NA,210220.6272477277,2025-Wk16-27,0,0,0,100,100,0,NA,NA,0,0,0,0,0,NA,NA,100,100,100,100,0,16.7,16.7,NA
Sidama,NA,Bensa  WoHO,ET160008,NA,210220.6272477277,2025-Wk28-52,0,0,0,100,100,0,NA,NA,0,0,0,0,0,NA,NA,100,100,100,100,0,16.7,16.7,NA
Sidama,NA,Bona Zuria  WoHO,ET160017,NA,165402.5611309178,2025-Wk03-15,0,0,0,100,100,0,100,0,0,0,0,0,0,NA,NA,100,100,100,100,0,20,20,NA
Sidama,NA,Bona Zuria  WoHO,ET160017,NA,165402.5611309178,2025-Wk16-27,0,0,0,100,100,0,11.1,NA,0,0,0,0,0,NA,NA,100,100,100,100,0,16.7,16.7,NA
Sidama,NA,Bona Zuria  WoHO,ET160017,NA,165402.5611309178,2025-Wk28-52,0,0,0,100,100,0,40,NA,0,0,0,0,0,NA,NA,100,100,100,100,0,16.7,16.7,NA
Sidama,NA,Boricha  WoHO,ET160010,NA,135273.43846935293,2025-Wk16-27,0,0,100,100,100,100,NA,0,0,100,100,100,0,NA,NA,0,0,0,100,0,25,25,NA
Sidama,NA,Boricha  WoHO,ET160010,NA,135273.43846935293,2025-Wk28-52,0,0,0,100,100,0,NA,NA,0,100,100,1,0,NA,NA,100,100,100,100,0,25,25,NA
Sidama,NA,Borricha  WoHO,ET160010,NA,135273.43846935293,2025-Wk03-15,0,0,0,100,100,0,NA,0,0,100,0,0,0,NA,NA,0,0,0,0,0,33.3,0,NA
Sidama,NA,Burra Woreda,ET160024,NA,56377.74608278291,2025-Wk03-15,0,0,100,84.6,100,59.6,NA,100,0,0,0,0,100,NA,NA,0,0,0,0,0,50,0,NA
Sidama,NA,Burra Woreda,ET160024,NA,56377.74608278291,2025-Wk16-27,0,0,0,83.3,91.7,0,NA,NA,0,0,0,0,0,NA,NA,0,0,0,0,0,50,0,NA
Sidama,NA,Burra Woreda,ET160024,NA,56377.74608278291,2025-Wk28-52,0,0,0,92.3,92.3,0,NA,NA,0,0,0,0,0,NA,NA,100,100,0,0,0,50,0,NA
Sidama,NA,Bursa  WoHO,ET160015,NA,56377.74608278291,2025-Wk03-15,0,0,0,92.3,100,0,NA,0,0,0,0,0,0,NA,NA,0,0,0,0,0,33.3,0,NA
Sidama,NA,Bursa  WoHO,ET160015,NA,56377.74608278291,2025-Wk16-27,0,0,0,100,100,0,NA,NA,0,0,0,0,0,NA,NA,100,100,0,0,0,25,0,NA
Sidama,NA,Bursa  WoHO,ET160015,NA,56377.74608278291,2025-Wk28-52,0,0,0,92.3,100,0,20,NA,0,0,0,0,0,NA,NA,100,100,0,0,0,25,0,NA
Sidama,NA,Chabe  WoHO,ET160029,NA,88050.78040815503,2025-Wk03-15,0,0,0,100,100,0,NA,0,0,0,0,0,0,NA,NA,0,0,0,0,0,50,0,NA
Sidama,NA,Chabe  WoHO,ET160029,NA,88050.78040815503,2025-Wk16-27,0,0,0,100,100,0,NA,NA,0,0,0,0,0,NA,NA,0,0,0,0,0,50,0,NA
Sidama,NA,Chabe  WoHO,ET160029,NA,88050.78040815503,2025-Wk28-52,0,0,0,100,100,0,NA,NA,0,0,0,0,0,NA,NA,100,100,0,100,0,50,0,NA
Sidama,NA,Chire  WoHO,ET160014,NA,131792.46489011517,2025-Wk03-15,0,0,100,100,100,69,NA,100,0,0,0,0,100,NA,NA,0,0,0,0,0,33.3,0,NA
Sidama,NA,Chire  WoHO,ET160014,NA,131792.46489011517,2025-Wk16-27,0,0,0,100,100,0,NA,NA,0,0,0,0,0,NA,NA,0,0,0,0,0,25,0,NA
Sidama,NA,Chire  WoHO,ET160014,NA,131792.46489011517,2025-Wk28-52,0,0,0,100,100,0,0,NA,0,0,0,0,0,NA,NA,100,100,0,0,0,25,0,NA
Sidama,NA,Chirone Woreda,ET160027,NA,51683.319564751044,2025-Wk03-15,0,0,100,100,100,360,NA,100,0,0,0,0,100,NA,NA,0,0,0,0,0,100,0,NA
Sidama,NA,Chirone Woreda,ET160027,NA,51683.319564751044,2025-Wk16-27,0,0,0,100,100,0,NA,NA,0,0,0,0,0,NA,NA,0,0,0,0,0,100,0,NA
Sidama,NA,Chirone Woreda,ET160027,NA,51683.319564751044,2025-Wk28-52,0,0,0,100,100,0,NA,NA,0,0,0,0,0,NA,NA,100,100,0,0,0,100,0,NA
Sidama,NA,Daela Woreda,ET160034,NA,49927.95681966534,2025-Wk03-15,0,0,0,100,100,0,NA,0,0,0,0,0,0,NA,NA,0,0,0,0,0,100,0,NA
Sidama,NA,Daela Woreda,ET160034,NA,49927.95681966534,2025-Wk16-27,0,0,0,100,100,0,NA,NA,0,0,0,0,0,NA,NA,0,0,0,0,0,50,0,NA
Sidama,NA,Daela Woreda,ET160034,NA,49927.95681966534,2025-Wk28-52,0,0,0,100,100,0,NA,NA,0,0,0,0,0,NA,NA,100,100,0,0,0,50,0,NA
Sidama,NA,Dale  WoHO,ET160004,NA,113401.65600811817,2025-Wk03-15,0,0,0,100,100,0,NA,0,0,100,0,0,0,NA,NA,100,100,0,0,0,10,10,NA
Sidama,NA,Dale  WoHO,ET160004,NA,113401.65600811817,2025-Wk16-27,0,0,0,100,100,0,NA,NA,0,100,0,0,0,NA,NA,100,100,0,0,0,10,10,NA
Sidama,NA,Dale  WoHO,ET160004,NA,113401.65600811817,2025-Wk28-52,0,0,100,100,100,100,NA,100,100,100,100,100,0,NA,NA,100,100,0,0,0,10,10,NA
Sidama,NA,Dara  WoHO,ET160006,NA,129953.15925346663,2025-Wk03-15,0,0,100,100,100,242.9,NA,100,0,0,0,0,100,NA,NA,100,100,100,100,0,25,25,NA
Sidama,NA,Dara  WoHO,ET160006,NA,129953.15925346663,2025-Wk16-27,0,0,0,83.3,100,0,100,NA,0,0,0,0,0,NA,NA,100,100,100,100,0,20,20,NA
Sidama,NA,Dara  WoHO,ET160006,NA,129953.15925346663,2025-Wk28-52,0,0,0,92.3,100,0,66.7,NA,0,100,0,0,0,NA,NA,100,100,100,100,0,20,20,NA
Sidama,NA,Dara otlcho woreda,ET160025,NA,116613.67747271243,2025-Wk03-15,0,0,100,100,100,0,NA,100,0,0,0,0,100,NA,NA,100,100,0,0,0,33.3,33.3,NA
Sidama,NA,Dara otlcho woreda,ET160025,NA,116613.67747271243,2025-Wk16-27,0,0,0,100,100,0,NA,NA,0,0,0,0,0,NA,NA,100,100,0,100,0,33.3,33.3,NA
Sidama,NA,Dara otlcho woreda,ET160025,NA,116613.67747271243,2025-Wk28-52,0,0,0,100,100,0,NA,NA,0,0,0,0,0,NA,NA,100,100,0,100,0,33.3,33.3,NA
Sidama,NA,Darara Woreda,ET160033,NA,121766.07090547307,2025-Wk03-15,0,0,0,100,100,0,NA,0,0,100,0,0,0,NA,NA,100,100,0,0,0,33.3,0,NA
Sidama,NA,Darara Woreda,ET160033,NA,121766.07090547307,2025-Wk16-27,0,0,0,83.3,100,0,NA,NA,0,100,0,0,0,NA,NA,0,0,0,100,0,33.3,0,NA
Sidama,NA,Darara Woreda,ET160033,NA,121766.07090547307,2025-Wk28-52,0,0,0,92.3,100,0,NA,NA,0,100,0,0,0,NA,NA,100,100,0,100,0,33.3,0,NA
Sidama,NA,Daye  taHO,ET160030,NA,44395.16395425295,2025-Wk03-15,0,0,100,100,100,83.9,125,100,0,0,0,0,100,NA,NA,100,100,0,0,0,100,100,NA
Sidama,NA,Daye  taHO,ET160030,NA,44395.16395425295,2025-Wk16-27,0,0,0,100,100,0,15.4,NA,0,0,0,0,0,NA,NA,100,100,0,0,0,50,50,NA
Sidama,NA,Daye  taHO,ET160030,NA,44395.16395425295,2025-Wk28-52,0,0,0,100,100,0,28.6,NA,0,0,0,0,0,NA,NA,100,100,0,100,0,50,50,NA
Sidama,NA,Gorche  WoHO,ET160011,NA,137079.8044903249,2025-Wk03-15,0,0,0,100,100,0,NA,0,0,0,0,0,0,NA,NA,0,0,0,0,0,20,0,NA
Sidama,NA,Gorche  WoHO,ET160011,NA,137079.8044903249,2025-Wk16-27,0,0,0,100,100,0,NA,NA,0,0,0,0,0,NA,NA,0,0,0,0,0,20,0,NA
Sidama,NA,Gorche  WoHO,ET160011,NA,137079.8044903249,2025-Wk28-52,0,0,0,100,100,0,NA,NA,0,0,0,0,0,NA,NA,100,100,0,0,0,20,0,NA
Sidama,NA,Hawassa City,ET160018,NA,264168.217179932,2025-Wk03-15,0,0,0,100,100,0,45.9,0,0,100,0,0,0,NA,NA,100,100,100,100,0,16.7,16.7,NA
Sidama,NA,Hawassa City,ET160018,NA,264168.217179932,2025-Wk16-27,0,0,0,100,100,0,19,NA,0,100,0,0,0,NA,NA,100,100,100,100,0,11.1,11.1,NA
Sidama,NA,Hawassa City,ET160018,NA,264168.217179932,2025-Wk28-52,0,0,100,100,100,100,82.5,100,100,100,100,0,1,NA,NA,100,100,100,100,0,11.1,11.1,NA
Sidama,NA,Hawassa Zuria  WoHO,ET160002,NA,182791.49050339212,2025-Wk03-15,0,0,0,100,100,0,NA,0,0,100,0,0,0,NA,NA,100,100,0,0,0,25,25,NA
Sidama,NA,Hawassa Zuria  WoHO,ET160002,NA,182791.49050339212,2025-Wk16-27,0,0,0,100,100,0,0,NA,0,100,0,0,0,NA,NA,100,100,0,0,0,20,20,NA
Sidama,NA,Hawassa Zuria  WoHO,ET160002,NA,182791.49050339212,2025-Wk28-52,0,0,0,100,100,0,NA,NA,0,100,0,0,0,NA,NA,100,100,0,0,0,20,20,NA
Sidama,NA,Hawela  WoHO,ET160023,NA,113899.87816826395,2025-Wk03-15,0,0,0,100,100,0,NA,0,0,0,0,0,0,NA,NA,0,0,0,0,0,25,0,NA
Sidama,NA,Hawela  WoHO,ET160023,NA,113899.87816826395,2025-Wk16-27,0,0,0,100,100,0,NA,NA,0,0,0,0,0,NA,NA,0,0,0,0,0,25,0,NA
Sidama,NA,Hawela  WoHO,ET160023,NA,113899.87816826395,2025-Wk28-52,0,0,0,92.3,100,0,NA,NA,0,0,0,0,0,NA,NA,100,100,0,0,0,25,0,NA
Sidama,NA,Hooko Woreda,ET160031,NA,105428.0215299054,2025-Wk03-15,0,0,0,100,100,0,NA,0,0,0,0,0,0,NA,NA,0,0,0,0,0,33.3,0,NA
Sidama,NA,Hooko Woreda,ET160031,NA,105428.0215299054,2025-Wk16-27,0,0,0,100,100,0,NA,NA,0,0,0,0,0,NA,NA,0,0,0,0,0,33.3,0,NA
Sidama,NA,Hooko Woreda,ET160031,NA,105428.0215299054,2025-Wk28-52,0,0,0,92.3,96.2,0,0,NA,0,0,0,0,0,NA,NA,100,100,0,0,0,33.3,0,NA
Sidama,NA,Hulla  WoHO,ET160007,NA,105604.40785901208,2025-Wk03-15,0,0,0,100,100,0,0,0,0,0,0,0,0,NA,NA,100,100,0,0,0,33.3,33.3,NA
Sidama,NA,Hulla  WoHO,ET160007,NA,105604.40785901208,2025-Wk16-27,0,0,0,100,100,0,33.3,NA,0,0,0,0,0,NA,NA,100,100,0,0,0,25,25,NA
Sidama,NA,Hulla  WoHO,ET160007,NA,105604.40785901208,2025-Wk28-52,0,0,0,100,100,0,28.6,NA,0,0,0,0,0,NA,NA,100,100,0,0,0,25,25,NA
Sidama,NA,Leku  taHO,ET160022,NA,41996.94741935075,2025-Wk03-15,0,0,0,100,100,0,650,0,0,0,0,0,0,NA,NA,0,0,0,0,0,1,0,NA
Sidama,NA,Leku  taHO,ET160022,NA,41996.94741935075,2025-Wk16-27,0,0,0,83.3,91.7,0,0,NA,0,0,0,0,0,NA,NA,0,0,0,0,0,50,0,NA
Sidama,NA,Leku  taHO,ET160022,NA,41996.94741935075,2025-Wk28-52,0,0,0,100,92.3,0,60,NA,0,0,0,0,0,NA,NA,100,100,0,0,0,50,0,NA
Sidama,NA,Loka Abaya  WoHO,ET160037,NA,116789.00123357149,2025-Wk03-15,0,0,0,100,100,60,NA,0,0,100,0,0,100,NA,NA,100,100,0,0,0,20,0,NA
Sidama,NA,Loka Abaya  WoHO,ET160037,NA,116789.00123357149,2025-Wk16-27,0,0,0,100,100,0,0,NA,0,100,0,0,0,NA,NA,100,100,0,0,0,16.7,0,NA
Sidama,NA,Loka Abaya  WoHO,ET160037,NA,116789.00123357149,2025-Wk28-52,0,0,0,96.2,100,0,0,NA,0,100,0,0,0,NA,NA,100,100,0,0,0,16.7,0,NA
Sidama,NA,Melga  WoHO,ET160012,NA,162218.04409276898,2025-Wk03-15,0,0,0,92.3,100,0,NA,0,0,0,0,0,0,NA,NA,0,0,0,0,0,25,0,NA
Sidama,NA,Melga  WoHO,ET160012,NA,162218.04409276898,2025-Wk16-27,0,0,0,91.7,100,0,20,NA,0,0,0,0,0,NA,NA,0,0,0,0,0,20,0,NA
Sidama,NA,Melga  WoHO,ET160012,NA,162218.04409276898,2025-Wk28-52,0,0,0,96.2,100,0,66.7,NA,0,0,0,0,0,NA,NA,100,100,0,0,0,20,0,NA
Sidama,NA,Shafamo WoHO,ET160028,NA,73757.11234102855,2025-Wk03-15,0,0,0,84.6,100,0,NA,0,0,0,0,0,0,NA,NA,0,0,0,0,0,50,0,NA
Sidama,NA,Shafamo WoHO,ET160028,NA,73757.11234102855,2025-Wk16-27,0,0,0,75,91.7,0,NA,NA,0,0,0,0,0,NA,NA,0,0,0,0,0,50,0,NA
Sidama,NA,Shafamo WoHO,ET160028,NA,73757.11234102855,2025-Wk28-52,0,0,0,92.3,92.3,0,NA,NA,0,0,0,0,0,NA,NA,100,100,0,0,0,50,0,NA
Sidama,NA,Shebedino  WoHO,ET160001,NA,209063.490426058,2025-Wk03-15,0,0,0,100,100,0,NA,0,0,100,0,0,0,NA,NA,100,100,100,100,0,16.7,16.7,NA
Sidama,NA,Shebedino  WoHO,ET160001,NA,209063.490426058,2025-Wk16-27,0,0,0,100,100,0,NA,NA,0,100,0,0,0,NA,NA,100,100,100,100,0,16.7,16.7,NA
Sidama,NA,Shebedino  WoHO,ET160001,NA,209063.490426058,2025-Wk28-52,0,0,0,100,100,0,NA,NA,0,100,0,0,0,NA,NA,100,100,100,100,0,16.7,16.7,NA
Sidama,NA,Teticha woreda,ET160026,NA,82680.56048463011,2025-Wk03-15,0,0,0,100,100,0,NA,0,0,0,0,0,0,NA,NA,0,0,0,0,0,50,0,NA
Sidama,NA,Teticha woreda,ET160026,NA,82680.56048463011,2025-Wk16-27,0,0,0,100,100,0,NA,NA,0,0,0,0,0,NA,NA,0,0,0,0,0,50,0,NA
Sidama,NA,Teticha woreda,ET160026,NA,82680.56048463011,2025-Wk28-52,0,0,0,100,100,0,NA,NA,0,0,0,0,0,NA,NA,100,100,0,0,0,50,0,NA
Sidama,NA,Wensho  WoHO,ET160013,NA,132171.80175451929,2025-Wk03-15,0,0,0,100,100,0,NA,0,0,0,0,0,0,NA,NA,100,100,0,0,0,20,20,NA
Sidama,NA,Wensho  WoHO,ET160013,NA,132171.80175451929,2025-Wk16-27,0,0,0,100,100,0,NA,NA,0,0,0,0,0,NA,NA,100,100,0,0,0,20,20,NA
Sidama,NA,Wensho  WoHO,ET160013,NA,132171.80175451929,2025-Wk28-52,0,0,0,100,100,0,NA,NA,0,0,0,0,0,NA,NA,100,100,100,0,0,20,20,NA
Sidama,NA,Wondo Genet  Town,ET160036,NA,22143.92228062113,2025-Wk03-15,0,0,0,100,100,0,0,0,0,100,0,0,0,NA,NA,0,0,0,0,0,100,0,NA
Sidama,NA,Wondo Genet  Town,ET160036,NA,22143.92228062113,2025-Wk16-27,0,0,0,100,100,0,14.3,NA,0,100,0,0,0,NA,NA,0,0,0,0,0,100,0,NA
Sidama,NA,Wondo Genet  Town,ET160036,NA,22143.92228062113,2025-Wk28-52,0,0,0,100,100,0,100,NA,0,100,0,0,0,NA,NA,100,100,0,0,0,100,0,NA
Sidama,NA,Wondo Genet  WoHO,ET160019,NA,22143.92228062113,2025-Wk03-15,0,0,0,100,100,0,NA,0,0,100,0,0,0,NA,NA,100,100,0,0,0,33.3,33.3,NA
Sidama,NA,Wondo Genet  WoHO,ET160019,NA,22143.92228062113,2025-Wk16-27,0,0,0,100,100,0,NA,NA,0,100,0,0,0,NA,NA,100,100,0,100,0,33.3,33.3,NA
Sidama,NA,Wondo Genet  WoHO,ET160019,NA,22143.92228062113,2025-Wk28-52,0,0,0,100,100,0,NA,NA,0,100,0,0,0,NA,NA,100,100,0,100,0,33.3,33.3,NA
Sidama,NA,Yirgalem   taHO,ET160020,NA,88410.99104410179,2025-Wk03-15,0,0,0,100,100,0,NA,0,0,100,0,0,0,NA,NA,100,100,0,0,0,50,0,NA
Sidama,NA,Yirgalem   taHO,ET160020,NA,88410.99104410179,2025-Wk16-27,0,0,0,100,100,0,0,NA,0,100,0,0,0,NA,NA,100,100,0,0,0,33.3,33.3,NA
Sidama,NA,Yirgalem   taHO,ET160020,NA,88410.99104410179,2025-Wk28-52,0,0,0,92.3,100,0,125,NA,0,100,0,0,0,NA,NA,100,100,0,0,0,33.3,33.3,NA
Somali,Afder,Barey,ET050807,NA,121435.96777213739,2025-Wk03-15,NA,NA,NA,100,100,NA,NA,NA,NA,0,0,NA,NA,NA,NA,NA,NA,NA,NA,33.3,0,0,NA
Somali,Afder,Barey,ET050807,NA,121435.96777213739,2025-Wk16-27,NA,NA,NA,100,100,NA,NA,NA,NA,0,0,NA,NA,NA,NA,NA,NA,NA,NA,33.3,0,0,NA
Somali,Afder,Barey,ET050807,NA,121435.96777213739,2025-Wk28-52,NA,NA,NA,100,100,NA,NA,NA,NA,0,0,NA,NA,NA,NA,NA,NA,NA,NA,33.3,0,0,NA
Somali,Afder,Charati,ET050802,NA,142018.0017473123,2025-Wk03-15,NA,NA,NA,100,100,NA,NA,NA,NA,0,0,NA,NA,NA,NA,NA,NA,NA,NA,50,50,0,NA
Somali,Afder,Charati,ET050802,NA,142018.0017473123,2025-Wk16-27,NA,NA,NA,100,100,NA,NA,NA,NA,0,0,NA,NA,NA,NA,NA,NA,NA,NA,50,50,0,NA
Somali,Afder,Charati,ET050802,NA,142018.0017473123,2025-Wk28-52,NA,NA,NA,100,100,NA,NA,NA,NA,0,0,NA,NA,NA,NA,NA,NA,NA,NA,50,50,0,NA
Somali,Afder,Dolobay,ET050808,NA,130212.57750228564,2025-Wk03-15,NA,NA,NA,50,50,NA,NA,NA,NA,0,0,NA,NA,NA,NA,NA,NA,NA,NA,100,0,0,NA
Somali,Afder,Dolobay,ET050808,NA,130212.57750228564,2025-Wk16-27,NA,NA,NA,50,50,NA,NA,NA,NA,0,0,NA,NA,NA,NA,NA,NA,NA,NA,100,0,0,NA
Somali,Afder,Dolobay,ET050808,NA,130212.57750228564,2025-Wk28-52,NA,NA,NA,50,50,NA,NA,NA,NA,0,0,NA,NA,NA,NA,NA,NA,NA,NA,100,0,0,NA
Somali,Afder,Elkare/Serer,ET050804,NA,89713.02496541831,2025-Wk03-15,NA,NA,NA,66.7,66.7,NA,NA,NA,NA,0,0,NA,NA,NA,NA,NA,NA,NA,NA,50,0,0,NA
Somali,Afder,Elkare/Serer,ET050804,NA,89713.02496541831,2025-Wk16-27,NA,NA,NA,66.7,66.7,NA,NA,NA,NA,0,0,NA,NA,NA,NA,NA,NA,NA,NA,50,0,0,NA
Somali,Afder,Elkare/Serer,ET050804,NA,89713.02496541831,2025-Wk28-52,NA,NA,NA,66.7,66.7,NA,NA,NA,NA,0,0,NA,NA,NA,NA,NA,NA,NA,NA,50,0,0,NA
Somali,Afder,God-God,ET050899,NA,24498.41881438416,2025-Wk03-15,NA,NA,NA,66.7,100,NA,NA,NA,NA,0,0,NA,NA,NA,NA,NA,NA,NA,NA,33.3,33.3,0,NA
Somali,Afder,God-God,ET050899,NA,24498.41881438416,2025-Wk16-27,NA,NA,NA,66.7,100,NA,NA,NA,NA,0,0,NA,NA,NA,NA,NA,NA,NA,NA,33.3,33.3,0,NA
Somali,Afder,God-God,ET050899,NA,24498.41881438416,2025-Wk28-52,NA,NA,NA,66.7,100,NA,NA,NA,NA,0,0,NA,NA,NA,NA,NA,NA,NA,NA,33.3,33.3,0,NA
Somali,Afder,Hargele,ET050806,NA,122542.18509646878,2025-Wk03-15,NA,NA,NA,50,50,NA,NA,NA,NA,100,0,NA,NA,NA,NA,NA,NA,NA,NA,100,0,0,NA
Somali,Afder,Hargele,ET050806,NA,122542.18509646878,2025-Wk16-27,NA,NA,NA,50,50,NA,NA,NA,NA,100,0,NA,NA,NA,NA,NA,NA,NA,NA,100,0,0,NA
Somali,Afder,Hargele,ET050806,NA,122542.18509646878,2025-Wk28-52,NA,NA,NA,50,50,NA,NA,NA,NA,100,0,NA,NA,NA,NA,NA,NA,NA,NA,100,0,0,NA
Somali,Afder,Hargele Hosp.,ET050806,NA,122542.18509646878,2025-Wk03-15,NA,NA,NA,100,100,NA,100,NA,NA,100,0,NA,NA,NA,NA,NA,NA,NA,NA,100,100,0,NA
Somali,Afder,Hargele Hosp.,ET050806,NA,122542.18509646878,2025-Wk16-27,NA,NA,NA,100,100,NA,100,NA,NA,100,0,NA,NA,NA,NA,NA,NA,NA,NA,100,100,0,NA
Somali,Afder,Hargele Hosp.,ET050806,NA,122542.18509646878,2025-Wk28-52,NA,NA,NA,100,100,NA,100,NA,NA,100,0,NA,NA,NA,NA,NA,NA,NA,NA,100,100,0,NA
Somali,Afder,Kohle,ET050898,NA,22291.098016336397,2025-Wk03-15,NA,NA,NA,50,50,NA,NA,NA,NA,0,0,NA,NA,NA,NA,NA,NA,NA,NA,100,0,0,NA
Somali,Afder,Kohle,ET050898,NA,22291.098016336397,2025-Wk16-27,NA,NA,NA,50,50,NA,NA,NA,NA,0,0,NA,NA,NA,NA,NA,NA,NA,NA,100,0,0,NA
Somali,Afder,Kohle,ET050898,NA,22291.098016336397,2025-Wk28-52,NA,NA,NA,50,50,NA,NA,NA,NA,0,0,NA,NA,NA,NA,NA,NA,NA,NA,100,0,0,NA
Somali,Afder,Raso,ET050809,NA,48982.82872048457,2025-Wk03-15,NA,NA,NA,100,100,NA,NA,NA,NA,100,0,NA,NA,NA,NA,NA,NA,NA,NA,50,50,0,NA
Somali,Afder,Raso,ET050809,NA,48982.82872048457,2025-Wk16-27,NA,NA,NA,100,100,NA,NA,NA,NA,100,0,NA,NA,NA,NA,NA,NA,NA,NA,50,50,0,NA
Somali,Afder,Raso,ET050809,NA,48982.82872048457,2025-Wk28-52,NA,NA,NA,100,100,NA,NA,NA,NA,100,0,NA,NA,NA,NA,NA,NA,NA,NA,50,50,0,NA
Somali,Afder,Raso Hosp,ET050809,NA,48982.82872048457,2025-Wk03-15,NA,NA,NA,100,100,NA,NA,NA,NA,0,0,NA,NA,NA,NA,NA,NA,NA,NA,100,0,0,NA
Somali,Afder,Raso Hosp,ET050809,NA,48982.82872048457,2025-Wk16-27,NA,NA,NA,100,100,NA,NA,NA,NA,0,0,NA,NA,NA,NA,NA,NA,NA,NA,100,0,0,NA
Somali,Afder,Raso Hosp,ET050809,NA,48982.82872048457,2025-Wk28-52,NA,NA,NA,100,100,NA,NA,NA,NA,0,0,NA,NA,NA,NA,NA,NA,NA,NA,100,0,0,NA
Somali,Afder,West Imi,ET050805,NA,74898.87089697547,2025-Wk03-15,NA,NA,NA,100,100,NA,NA,NA,NA,0,0,NA,NA,NA,NA,NA,NA,NA,NA,33.3,0,0,NA
Somali,Afder,West Imi,ET050805,NA,74898.87089697547,2025-Wk16-27,NA,NA,NA,100,100,NA,NA,NA,NA,0,0,NA,NA,NA,NA,NA,NA,NA,NA,33.3,0,0,NA
Somali,Afder,West Imi,ET050805,NA,74898.87089697547,2025-Wk28-52,NA,NA,NA,100,100,NA,NA,NA,NA,0,0,NA,NA,NA,NA,NA,NA,NA,NA,33.3,0,0,NA
Somali,Daawa,Hudet,ET051104,NA,67415.59155945231,2025-Wk03-15,NA,NA,NA,100,100,NA,NA,NA,NA,0,0,NA,NA,NA,NA,NA,NA,NA,NA,33.3,0,0,NA
Somali,Daawa,Hudet,ET051104,NA,67415.59155945231,2025-Wk16-27,NA,NA,NA,100,100,NA,NA,NA,NA,0,0,NA,NA,NA,NA,NA,NA,NA,NA,33.3,0,0,NA
Somali,Daawa,Hudet,ET051104,NA,67415.59155945231,2025-Wk28-52,NA,NA,NA,100,100,NA,NA,NA,NA,0,0,NA,NA,NA,NA,NA,NA,NA,NA,33.3,0,0,NA
Somali,Daawa,Lehey Hospital,ET051103,NA,277851.9527051583,2025-Wk03-15,NA,NA,NA,100,100,NA,NA,NA,NA,100,0,NA,NA,NA,NA,NA,NA,NA,NA,50,50,0,NA
Somali,Daawa,Lehey Hospital,ET051103,NA,277851.9527051583,2025-Wk16-27,NA,NA,NA,100,100,NA,NA,NA,NA,100,0,NA,NA,NA,NA,NA,NA,NA,NA,50,50,0,NA
Somali,Daawa,Lehey Hospital,ET051103,NA,277851.9527051583,2025-Wk28-52,NA,NA,NA,100,100,NA,NA,NA,NA,100,0,NA,NA,NA,NA,NA,NA,NA,NA,50,50,0,NA
Somali,Daawa,Moyale (SM),ET051103,NA,277851.9527051583,2025-Wk03-15,NA,NA,NA,100,100,NA,NA,NA,NA,0,0,NA,NA,NA,NA,NA,NA,NA,NA,50,50,0,NA
Somali,Daawa,Moyale (SM),ET051103,NA,277851.9527051583,2025-Wk16-27,NA,NA,NA,100,100,NA,NA,NA,NA,0,0,NA,NA,NA,NA,NA,NA,NA,NA,50,50,0,NA
Somali,Daawa,Moyale (SM),ET051103,NA,277851.9527051583,2025-Wk28-52,NA,NA,NA,100,100,NA,NA,NA,NA,0,0,NA,NA,NA,NA,NA,NA,NA,NA,50,50,0,NA
Somali,Daawa,Mubarek,ET051187,NA,78325.33381305223,2025-Wk03-15,NA,NA,NA,100,100,NA,NA,NA,NA,100,0,NA,NA,NA,NA,NA,NA,NA,NA,100,100,0,NA
Somali,Daawa,Mubarek,ET051187,NA,78325.33381305223,2025-Wk16-27,NA,NA,NA,100,100,NA,NA,NA,NA,100,0,NA,NA,NA,NA,NA,NA,NA,NA,100,100,0,NA
Somali,Daawa,Mubarek,ET051187,NA,78325.33381305223,2025-Wk28-52,NA,NA,NA,100,100,NA,NA,NA,NA,100,0,NA,NA,NA,NA,NA,NA,NA,NA,100,100,0,NA
Somali,Daawa,Qade Duma,ET051198,NA,34206.367259875326,2025-Wk03-15,NA,NA,NA,100,100,NA,NA,NA,NA,0,0,NA,NA,NA,NA,NA,NA,NA,NA,33.3,33.3,0,NA
Somali,Daawa,Qade Duma,ET051198,NA,34206.367259875326,2025-Wk16-27,NA,NA,NA,100,100,NA,NA,NA,NA,0,0,NA,NA,NA,NA,NA,NA,NA,NA,33.3,33.3,0,NA
Somali,Daawa,Qade Duma,ET051198,NA,34206.367259875326,2025-Wk28-52,NA,NA,NA,100,100,NA,NA,NA,NA,0,0,NA,NA,NA,NA,NA,NA,NA,NA,33.3,33.3,0,NA
Somali,Doolo,Bokh,ET050702,NA,133072.88158062258,2025-Wk03-15,NA,NA,NA,100,100,NA,NA,NA,NA,100,0,NA,NA,NA,NA,NA,NA,NA,NA,33.3,33.3,0,NA
Somali,Doolo,Bokh,ET050702,NA,133072.88158062258,2025-Wk16-27,NA,NA,NA,100,100,NA,NA,NA,NA,100,0,NA,NA,NA,NA,NA,NA,NA,NA,33.3,33.3,0,NA
Somali,Doolo,Bokh,ET050702,NA,133072.88158062258,2025-Wk28-52,NA,NA,NA,100,100,NA,NA,NA,NA,100,0,NA,NA,NA,NA,NA,NA,NA,NA,33.3,33.3,0,NA
Somali,Doolo,Danod,ET050701,NA,20045.279364670365,2025-Wk03-15,NA,NA,NA,100,100,NA,NA,NA,NA,0,0,NA,NA,NA,NA,NA,NA,NA,NA,50,50,0,NA
Somali,Doolo,Danod,ET050701,NA,20045.279364670365,2025-Wk16-27,NA,NA,NA,100,100,NA,NA,NA,NA,0,0,NA,NA,NA,NA,NA,NA,NA,NA,50,50,0,NA
Somali,Doolo,Danod,ET050701,NA,20045.279364670365,2025-Wk28-52,NA,NA,NA,100,100,NA,NA,NA,NA,0,0,NA,NA,NA,NA,NA,NA,NA,NA,50,50,0,NA
Somali,Doolo,Daratole,ET050788,NA,38315.27597848163,2025-Wk03-15,NA,NA,NA,100,100,NA,NA,NA,NA,100,0,NA,NA,NA,NA,NA,NA,NA,NA,100,0,0,NA
Somali,Doolo,Daratole,ET050788,NA,38315.27597848163,2025-Wk16-27,NA,NA,NA,100,100,NA,NA,NA,NA,100,0,NA,NA,NA,NA,NA,NA,NA,NA,100,0,0,NA
Somali,Doolo,Daratole,ET050788,NA,38315.27597848163,2025-Wk28-52,NA,NA,NA,100,100,NA,NA,NA,NA,100,0,NA,NA,NA,NA,NA,NA,NA,NA,100,0,0,NA
Somali,Doolo,Galadi,ET050703,NA,151506.6865023705,2025-Wk03-15,NA,NA,NA,100,100,NA,NA,NA,NA,0,0,NA,NA,NA,NA,NA,NA,NA,NA,50,0,0,NA
Somali,Doolo,Galadi,ET050703,NA,151506.6865023705,2025-Wk16-27,NA,NA,NA,100,100,NA,NA,NA,NA,0,0,NA,NA,NA,NA,NA,NA,NA,NA,50,0,0,NA
Somali,Doolo,Galadi,ET050703,NA,151506.6865023705,2025-Wk28-52,NA,NA,NA,100,100,NA,NA,NA,NA,0,0,NA,NA,NA,NA,NA,NA,NA,NA,50,0,0,NA
Somali,Doolo,Galhamur,ET050799,NA,41603.97081427677,2025-Wk03-15,NA,NA,NA,100,100,NA,NA,NA,NA,100,0,NA,NA,NA,NA,NA,NA,NA,NA,50,0,0,NA
Somali,Doolo,Galhamur,ET050799,NA,41603.97081427677,2025-Wk16-27,NA,NA,NA,100,100,NA,NA,NA,NA,100,0,NA,NA,NA,NA,NA,NA,NA,NA,50,0,0,NA
Somali,Doolo,Galhamur,ET050799,NA,41603.97081427677,2025-Wk28-52,NA,NA,NA,100,100,NA,NA,NA,NA,100,0,NA,NA,NA,NA,NA,NA,NA,NA,50,0,0,NA
Somali,Doolo,Lehel-Yucub,ET050798,NA,29312.130747894957,2025-Wk03-15,NA,NA,NA,100,100,NA,NA,NA,NA,100,0,NA,NA,NA,NA,NA,NA,NA,NA,50,50,0,NA
Somali,Doolo,Lehel-Yucub,ET050798,NA,29312.130747894957,2025-Wk16-27,NA,NA,NA,100,100,NA,NA,NA,NA,100,0,NA,NA,NA,NA,NA,NA,NA,NA,50,50,0,NA
Somali,Doolo,Lehel-Yucub,ET050798,NA,29312.130747894957,2025-Wk28-52,NA,NA,NA,100,100,NA,NA,NA,NA,100,0,NA,NA,NA,NA,NA,NA,NA,NA,50,50,0,NA
Somali,Doolo,Warder,ET050704,NA,28786.435510836345,2025-Wk03-15,NA,NA,NA,66.7,66.7,NA,NA,NA,NA,100,0,NA,NA,NA,NA,NA,NA,NA,NA,33.3,0,0,NA
Somali,Doolo,Warder,ET050704,NA,28786.435510836345,2025-Wk16-27,NA,NA,NA,66.7,66.7,NA,NA,NA,NA,100,0,NA,NA,NA,NA,NA,NA,NA,NA,33.3,0,0,NA
Somali,Doolo,Warder,ET050704,NA,28786.435510836345,2025-Wk28-52,NA,NA,NA,66.7,66.7,NA,NA,NA,NA,100,0,NA,NA,NA,NA,NA,NA,NA,NA,33.3,0,0,NA
Somali,Doolo,Wardher Hosp.,ET050704,NA,28786.435510836345,2025-Wk03-15,NA,NA,NA,100,100,NA,NA,NA,NA,0,0,NA,NA,NA,NA,NA,NA,NA,NA,100,0,0,NA
Somali,Doolo,Wardher Hosp.,ET050704,NA,28786.435510836345,2025-Wk16-27,NA,NA,NA,100,100,NA,NA,NA,NA,0,0,NA,NA,NA,NA,NA,NA,NA,NA,100,0,0,NA
Somali,Doolo,Wardher Hosp.,ET050704,NA,28786.435510836345,2025-Wk28-52,NA,NA,NA,100,100,NA,NA,NA,NA,0,0,NA,NA,NA,NA,NA,NA,NA,NA,100,0,0,NA
Somali,Erer,Fik,ET050402,NA,87581.71700107583,2025-Wk03-15,NA,NA,NA,150,100,NA,NA,NA,NA,100,0,NA,NA,NA,NA,NA,NA,NA,NA,33.3,33.3,0,NA
Somali,Erer,Fik,ET050402,NA,87581.71700107583,2025-Wk16-27,NA,NA,NA,150,100,NA,NA,NA,NA,100,0,NA,NA,NA,NA,NA,NA,NA,NA,33.3,33.3,0,NA
Somali,Erer,Fik,ET050402,NA,87581.71700107583,2025-Wk28-52,NA,NA,NA,150,100,NA,NA,NA,NA,100,0,NA,NA,NA,NA,NA,NA,NA,NA,33.3,33.3,0,NA
Somali,Erer,Fik Hosp.,ET050402,NA,87581.71700107583,2025-Wk03-15,NA,NA,NA,50,50,NA,NA,NA,NA,0,0,NA,NA,NA,NA,NA,NA,NA,NA,50,0,0,NA
Somali,Erer,Fik Hosp.,ET050402,NA,87581.71700107583,2025-Wk16-27,NA,NA,NA,50,50,NA,NA,NA,NA,0,0,NA,NA,NA,NA,NA,NA,NA,NA,50,0,0,NA
Somali,Erer,Fik Hosp.,ET050402,NA,87581.71700107583,2025-Wk28-52,NA,NA,NA,50,50,NA,NA,NA,NA,0,0,NA,NA,NA,NA,NA,NA,NA,NA,50,0,0,NA
Somali,Erer,Hamaro,ET050404,NA,70687.83806591017,2025-Wk03-15,NA,NA,NA,100,100,NA,NA,NA,NA,100,0,NA,NA,NA,NA,NA,NA,NA,NA,50,50,0,NA
Somali,Erer,Hamaro,ET050404,NA,70687.83806591017,2025-Wk16-27,NA,NA,NA,100,100,NA,NA,NA,NA,100,0,NA,NA,NA,NA,NA,NA,NA,NA,50,50,0,NA
Somali,Erer,Hamaro,ET050404,NA,70687.83806591017,2025-Wk28-52,NA,NA,NA,100,100,NA,NA,NA,NA,100,0,NA,NA,NA,NA,NA,NA,NA,NA,50,50,0,NA
Somali,Erer,Lagahida,ET050407,NA,27895.02842717835,2025-Wk03-15,NA,NA,NA,50,50,NA,NA,NA,NA,100,0,NA,NA,NA,NA,NA,NA,NA,NA,50,50,0,NA
Somali,Erer,Lagahida,ET050407,NA,27895.02842717835,2025-Wk16-27,NA,NA,NA,50,50,NA,NA,NA,NA,100,0,NA,NA,NA,NA,NA,NA,NA,NA,50,50,0,NA
Somali,Erer,Lagahida,ET050407,NA,27895.02842717835,2025-Wk28-52,NA,NA,NA,50,50,NA,NA,NA,NA,100,0,NA,NA,NA,NA,NA,NA,NA,NA,50,50,0,NA
Somali,Erer,Mayumuluka,ET041018,NA,70804.11221270022,2025-Wk03-15,NA,NA,NA,100,50,NA,NA,NA,NA,100,0,NA,NA,NA,NA,NA,NA,NA,NA,50,50,0,NA
Somali,Erer,Mayumuluka,ET041018,NA,70804.11221270022,2025-Wk16-27,NA,NA,NA,100,50,NA,NA,NA,NA,100,0,NA,NA,NA,NA,NA,NA,NA,NA,50,50,0,NA
Somali,Erer,Mayumuluka,ET041018,NA,70804.11221270022,2025-Wk28-52,NA,NA,NA,100,50,NA,NA,NA,NA,100,0,NA,NA,NA,NA,NA,NA,NA,NA,50,50,0,NA
Somali,Erer,Qubi,ET050497,NA,53453.58884266346,2025-Wk03-15,NA,NA,NA,33.3,50,NA,NA,NA,NA,100,0,NA,NA,NA,NA,NA,NA,NA,NA,50,50,0,NA
Somali,Erer,Qubi,ET050497,NA,53453.58884266346,2025-Wk16-27,NA,NA,NA,33.3,50,NA,NA,NA,NA,100,0,NA,NA,NA,NA,NA,NA,NA,NA,50,50,0,NA
Somali,Erer,Qubi,ET050497,NA,53453.58884266346,2025-Wk28-52,NA,NA,NA,33.3,50,NA,NA,NA,NA,100,0,NA,NA,NA,NA,NA,NA,NA,NA,50,50,0,NA
Somali,Erer,Salahad,ET050403,NA,37927.017249910714,2025-Wk03-15,NA,NA,NA,33.3,50,NA,NA,NA,NA,100,0,NA,NA,NA,NA,NA,NA,NA,NA,50,50,0,NA
Somali,Erer,Salahad,ET050403,NA,37927.017249910714,2025-Wk16-27,NA,NA,NA,33.3,50,NA,NA,NA,NA,100,0,NA,NA,NA,NA,NA,NA,NA,NA,50,50,0,NA
Somali,Erer,Salahad,ET050403,NA,37927.017249910714,2025-Wk28-52,NA,NA,NA,33.3,50,NA,NA,NA,NA,100,0,NA,NA,NA,NA,NA,NA,NA,NA,50,50,0,NA
Somali,Erer,Wangay,ET050499,NA,18412.892215045358,2025-Wk03-15,NA,NA,NA,50,50,NA,NA,NA,NA,100,0,NA,NA,NA,NA,NA,NA,NA,NA,50,50,0,NA
Somali,Erer,Wangay,ET050499,NA,18412.892215045358,2025-Wk16-27,NA,NA,NA,50,50,NA,NA,NA,NA,100,0,NA,NA,NA,NA,NA,NA,NA,NA,50,50,0,NA
Somali,Erer,Wangay,ET050499,NA,18412.892215045358,2025-Wk28-52,NA,NA,NA,50,50,NA,NA,NA,NA,100,0,NA,NA,NA,NA,NA,NA,NA,NA,50,50,0,NA
Somali,Erer,Yohob,ET050498,NA,21965.447147525676,2025-Wk03-15,NA,NA,NA,100,50,NA,NA,NA,NA,0,0,NA,NA,NA,NA,NA,NA,NA,NA,50,0,0,NA
Somali,Erer,Yohob,ET050498,NA,21965.447147525676,2025-Wk16-27,NA,NA,NA,100,50,NA,NA,NA,NA,0,0,NA,NA,NA,NA,NA,NA,NA,NA,50,0,0,NA
Somali,Erer,Yohob,ET050498,NA,21965.447147525676,2025-Wk28-52,NA,NA,NA,100,50,NA,NA,NA,NA,0,0,NA,NA,NA,NA,NA,NA,NA,NA,50,0,0,NA
Somali,Fafan,Aw-Bare,ET050205,NA,409648.5434007384,2025-Wk03-15,NA,NA,NA,50,50,NA,NA,NA,NA,0,0,NA,NA,NA,NA,NA,NA,NA,NA,50,0,0,NA
Somali,Fafan,Aw-Bare,ET050205,NA,409648.5434007384,2025-Wk16-27,NA,NA,NA,50,50,NA,NA,NA,NA,0,0,NA,NA,NA,NA,NA,NA,NA,NA,50,0,0,NA
Somali,Fafan,Aw-Bare,ET050205,NA,409648.5434007384,2025-Wk28-52,NA,NA,NA,50,50,NA,NA,NA,NA,0,0,NA,NA,NA,NA,NA,NA,NA,NA,50,0,0,NA
Somali,Fafan,Babile (SM),ET050203,NA,119749.99533803698,2025-Wk03-15,NA,NA,NA,33.3,50,NA,NA,NA,NA,0,0,NA,NA,NA,NA,NA,NA,NA,NA,50,0,0,NA
Somali,Fafan,Babile (SM),ET050203,NA,119749.99533803698,2025-Wk16-27,NA,NA,NA,33.3,50,NA,NA,NA,NA,0,0,NA,NA,NA,NA,NA,NA,NA,NA,50,0,0,NA
Somali,Fafan,Babile (SM),ET050203,NA,119749.99533803698,2025-Wk28-52,NA,NA,NA,33.3,50,NA,NA,NA,NA,0,0,NA,NA,NA,NA,NA,NA,NA,NA,50,0,0,NA
Somali,Fafan,Goljano,ET050290,NA,65917.65677217199,2025-Wk03-15,NA,NA,NA,50,50,NA,NA,NA,NA,0,0,NA,NA,NA,NA,NA,NA,NA,NA,50,0,0,NA
Somali,Fafan,Goljano,ET050290,NA,65917.65677217199,2025-Wk16-27,NA,NA,NA,50,50,NA,NA,NA,NA,0,0,NA,NA,NA,NA,NA,NA,NA,NA,50,0,0,NA
Somali,Fafan,Goljano,ET050290,NA,65917.65677217199,2025-Wk28-52,NA,NA,NA,50,50,NA,NA,NA,NA,0,0,NA,NA,NA,NA,NA,NA,NA,NA,50,0,0,NA
Somali,Fafan,Gursum (SM),ET050202,NA,44167.03,2025-Wk03-15,NA,NA,NA,33.3,50,NA,NA,NA,NA,0,0,NA,NA,NA,NA,NA,NA,NA,NA,50,0,0,NA
Somali,Fafan,Gursum (SM),ET050202,NA,44167.03,2025-Wk16-27,NA,NA,NA,33.3,50,NA,NA,NA,NA,0,0,NA,NA,NA,NA,NA,NA,NA,NA,50,0,0,NA
Somali,Fafan,Gursum (SM),ET050202,NA,44167.03,2025-Wk28-52,NA,NA,NA,33.3,50,NA,NA,NA,NA,0,0,NA,NA,NA,NA,NA,NA,NA,NA,50,0,0,NA
Somali,Fafan,Harawo,ET050299,NA,36991.57032693989,2025-Wk03-15,NA,NA,NA,100,50,NA,NA,NA,NA,100,0,NA,NA,NA,NA,NA,NA,NA,NA,50,50,0,NA
Somali,Fafan,Harawo,ET050299,NA,36991.57032693989,2025-Wk16-27,NA,NA,NA,100,50,NA,NA,NA,NA,100,0,NA,NA,NA,NA,NA,NA,NA,NA,50,50,0,NA
Somali,Fafan,Harawo,ET050299,NA,36991.57032693989,2025-Wk28-52,NA,NA,NA,100,50,NA,NA,NA,NA,100,0,NA,NA,NA,NA,NA,NA,NA,NA,50,50,0,NA
Somali,Fafan,Haroreys,ET050298,NA,47408,2025-Wk03-15,NA,NA,NA,50,50,NA,NA,NA,NA,100,0,NA,NA,NA,NA,NA,NA,NA,NA,50,50,0,NA
Somali,Fafan,Haroreys,ET050298,NA,47408,2025-Wk16-27,NA,NA,NA,50,50,NA,NA,NA,NA,100,0,NA,NA,NA,NA,NA,NA,NA,NA,50,50,0,NA
Somali,Fafan,Haroreys,ET050298,NA,47408,2025-Wk28-52,NA,NA,NA,50,50,NA,NA,NA,NA,100,0,NA,NA,NA,NA,NA,NA,NA,NA,50,50,0,NA
Somali,Fafan,Harshin,ET050207,NA,124214.37270318725,2025-Wk03-15,NA,NA,NA,33.3,50,NA,NA,NA,NA,0,0,NA,NA,NA,NA,NA,NA,NA,NA,50,0,0,NA
Somali,Fafan,Harshin,ET050207,NA,124214.37270318725,2025-Wk16-27,NA,NA,NA,33.3,50,NA,NA,NA,NA,0,0,NA,NA,NA,NA,NA,NA,NA,NA,50,0,0,NA
Somali,Fafan,Harshin,ET050207,NA,124214.37270318725,2025-Wk28-52,NA,NA,NA,33.3,50,NA,NA,NA,NA,0,0,NA,NA,NA,NA,NA,NA,NA,NA,50,0,0,NA
Somali,Fafan,Jigjiga Referal Hosp.,ET050293,NA,182922.4744953837,2025-Wk03-15,NA,NA,NA,100,50,NA,NA,NA,NA,100,0,NA,NA,NA,NA,NA,NA,NA,NA,50,0,0,NA
Somali,Fafan,Jigjiga Referal Hosp.,ET050293,NA,182922.4744953837,2025-Wk16-27,NA,NA,NA,100,50,NA,NA,NA,NA,100,0,NA,NA,NA,NA,NA,NA,NA,NA,50,0,0,NA
Somali,Fafan,Jigjiga Referal Hosp.,ET050293,NA,182922.4744953837,2025-Wk28-52,NA,NA,NA,100,50,NA,NA,NA,NA,100,0,NA,NA,NA,NA,NA,NA,NA,NA,50,0,0,NA
Somali,Fafan,Jijiga Primary Hospital,ET050293,NA,182922.4744953837,2025-Wk03-15,NA,NA,NA,100,50,NA,NA,NA,NA,100,0,NA,NA,NA,NA,NA,NA,NA,NA,50,50,0,NA
Somali,Fafan,Jijiga Primary Hospital,ET050293,NA,182922.4744953837,2025-Wk16-27,NA,NA,NA,100,50,NA,NA,NA,NA,100,0,NA,NA,NA,NA,NA,NA,NA,NA,50,50,0,NA
Somali,Fafan,Jijiga Primary Hospital,ET050293,NA,182922.4744953837,2025-Wk28-52,NA,NA,NA,100,50,NA,NA,NA,NA,100,0,NA,NA,NA,NA,NA,NA,NA,NA,50,50,0,NA
Somali,Fafan,Jijiga city,ET050293,NA,182922.4744953837,2025-Wk03-15,NA,NA,NA,50,50,NA,NA,NA,NA,0,0,NA,NA,NA,NA,NA,NA,NA,NA,50,0,0,NA
Somali,Fafan,Jijiga city,ET050293,NA,182922.4744953837,2025-Wk16-27,NA,NA,NA,50,50,NA,NA,NA,NA,0,0,NA,NA,NA,NA,NA,NA,NA,NA,50,0,0,NA
Somali,Fafan,Jijiga city,ET050293,NA,182922.4744953837,2025-Wk28-52,NA,NA,NA,50,50,NA,NA,NA,NA,0,0,NA,NA,NA,NA,NA,NA,NA,NA,50,0,0,NA
Somali,Fafan,Kabribeyah Rural,ET050206,NA,143519.6667172717,2025-Wk03-15,NA,NA,NA,100,50,NA,NA,NA,NA,100,0,NA,NA,NA,NA,NA,NA,NA,NA,50,0,0,NA
Somali,Fafan,Kabribeyah Rural,ET050206,NA,143519.6667172717,2025-Wk16-27,NA,NA,NA,100,50,NA,NA,NA,NA,100,0,NA,NA,NA,NA,NA,NA,NA,NA,50,0,0,NA
Somali,Fafan,Kabribeyah Rural,ET050206,NA,143519.6667172717,2025-Wk28-52,NA,NA,NA,100,50,NA,NA,NA,NA,100,0,NA,NA,NA,NA,NA,NA,NA,NA,50,0,0,NA
Somali,Fafan,Karamara Hosp.,ET050293,NA,182922.4744953837,2025-Wk03-15,NA,NA,NA,100,50,NA,NA,NA,NA,100,0,NA,NA,NA,NA,NA,NA,NA,NA,50,0,0,NA
Somali,Fafan,Karamara Hosp.,ET050293,NA,182922.4744953837,2025-Wk16-27,NA,NA,NA,100,50,NA,NA,NA,NA,100,0,NA,NA,NA,NA,NA,NA,NA,NA,50,0,0,NA
Somali,Fafan,Karamara Hosp.,ET050293,NA,182922.4744953837,2025-Wk28-52,NA,NA,NA,100,50,NA,NA,NA,NA,100,0,NA,NA,NA,NA,NA,NA,NA,NA,50,0,0,NA
Somali,Fafan,Kebribayah town,ET050296,NA,20315.877473877354,2025-Wk03-15,NA,NA,NA,100,50,NA,NA,NA,NA,100,0,NA,NA,NA,NA,NA,NA,NA,NA,50,50,0,NA
Somali,Fafan,Kebribayah town,ET050296,NA,20315.877473877354,2025-Wk16-27,NA,NA,NA,100,50,NA,NA,NA,NA,100,0,NA,NA,NA,NA,NA,NA,NA,NA,50,50,0,NA
Somali,Fafan,Kebribayah town,ET050296,NA,20315.877473877354,2025-Wk28-52,NA,NA,NA,100,50,NA,NA,NA,NA,100,0,NA,NA,NA,NA,NA,NA,NA,NA,50,50,0,NA
Somali,Fafan,Koran/Mulla,ET050297,NA,25570.98,2025-Wk03-15,NA,NA,NA,100,50,NA,NA,NA,NA,100,0,NA,NA,NA,NA,NA,NA,NA,NA,50,50,0,NA
Somali,Fafan,Koran/Mulla,ET050297,NA,25570.98,2025-Wk16-27,NA,NA,NA,100,50,NA,NA,NA,NA,100,0,NA,NA,NA,NA,NA,NA,NA,NA,50,50,0,NA
Somali,Fafan,Koran/Mulla,ET050297,NA,25570.98,2025-Wk28-52,NA,NA,NA,100,50,NA,NA,NA,NA,100,0,NA,NA,NA,NA,NA,NA,NA,NA,50,50,0,NA
Somali,Fafan,Shabelely,ET050204,NA,113843.33987954863,2025-Wk03-15,NA,NA,NA,33.3,50,NA,NA,NA,NA,0,0,NA,NA,NA,NA,NA,NA,NA,NA,50,0,0,NA
Somali,Fafan,Shabelely,ET050204,NA,113843.33987954863,2025-Wk16-27,NA,NA,NA,33.3,50,NA,NA,NA,NA,0,0,NA,NA,NA,NA,NA,NA,NA,NA,50,0,0,NA
Somali,Fafan,Shabelely,ET050204,NA,113843.33987954863,2025-Wk28-52,NA,NA,NA,33.3,50,NA,NA,NA,NA,0,0,NA,NA,NA,NA,NA,NA,NA,NA,50,0,0,NA
Somali,Fafan,Tuliguleed,ET050283,NA,77192.58983098115,2025-Wk03-15,NA,NA,NA,100,50,NA,NA,NA,NA,100,0,NA,NA,NA,NA,NA,NA,NA,NA,50,0,0,NA
Somali,Fafan,Tuliguleed,ET050283,NA,77192.58983098115,2025-Wk16-27,NA,NA,NA,100,50,NA,NA,NA,NA,100,0,NA,NA,NA,NA,NA,NA,NA,NA,50,0,0,NA
Somali,Fafan,Tuliguleed,ET050283,NA,77192.58983098115,2025-Wk28-52,NA,NA,NA,100,50,NA,NA,NA,NA,100,0,NA,NA,NA,NA,NA,NA,NA,NA,50,0,0,NA
Somali,Fafan,Wajale town,ET050295,NA,32731.32030035451,2025-Wk03-15,NA,NA,NA,100,50,NA,NA,NA,NA,100,0,NA,NA,NA,NA,NA,NA,NA,NA,50,50,0,NA
Somali,Fafan,Wajale town,ET050295,NA,32731.32030035451,2025-Wk16-27,NA,NA,NA,100,50,NA,NA,NA,NA,100,0,NA,NA,NA,NA,NA,NA,NA,NA,50,50,0,NA
Somali,Fafan,Wajale town,ET050295,NA,32731.32030035451,2025-Wk28-52,NA,NA,NA,100,50,NA,NA,NA,NA,100,0,NA,NA,NA,NA,NA,NA,NA,NA,50,50,0,NA
Somali,Jarar,Ararso,ET050395,NA,47819.29183721138,2025-Wk03-15,NA,NA,NA,50,50,NA,NA,NA,NA,0,0,NA,NA,NA,NA,NA,NA,NA,NA,50,50,0,NA
Somali,Jarar,Ararso,ET050395,NA,47819.29183721138,2025-Wk16-27,NA,NA,NA,50,50,NA,NA,NA,NA,0,0,NA,NA,NA,NA,NA,NA,NA,NA,50,50,0,NA
Somali,Jarar,Ararso,ET050395,NA,47819.29183721138,2025-Wk28-52,NA,NA,NA,50,50,NA,NA,NA,NA,0,0,NA,NA,NA,NA,NA,NA,NA,NA,50,50,0,NA
Somali,Jarar,Aware,ET050303,NA,28898.960423412034,2025-Wk03-15,NA,NA,NA,100,50,NA,NA,NA,NA,0,0,NA,NA,NA,NA,NA,NA,NA,NA,50,50,0,NA
Somali,Jarar,Aware,ET050303,NA,28898.960423412034,2025-Wk16-27,NA,NA,NA,100,50,NA,NA,NA,NA,0,0,NA,NA,NA,NA,NA,NA,NA,NA,50,50,0,NA
Somali,Jarar,Aware,ET050303,NA,28898.960423412034,2025-Wk28-52,NA,NA,NA,100,50,NA,NA,NA,NA,0,0,NA,NA,NA,NA,NA,NA,NA,NA,50,50,0,NA
Somali,Jarar,Bilcil-Bur,ET050306,NA,31348.111527943947,2025-Wk03-15,NA,NA,NA,100,50,NA,NA,NA,NA,0,0,NA,NA,NA,NA,NA,NA,NA,NA,50,50,0,NA
Somali,Jarar,Bilcil-Bur,ET050306,NA,31348.111527943947,2025-Wk16-27,NA,NA,NA,100,50,NA,NA,NA,NA,0,0,NA,NA,NA,NA,NA,NA,NA,NA,50,50,0,NA
Somali,Jarar,Bilcil-Bur,ET050306,NA,31348.111527943947,2025-Wk28-52,NA,NA,NA,100,50,NA,NA,NA,NA,0,0,NA,NA,NA,NA,NA,NA,NA,NA,50,50,0,NA
Somali,Jarar,Birkod,ET050394,NA,43852.91571428346,2025-Wk03-15,NA,NA,NA,100,50,NA,NA,NA,NA,0,0,NA,NA,NA,NA,NA,NA,NA,NA,50,50,0,NA
Somali,Jarar,Birkod,ET050394,NA,43852.91571428346,2025-Wk16-27,NA,NA,NA,100,50,NA,NA,NA,NA,0,0,NA,NA,NA,NA,NA,NA,NA,NA,50,50,0,NA
Somali,Jarar,Birkod,ET050394,NA,43852.91571428346,2025-Wk28-52,NA,NA,NA,100,50,NA,NA,NA,NA,0,0,NA,NA,NA,NA,NA,NA,NA,NA,50,50,0,NA
Somali,Jarar,Daror,ET050392,NA,47544.20972985477,2025-Wk03-15,NA,NA,NA,100,50,NA,NA,NA,NA,0,0,NA,NA,NA,NA,NA,NA,NA,NA,50,50,0,NA
Somali,Jarar,Daror,ET050392,NA,47544.20972985477,2025-Wk16-27,NA,NA,NA,100,50,NA,NA,NA,NA,0,0,NA,NA,NA,NA,NA,NA,NA,NA,50,50,0,NA
Somali,Jarar,Daror,ET050392,NA,47544.20972985477,2025-Wk28-52,NA,NA,NA,100,50,NA,NA,NA,NA,0,0,NA,NA,NA,NA,NA,NA,NA,NA,50,50,0,NA
Somali,Jarar,Degahabur  Hosp,ET050307,NA,46491.94397346089,2025-Wk03-15,NA,NA,NA,100,50,NA,NA,NA,NA,0,0,NA,NA,NA,NA,NA,NA,NA,NA,50,50,0,NA
Somali,Jarar,Degahabur  Hosp,ET050307,NA,46491.94397346089,2025-Wk16-27,NA,NA,NA,100,50,NA,NA,NA,NA,0,0,NA,NA,NA,NA,NA,NA,NA,NA,50,50,0,NA
Somali,Jarar,Degahabur  Hosp,ET050307,NA,46491.94397346089,2025-Wk28-52,NA,NA,NA,100,50,NA,NA,NA,NA,0,0,NA,NA,NA,NA,NA,NA,NA,NA,50,50,0,NA
Somali,Jarar,Degahabur town,ET050307,NA,46491.94397346089,2025-Wk03-15,NA,NA,NA,50,50,NA,NA,NA,NA,0,0,NA,NA,NA,NA,NA,NA,NA,NA,50,50,0,NA
Somali,Jarar,Degahabur town,ET050307,NA,46491.94397346089,2025-Wk16-27,NA,NA,NA,50,50,NA,NA,NA,NA,0,0,NA,NA,NA,NA,NA,NA,NA,NA,50,50,0,NA
Somali,Jarar,Degahabur town,ET050307,NA,46491.94397346089,2025-Wk28-52,NA,NA,NA,50,50,NA,NA,NA,NA,0,0,NA,NA,NA,NA,NA,NA,NA,NA,50,50,0,NA
Somali,Jarar,Degahbur  Rural,ET050302,NA,31771.472094656354,2025-Wk03-15,NA,NA,NA,50,50,NA,NA,NA,NA,0,0,NA,NA,NA,NA,NA,NA,NA,NA,50,50,0,NA
Somali,Jarar,Degahbur  Rural,ET050302,NA,31771.472094656354,2025-Wk16-27,NA,NA,NA,50,50,NA,NA,NA,NA,0,0,NA,NA,NA,NA,NA,NA,NA,NA,50,50,0,NA
Somali,Jarar,Degahbur  Rural,ET050302,NA,31771.472094656354,2025-Wk28-52,NA,NA,NA,50,50,NA,NA,NA,NA,0,0,NA,NA,NA,NA,NA,NA,NA,NA,50,50,0,NA
Somali,Jarar,Degahmado,ET050301,NA,90773.00498742367,2025-Wk03-15,NA,NA,NA,100,50,NA,NA,NA,NA,0,0,NA,NA,NA,NA,NA,NA,NA,NA,50,50,0,NA
Somali,Jarar,Degahmado,ET050301,NA,90773.00498742367,2025-Wk16-27,NA,NA,NA,100,50,NA,NA,NA,NA,0,0,NA,NA,NA,NA,NA,NA,NA,NA,50,50,0,NA
Somali,Jarar,Degahmado,ET050301,NA,90773.00498742367,2025-Wk28-52,NA,NA,NA,100,50,NA,NA,NA,NA,0,0,NA,NA,NA,NA,NA,NA,NA,NA,50,50,0,NA
Somali,Jarar,Dig,ET050399,NA,37240.39071972385,2025-Wk03-15,NA,NA,NA,100,50,NA,NA,NA,NA,100,0,NA,NA,NA,NA,NA,NA,NA,NA,50,50,0,NA
Somali,Jarar,Dig,ET050399,NA,37240.39071972385,2025-Wk16-27,NA,NA,NA,100,50,NA,NA,NA,NA,100,0,NA,NA,NA,NA,NA,NA,NA,NA,50,50,0,NA
Somali,Jarar,Dig,ET050399,NA,37240.39071972385,2025-Wk28-52,NA,NA,NA,100,50,NA,NA,NA,NA,100,0,NA,NA,NA,NA,NA,NA,NA,NA,50,50,0,NA
Somali,Jarar,Gashamo,ET050304,NA,119600.38270631911,2025-Wk03-15,NA,NA,NA,100,50,NA,NA,NA,NA,100,0,NA,NA,NA,NA,NA,NA,NA,NA,50,50,0,NA
Somali,Jarar,Gashamo,ET050304,NA,119600.38270631911,2025-Wk16-27,NA,NA,NA,100,50,NA,NA,NA,NA,100,0,NA,NA,NA,NA,NA,NA,NA,NA,50,50,0,NA
Somali,Jarar,Gashamo,ET050304,NA,119600.38270631911,2025-Wk28-52,NA,NA,NA,50,50,NA,NA,NA,NA,100,0,NA,NA,NA,NA,NA,NA,NA,NA,50,50,0,NA
Somali,Jarar,Gashamo Hospital,ET050304,NA,119600.38270631911,2025-Wk03-15,NA,NA,NA,50,50,NA,NA,NA,NA,0,0,NA,NA,NA,NA,NA,NA,NA,NA,50,50,0,NA
Somali,Jarar,Gashamo Hospital,ET050304,NA,119600.38270631911,2025-Wk16-27,NA,NA,NA,50,50,NA,NA,NA,NA,0,0,NA,NA,NA,NA,NA,NA,NA,NA,50,50,0,NA
Somali,Jarar,Gashamo Hospital,ET050304,NA,119600.38270631911,2025-Wk28-52,NA,NA,NA,50,50,NA,NA,NA,NA,0,0,NA,NA,NA,NA,NA,NA,NA,NA,50,50,0,NA
Somali,Jarar,Gunagado,ET050305,NA,174279.3428563489,2025-Wk03-15,NA,NA,NA,50,50,NA,NA,NA,NA,0,0,NA,NA,NA,NA,NA,NA,NA,NA,50,50,0,NA
Somali,Jarar,Gunagado,ET050305,NA,174279.3428563489,2025-Wk16-27,NA,NA,NA,50,50,NA,NA,NA,NA,0,0,NA,NA,NA,NA,NA,NA,NA,NA,50,50,0,NA
Somali,Jarar,Gunagado,ET050305,NA,174279.3428563489,2025-Wk28-52,NA,NA,NA,50,50,NA,NA,NA,NA,0,0,NA,NA,NA,NA,NA,NA,NA,NA,50,50,0,NA
Somali,Jarar,Yocale,ET050382,NA,46322.19070275012,2025-Wk03-15,NA,NA,NA,100,50,NA,NA,NA,NA,100,0,NA,NA,NA,NA,NA,NA,NA,NA,50,50,0,NA
Somali,Jarar,Yocale,ET050382,NA,46322.19070275012,2025-Wk16-27,NA,NA,NA,100,50,NA,NA,NA,NA,100,0,NA,NA,NA,NA,NA,NA,NA,NA,50,50,0,NA
Somali,Jarar,Yocale,ET050382,NA,46322.19070275012,2025-Wk28-52,NA,NA,NA,100,50,NA,NA,NA,NA,100,0,NA,NA,NA,NA,NA,NA,NA,NA,50,50,0,NA
Somali,Korahe,Bodaley,ET050599,NA,23314.48686105347,2025-Wk03-15,NA,NA,NA,100,50,NA,NA,NA,NA,100,0,NA,NA,NA,NA,NA,NA,NA,NA,50,0,0,NA
Somali,Korahe,Bodaley,ET050599,NA,23314.48686105347,2025-Wk16-27,NA,NA,NA,100,50,NA,NA,NA,NA,100,0,NA,NA,NA,NA,NA,NA,NA,NA,50,0,0,NA
Somali,Korahe,Bodaley,ET050599,NA,23314.48686105347,2025-Wk28-52,NA,NA,NA,100,50,NA,NA,NA,NA,100,0,NA,NA,NA,NA,NA,NA,NA,NA,50,0,0,NA
Somali,Korahe,Debeweyin,ET050504,NA,85864.47667771461,2025-Wk03-15,NA,NA,NA,100,50,NA,NA,NA,NA,0,0,NA,NA,NA,NA,NA,NA,NA,NA,50,50,0,NA
Somali,Korahe,Debeweyin,ET050504,NA,85864.47667771461,2025-Wk16-27,NA,NA,NA,100,50,NA,NA,NA,NA,0,0,NA,NA,NA,NA,NA,NA,NA,NA,50,50,0,NA
Somali,Korahe,Debeweyin,ET050504,NA,85864.47667771461,2025-Wk28-52,NA,NA,NA,100,50,NA,NA,NA,NA,0,0,NA,NA,NA,NA,NA,NA,NA,NA,50,50,0,NA
Somali,Korahe,El-Ogaden,ET050598,NA,21747.84824220466,2025-Wk03-15,NA,NA,NA,50,50,NA,NA,NA,NA,100,0,NA,NA,NA,NA,NA,NA,NA,NA,50,0,0,NA
Somali,Korahe,El-Ogaden,ET050598,NA,21747.84824220466,2025-Wk16-27,NA,NA,NA,50,50,NA,NA,NA,NA,100,0,NA,NA,NA,NA,NA,NA,NA,NA,50,0,0,NA
Somali,Korahe,El-Ogaden,ET050598,NA,21747.84824220466,2025-Wk28-52,NA,NA,NA,50,50,NA,NA,NA,NA,100,0,NA,NA,NA,NA,NA,NA,NA,NA,50,0,0,NA
Somali,Korahe,Higloley,ET050597,NA,22745.915665178836,2025-Wk03-15,NA,NA,NA,100,50,NA,NA,NA,NA,100,0,NA,NA,NA,NA,NA,NA,NA,NA,50,0,0,NA
Somali,Korahe,Higloley,ET050597,NA,22745.915665178836,2025-Wk16-27,NA,NA,NA,100,50,NA,NA,NA,NA,100,0,NA,NA,NA,NA,NA,NA,NA,NA,50,0,0,NA
Somali,Korahe,Higloley,ET050597,NA,22745.915665178836,2025-Wk28-52,NA,NA,NA,100,50,NA,NA,NA,NA,100,0,NA,NA,NA,NA,NA,NA,NA,NA,50,0,0,NA
Somali,Korahe,Kabridahre  Hosp.,ET050592,NA,45305.71629861454,2025-Wk03-15,NA,NA,NA,100,50,NA,NA,NA,NA,100,0,NA,NA,NA,NA,NA,NA,NA,NA,50,0,0,NA
Somali,Korahe,Kabridahre  Hosp.,ET050592,NA,45305.71629861454,2025-Wk16-27,NA,NA,NA,100,50,NA,NA,NA,NA,100,0,NA,NA,NA,NA,NA,NA,NA,NA,50,0,0,NA
Somali,Korahe,Kabridahre  Hosp.,ET050592,NA,45305.71629861454,2025-Wk28-52,NA,NA,NA,100,50,NA,NA,NA,NA,100,0,NA,NA,NA,NA,NA,NA,NA,NA,50,0,0,NA
Somali,Korahe,Kebridehar,ET050502,NA,86580.30372288052,2025-Wk03-15,NA,NA,NA,50,50,NA,NA,NA,NA,0,0,NA,NA,NA,NA,NA,NA,NA,NA,50,50,0,NA
Somali,Korahe,Kebridehar,ET050502,NA,86580.30372288052,2025-Wk16-27,NA,NA,NA,50,50,NA,NA,NA,NA,0,0,NA,NA,NA,NA,NA,NA,NA,NA,50,50,0,NA
Somali,Korahe,Kebridehar,ET050502,NA,86580.30372288052,2025-Wk28-52,NA,NA,NA,50,50,NA,NA,NA,NA,0,0,NA,NA,NA,NA,NA,NA,NA,NA,50,50,0,NA
Somali,Korahe,Kebridehar town,ET050592,NA,45305.71629861454,2025-Wk03-15,NA,NA,NA,100,50,NA,NA,NA,NA,100,0,NA,NA,NA,NA,NA,NA,NA,NA,50,50,0,NA
Somali,Korahe,Kebridehar town,ET050592,NA,45305.71629861454,2025-Wk16-27,NA,NA,NA,100,50,NA,NA,NA,NA,100,0,NA,NA,NA,NA,NA,NA,NA,NA,50,50,0,NA
Somali,Korahe,Kebridehar town,ET050592,NA,45305.71629861454,2025-Wk28-52,NA,NA,NA,100,50,NA,NA,NA,NA,100,0,NA,NA,NA,NA,NA,NA,NA,NA,50,50,0,NA
Somali,Korahe,Kudunbur,ET050595,NA,24859.650668547296,2025-Wk03-15,NA,NA,NA,50,50,NA,NA,NA,NA,100,0,NA,NA,NA,NA,NA,NA,NA,NA,50,0,0,NA
Somali,Korahe,Kudunbur,ET050595,NA,24859.650668547296,2025-Wk16-27,NA,NA,NA,50,50,NA,NA,NA,NA,100,0,NA,NA,NA,NA,NA,NA,NA,NA,50,0,0,NA
Somali,Korahe,Kudunbur,ET050595,NA,24859.650668547296,2025-Wk28-52,NA,NA,NA,50,50,NA,NA,NA,NA,100,0,NA,NA,NA,NA,NA,NA,NA,NA,50,0,0,NA
Somali,Korahe,Lasdhankayre,ET050596,NA,21255.972801169235,2025-Wk03-15,NA,NA,NA,100,50,NA,NA,NA,NA,100,0,NA,NA,NA,NA,NA,NA,NA,NA,50,0,0,NA
Somali,Korahe,Lasdhankayre,ET050596,NA,21255.972801169235,2025-Wk16-27,NA,NA,NA,100,50,NA,NA,NA,NA,100,0,NA,NA,NA,NA,NA,NA,NA,NA,50,0,0,NA
Somali,Korahe,Lasdhankayre,ET050596,NA,21255.972801169235,2025-Wk28-52,NA,NA,NA,100,50,NA,NA,NA,NA,100,0,NA,NA,NA,NA,NA,NA,NA,NA,50,0,0,NA
Somali,Korahe,Marsin,ET050586,NA,23362.549534086036,2025-Wk03-15,NA,NA,NA,50,50,NA,NA,NA,NA,0,0,NA,NA,NA,NA,NA,NA,NA,NA,50,0,0,NA
Somali,Korahe,Marsin,ET050586,NA,23362.549534086036,2025-Wk16-27,NA,NA,NA,50,50,NA,NA,NA,NA,0,0,NA,NA,NA,NA,NA,NA,NA,NA,50,0,0,NA
Somali,Korahe,Marsin,ET050586,NA,23362.549534086036,2025-Wk28-52,NA,NA,NA,50,50,NA,NA,NA,NA,0,0,NA,NA,NA,NA,NA,NA,NA,NA,50,0,0,NA
Somali,Korahe,Shaygosh,ET050501,NA,52462.96414020905,2025-Wk03-15,NA,NA,NA,100,50,NA,NA,NA,NA,100,0,NA,NA,NA,NA,NA,NA,NA,NA,50,0,0,NA
Somali,Korahe,Shaygosh,ET050501,NA,52462.96414020905,2025-Wk16-27,NA,NA,NA,100,50,NA,NA,NA,NA,100,0,NA,NA,NA,NA,NA,NA,NA,NA,50,0,0,NA
Somali,Korahe,Shaygosh,ET050501,NA,52462.96414020905,2025-Wk28-52,NA,NA,NA,100,50,NA,NA,NA,NA,100,0,NA,NA,NA,NA,NA,NA,NA,NA,50,0,0,NA
Somali,Korahe,Shilabo,ET050503,NA,89403.73011102775,2025-Wk03-15,NA,NA,NA,50,50,NA,NA,NA,NA,100,0,NA,NA,NA,NA,NA,NA,NA,NA,50,0,0,NA
Somali,Korahe,Shilabo,ET050503,NA,89403.73011102775,2025-Wk16-27,NA,NA,NA,50,50,NA,NA,NA,NA,100,0,NA,NA,NA,NA,NA,NA,NA,NA,50,0,0,NA
Somali,Korahe,Shilabo,ET050503,NA,89403.73011102775,2025-Wk28-52,NA,NA,NA,50,50,NA,NA,NA,NA,100,0,NA,NA,NA,NA,NA,NA,NA,NA,50,0,0,NA
Somali,Liban,Bokolmayo,ET050999,NA,38945.47553980406,2025-Wk03-15,NA,NA,NA,100,50,NA,NA,NA,NA,0,0,NA,NA,NA,NA,NA,NA,NA,NA,50,0,0,NA
Somali,Liban,Bokolmayo,ET050999,NA,38945.47553980406,2025-Wk16-27,NA,NA,NA,100,50,NA,NA,NA,NA,0,0,NA,NA,NA,NA,NA,NA,NA,NA,50,0,0,NA
Somali,Liban,Bokolmayo,ET050999,NA,38945.47553980406,2025-Wk28-52,NA,NA,NA,100,50,NA,NA,NA,NA,0,0,NA,NA,NA,NA,NA,NA,NA,NA,50,0,0,NA
Somali,Liban,Deka Suftu,ET050991,NA,135332,2025-Wk03-15,NA,NA,NA,50,50,NA,NA,NA,NA,100,0,NA,NA,NA,NA,NA,NA,NA,NA,50,0,0,NA
Somali,Liban,Deka Suftu,ET050991,NA,135332,2025-Wk16-27,NA,NA,NA,50,50,NA,NA,NA,NA,100,0,NA,NA,NA,NA,NA,NA,NA,NA,50,0,0,NA
Somali,Liban,Deka Suftu,ET050991,NA,135332,2025-Wk28-52,NA,NA,NA,50,50,NA,NA,NA,NA,100,0,NA,NA,NA,NA,NA,NA,NA,NA,50,0,0,NA
Somali,Liban,Dollo Ado hospital,ET050902,NA,126106.70029722176,2025-Wk03-15,NA,NA,NA,50,50,NA,NA,NA,NA,100,0,NA,NA,NA,NA,NA,NA,NA,NA,50,0,0,NA
Somali,Liban,Dollo Ado hospital,ET050902,NA,126106.70029722176,2025-Wk16-27,NA,NA,NA,50,50,NA,NA,NA,NA,100,0,NA,NA,NA,NA,NA,NA,NA,NA,50,0,0,NA
Somali,Liban,Dollo Ado hospital,ET050902,NA,126106.70029722176,2025-Wk28-52,NA,NA,NA,50,50,NA,NA,NA,NA,100,0,NA,NA,NA,NA,NA,NA,NA,NA,50,0,0,NA
Somali,Liban,Dolo Ado,ET050902,NA,126106.70029722176,2025-Wk03-15,NA,NA,NA,100,50,NA,NA,NA,NA,100,0,NA,NA,NA,NA,NA,NA,NA,NA,50,0,0,NA
Somali,Liban,Dolo Ado,ET050902,NA,126106.70029722176,2025-Wk16-27,NA,NA,NA,100,50,NA,NA,NA,NA,100,0,NA,NA,NA,NA,NA,NA,NA,NA,50,0,0,NA
Somali,Liban,Dolo Ado,ET050902,NA,126106.70029722176,2025-Wk28-52,NA,NA,NA,100,50,NA,NA,NA,NA,100,0,NA,NA,NA,NA,NA,NA,NA,NA,50,0,0,NA
Somali,Liban,Filtu,ET050901,NA,14532.483829696266,2025-Wk03-15,NA,NA,NA,50,50,NA,NA,NA,NA,0,0,NA,NA,NA,NA,NA,NA,NA,NA,50,0,0,NA
Somali,Liban,Filtu,ET050901,NA,14532.483829696266,2025-Wk16-27,NA,NA,NA,50,50,NA,NA,NA,NA,0,0,NA,NA,NA,NA,NA,NA,NA,NA,50,0,0,NA
Somali,Liban,Filtu,ET050901,NA,14532.483829696266,2025-Wk28-52,NA,NA,NA,50,50,NA,NA,NA,NA,0,0,NA,NA,NA,NA,NA,NA,NA,NA,50,0,0,NA
Somali,Liban,Filtu Hosp.,ET050901,NA,14532.483829696266,2025-Wk03-15,NA,NA,NA,100,50,NA,NA,NA,NA,100,0,NA,NA,NA,NA,NA,NA,NA,NA,50,0,0,NA
Somali,Liban,Filtu Hosp.,ET050901,NA,14532.483829696266,2025-Wk16-27,NA,NA,NA,100,50,NA,NA,NA,NA,100,0,NA,NA,NA,NA,NA,NA,NA,NA,50,0,0,NA
Somali,Liban,Filtu Hosp.,ET050901,NA,14532.483829696266,2025-Wk28-52,NA,NA,NA,100,50,NA,NA,NA,NA,100,0,NA,NA,NA,NA,NA,NA,NA,NA,50,0,0,NA
Somali,Liban,Goro Baqaqsa,ET050903,NA,79818.15292122978,2025-Wk03-15,NA,NA,NA,50,50,NA,NA,NA,NA,0,0,NA,NA,NA,NA,NA,NA,NA,NA,50,0,0,NA
Somali,Liban,Goro Baqaqsa,ET050903,NA,79818.15292122978,2025-Wk16-27,NA,NA,NA,50,50,NA,NA,NA,NA,0,0,NA,NA,NA,NA,NA,NA,NA,NA,50,0,0,NA
Somali,Liban,Goro Baqaqsa,ET050903,NA,79818.15292122978,2025-Wk28-52,NA,NA,NA,50,50,NA,NA,NA,NA,0,0,NA,NA,NA,NA,NA,NA,NA,NA,50,0,0,NA
Somali,Liban,Guradamole,ET050904,NA,44194.2832603077,2025-Wk03-15,NA,NA,NA,100,50,NA,NA,NA,NA,0,0,NA,NA,NA,NA,NA,NA,NA,NA,50,0,0,NA
Somali,Liban,Guradamole,ET050904,NA,44194.2832603077,2025-Wk16-27,NA,NA,NA,100,50,NA,NA,NA,NA,0,0,NA,NA,NA,NA,NA,NA,NA,NA,50,0,0,NA
Somali,Liban,Guradamole,ET050904,NA,44194.2832603077,2025-Wk28-52,NA,NA,NA,100,50,NA,NA,NA,NA,0,0,NA,NA,NA,NA,NA,NA,NA,NA,50,0,0,NA
Somali,Liban,Kersadula,ET050991,NA,135332,2025-Wk03-15,NA,NA,NA,50,50,NA,NA,NA,NA,0,0,NA,NA,NA,NA,NA,NA,NA,NA,50,0,0,NA
Somali,Liban,Kersadula,ET050991,NA,135332,2025-Wk16-27,NA,NA,NA,50,50,NA,NA,NA,NA,0,0,NA,NA,NA,NA,NA,NA,NA,NA,50,0,0,NA
Somali,Liban,Kersadula,ET050991,NA,135332,2025-Wk28-52,NA,NA,NA,50,50,NA,NA,NA,NA,0,0,NA,NA,NA,NA,NA,NA,NA,NA,50,0,0,NA
Somali,Nogob,Ayun,ET051001,NA,24909.329065481812,2025-Wk03-15,NA,NA,NA,50,50,NA,NA,NA,NA,0,0,NA,NA,NA,NA,NA,NA,NA,NA,50,50,0,NA
Somali,Nogob,Ayun,ET051001,NA,24909.329065481812,2025-Wk16-27,NA,NA,NA,50,50,NA,NA,NA,NA,0,0,NA,NA,NA,NA,NA,NA,NA,NA,50,50,0,NA
Somali,Nogob,Ayun,ET051001,NA,24909.329065481812,2025-Wk28-52,NA,NA,NA,50,50,NA,NA,NA,NA,0,0,NA,NA,NA,NA,NA,NA,NA,NA,50,50,0,NA
Somali,Nogob,Dihun,ET051006,NA,21444.746619080128,2025-Wk03-15,NA,NA,NA,100,50,NA,NA,NA,NA,0,0,NA,NA,NA,NA,NA,NA,NA,NA,50,50,0,NA
Somali,Nogob,Dihun,ET051006,NA,21444.746619080128,2025-Wk16-27,NA,NA,NA,100,50,NA,NA,NA,NA,0,0,NA,NA,NA,NA,NA,NA,NA,NA,50,50,0,NA
Somali,Nogob,Dihun,ET051006,NA,21444.746619080128,2025-Wk28-52,NA,NA,NA,100,50,NA,NA,NA,NA,0,0,NA,NA,NA,NA,NA,NA,NA,NA,50,50,0,NA
Somali,Nogob,Elwayne,ET051002,NA,36985.18815202157,2025-Wk03-15,NA,NA,NA,100,50,NA,NA,NA,NA,0,0,NA,NA,NA,NA,NA,NA,NA,NA,50,50,0,NA
Somali,Nogob,Elwayne,ET051002,NA,36985.18815202157,2025-Wk16-27,NA,NA,NA,100,50,NA,NA,NA,NA,0,0,NA,NA,NA,NA,NA,NA,NA,NA,50,50,0,NA
Somali,Nogob,Elwayne,ET051002,NA,36985.18815202157,2025-Wk28-52,NA,NA,NA,100,50,NA,NA,NA,NA,0,0,NA,NA,NA,NA,NA,NA,NA,NA,50,50,0,NA
Somali,Nogob,Garbo,ET051003,NA,70766.26286717603,2025-Wk03-15,NA,NA,NA,50,50,NA,NA,NA,NA,0,0,NA,NA,NA,NA,NA,NA,NA,NA,50,50,0,NA
Somali,Nogob,Garbo,ET051003,NA,70766.26286717603,2025-Wk16-27,NA,NA,NA,50,50,NA,NA,NA,NA,0,0,NA,NA,NA,NA,NA,NA,NA,NA,50,50,0,NA
Somali,Nogob,Garbo,ET051003,NA,70766.26286717603,2025-Wk28-52,NA,NA,NA,50,50,NA,NA,NA,NA,0,0,NA,NA,NA,NA,NA,NA,NA,NA,50,50,0,NA
Somali,Nogob,Garbo- Hospital,ET051003,NA,70766.26286717603,2025-Wk03-15,NA,NA,NA,50,50,NA,NA,NA,NA,0,0,NA,NA,NA,NA,NA,NA,NA,NA,50,50,0,NA
Somali,Nogob,Garbo- Hospital,ET051003,NA,70766.26286717603,2025-Wk16-27,NA,NA,NA,50,50,NA,NA,NA,NA,0,0,NA,NA,NA,NA,NA,NA,NA,NA,50,50,0,NA
Somali,Nogob,Garbo- Hospital,ET051003,NA,70766.26286717603,2025-Wk28-52,NA,NA,NA,50,50,NA,NA,NA,NA,0,0,NA,NA,NA,NA,NA,NA,NA,NA,50,50,0,NA
Somali,Nogob,Hararey,ET050298,NA,47408,2025-Wk03-15,NA,NA,NA,100,50,NA,NA,NA,NA,0,0,NA,NA,NA,NA,NA,NA,NA,NA,50,50,0,NA
Somali,Nogob,Hararey,ET050298,NA,47408,2025-Wk16-27,NA,NA,NA,100,50,NA,NA,NA,NA,0,0,NA,NA,NA,NA,NA,NA,NA,NA,50,50,0,NA
Somali,Nogob,Hararey,ET050298,NA,47408,2025-Wk28-52,NA,NA,NA,100,50,NA,NA,NA,NA,0,0,NA,NA,NA,NA,NA,NA,NA,NA,50,50,0,NA
Somali,Nogob,Horoshagah,ET051095,NA,18956.429549076995,2025-Wk03-15,NA,NA,NA,50,50,NA,NA,NA,NA,0,0,NA,NA,NA,NA,NA,NA,NA,NA,50,50,0,NA
Somali,Nogob,Horoshagah,ET051095,NA,18956.429549076995,2025-Wk16-27,NA,NA,NA,50,50,NA,NA,NA,NA,0,0,NA,NA,NA,NA,NA,NA,NA,NA,50,50,0,NA
Somali,Nogob,Horoshagah,ET051095,NA,18956.429549076995,2025-Wk28-52,NA,NA,NA,50,50,NA,NA,NA,NA,0,0,NA,NA,NA,NA,NA,NA,NA,NA,50,50,0,NA
Somali,Nogob,Sagag,ET051005,NA,57001.07240624603,2025-Wk03-15,NA,NA,NA,100,50,NA,NA,NA,NA,0,0,NA,NA,NA,NA,NA,NA,NA,NA,50,50,0,NA
Somali,Nogob,Sagag,ET051005,NA,57001.07240624603,2025-Wk16-27,NA,NA,NA,100,50,NA,NA,NA,NA,0,0,NA,NA,NA,NA,NA,NA,NA,NA,50,50,0,NA
Somali,Nogob,Sagag,ET051005,NA,57001.07240624603,2025-Wk28-52,NA,NA,NA,100,50,NA,NA,NA,NA,0,0,NA,NA,NA,NA,NA,NA,NA,NA,50,50,0,NA
Somali,Shabelle,Aba-Korow,ET050699,NA,29068,2025-Wk03-15,NA,NA,NA,100,50,NA,NA,NA,NA,0,0,NA,NA,NA,NA,NA,NA,NA,NA,50,50,0,NA
Somali,Shabelle,Aba-Korow,ET050699,NA,29068,2025-Wk16-27,NA,NA,NA,100,50,NA,NA,NA,NA,0,0,NA,NA,NA,NA,NA,NA,NA,NA,50,50,0,NA
Somali,Shabelle,Aba-Korow,ET050699,NA,29068,2025-Wk28-52,NA,NA,NA,100,50,NA,NA,NA,NA,0,0,NA,NA,NA,NA,NA,NA,NA,NA,50,50,0,NA
Somali,Shabelle,Adadle,ET050602,NA,128845.800299669,2025-Wk03-15,NA,NA,NA,33.3,50,NA,NA,NA,NA,0,0,NA,NA,NA,NA,NA,NA,NA,NA,50,50,0,NA
Somali,Shabelle,Adadle,ET050602,NA,128845.800299669,2025-Wk16-27,NA,NA,NA,33.3,50,NA,NA,NA,NA,0,0,NA,NA,NA,NA,NA,NA,NA,NA,50,50,0,NA
Somali,Shabelle,Adadle,ET050602,NA,128845.800299669,2025-Wk28-52,NA,NA,NA,33.3,50,NA,NA,NA,NA,0,0,NA,NA,NA,NA,NA,NA,NA,NA,50,50,0,NA
Somali,Shabelle,Berocano,ET050608,NA,79597.92220231939,2025-Wk03-15,NA,NA,NA,100,50,NA,NA,NA,NA,0,0,NA,NA,NA,NA,NA,NA,NA,NA,50,50,0,NA
Somali,Shabelle,Berocano,ET050608,NA,79597.92220231939,2025-Wk16-27,NA,NA,NA,100,50,NA,NA,NA,NA,0,0,NA,NA,NA,NA,NA,NA,NA,NA,50,50,0,NA
Somali,Shabelle,Berocano,ET050608,NA,79597.92220231939,2025-Wk28-52,NA,NA,NA,100,50,NA,NA,NA,NA,0,0,NA,NA,NA,NA,NA,NA,NA,NA,50,50,0,NA
Somali,Shabelle,Danan,ET050603,NA,19820.228270579337,2025-Wk03-15,NA,NA,NA,50,50,NA,NA,NA,NA,0,0,NA,NA,NA,NA,NA,NA,NA,NA,50,50,0,NA
Somali,Shabelle,Danan,ET050603,NA,19820.228270579337,2025-Wk16-27,NA,NA,NA,50,50,NA,NA,NA,NA,0,0,NA,NA,NA,NA,NA,NA,NA,NA,50,50,0,NA
Somali,Shabelle,Danan,ET050603,NA,19820.228270579337,2025-Wk28-52,NA,NA,NA,50,50,NA,NA,NA,NA,0,0,NA,NA,NA,NA,NA,NA,NA,NA,50,50,0,NA
Somali,Shabelle,East Imi,ET050601,NA,90066.38143283846,2025-Wk03-15,NA,NA,NA,100,50,NA,NA,NA,NA,0,0,NA,NA,NA,NA,NA,NA,NA,NA,50,50,0,NA
Somali,Shabelle,East Imi,ET050601,NA,90066.38143283846,2025-Wk16-27,NA,NA,NA,100,50,NA,NA,NA,NA,0,0,NA,NA,NA,NA,NA,NA,NA,NA,50,50,0,NA
Somali,Shabelle,East Imi,ET050601,NA,90066.38143283846,2025-Wk28-52,NA,NA,NA,100,50,NA,NA,NA,NA,0,0,NA,NA,NA,NA,NA,NA,NA,NA,50,50,0,NA
Somali,Shabelle,Elale,ET020102,NA,107245.61720073709,2025-Wk03-15,NA,NA,NA,50,50,NA,NA,NA,NA,0,0,NA,NA,NA,NA,NA,NA,NA,NA,50,50,0,NA
Somali,Shabelle,Elale,ET020102,NA,107245.61720073709,2025-Wk16-27,NA,NA,NA,50,50,NA,NA,NA,NA,0,0,NA,NA,NA,NA,NA,NA,NA,NA,50,50,0,NA
Somali,Shabelle,Elale,ET020102,NA,107245.61720073709,2025-Wk28-52,NA,NA,NA,50,50,NA,NA,NA,NA,0,0,NA,NA,NA,NA,NA,NA,NA,NA,50,50,0,NA
Somali,Shabelle,Ferfer,ET050607,NA,60934.26591471525,2025-Wk03-15,NA,NA,NA,50,50,NA,NA,NA,NA,0,0,NA,NA,NA,NA,NA,NA,NA,NA,50,50,0,NA
Somali,Shabelle,Ferfer,ET050607,NA,60934.26591471525,2025-Wk16-27,NA,NA,NA,50,50,NA,NA,NA,NA,0,0,NA,NA,NA,NA,NA,NA,NA,NA,50,50,0,NA
Somali,Shabelle,Ferfer,ET050607,NA,60934.26591471525,2025-Wk28-52,NA,NA,NA,50,50,NA,NA,NA,NA,0,0,NA,NA,NA,NA,NA,NA,NA,NA,50,50,0,NA
Somali,Shabelle,Gode Hosp,ET050696,NA,66414.4332504925,2025-Wk03-15,NA,NA,NA,100,50,NA,NA,NA,NA,100,0,NA,NA,NA,NA,NA,NA,NA,NA,50,50,0,NA
Somali,Shabelle,Gode Hosp,ET050696,NA,66414.4332504925,2025-Wk16-27,NA,NA,NA,100,50,NA,NA,NA,NA,100,0,NA,NA,NA,NA,NA,NA,NA,NA,50,50,0,NA
Somali,Shabelle,Gode Hosp,ET050696,NA,66414.4332504925,2025-Wk28-52,NA,NA,NA,100,50,NA,NA,NA,NA,100,0,NA,NA,NA,NA,NA,NA,NA,NA,50,50,0,NA
Somali,Shabelle,Gode Rural,ET050604,NA,14138.606752091111,2025-Wk03-15,NA,NA,NA,50,50,NA,NA,NA,NA,100,0,NA,NA,NA,NA,NA,NA,NA,NA,50,50,0,NA
Somali,Shabelle,Gode Rural,ET050604,NA,14138.606752091111,2025-Wk16-27,NA,NA,NA,50,50,NA,NA,NA,NA,100,0,NA,NA,NA,NA,NA,NA,NA,NA,50,50,0,NA
Somali,Shabelle,Gode Rural,ET050604,NA,14138.606752091111,2025-Wk28-52,NA,NA,NA,50,50,NA,NA,NA,NA,100,0,NA,NA,NA,NA,NA,NA,NA,NA,50,50,0,NA
Somali,Shabelle,Gode town,ET050696,NA,66414.4332504925,2025-Wk03-15,NA,NA,NA,100,50,NA,NA,NA,NA,100,0,NA,NA,NA,NA,NA,NA,NA,NA,50,50,0,NA
Somali,Shabelle,Gode town,ET050696,NA,66414.4332504925,2025-Wk16-27,NA,NA,NA,100,50,NA,NA,NA,NA,100,0,NA,NA,NA,NA,NA,NA,NA,NA,50,50,0,NA
Somali,Shabelle,Gode town,ET050696,NA,66414.4332504925,2025-Wk28-52,NA,NA,NA,100,50,NA,NA,NA,NA,100,0,NA,NA,NA,NA,NA,NA,NA,NA,50,50,0,NA
Somali,Shabelle,Kelafo,ET050605,NA,119732.29940464254,2025-Wk03-15,NA,NA,NA,50,50,NA,NA,NA,NA,100,0,NA,NA,NA,NA,NA,NA,NA,NA,50,50,0,NA
Somali,Shabelle,Kelafo,ET050605,NA,119732.29940464254,2025-Wk16-27,NA,NA,NA,50,50,NA,NA,NA,NA,100,0,NA,NA,NA,NA,NA,NA,NA,NA,50,50,0,NA
Somali,Shabelle,Kelafo,ET050605,NA,119732.29940464254,2025-Wk28-52,NA,NA,NA,50,50,NA,NA,NA,NA,100,0,NA,NA,NA,NA,NA,NA,NA,NA,50,50,0,NA
Somali,Shabelle,Mustahil,ET050606,NA,72984.70291505098,2025-Wk03-15,NA,NA,NA,100,50,NA,NA,NA,NA,100,0,NA,NA,NA,NA,NA,NA,NA,NA,50,50,0,NA
Somali,Shabelle,Mustahil,ET050606,NA,72984.70291505098,2025-Wk16-27,NA,NA,NA,100,50,NA,NA,NA,NA,100,0,NA,NA,NA,NA,NA,NA,NA,NA,50,50,0,NA
Somali,Shabelle,Mustahil,ET050606,NA,72984.70291505098,2025-Wk28-52,NA,NA,NA,100,50,NA,NA,NA,NA,100,0,NA,NA,NA,NA,NA,NA,NA,NA,50,50,0,NA
Somali,Siti,Afdem,ET050105,NA,100531.7862871974,2025-Wk03-15,NA,NA,NA,50,50,NA,NA,NA,NA,100,0,NA,NA,NA,NA,NA,NA,NA,NA,50,50,0,NA
Somali,Siti,Afdem,ET050105,NA,100531.7862871974,2025-Wk16-27,NA,NA,NA,50,50,NA,NA,NA,NA,100,0,NA,NA,NA,NA,NA,NA,NA,NA,50,50,0,NA
Somali,Siti,Afdem,ET050105,NA,100531.7862871974,2025-Wk28-52,NA,NA,NA,50,50,NA,NA,NA,NA,100,0,NA,NA,NA,NA,NA,NA,NA,NA,50,50,0,NA
Somali,Siti,Ayisha,ET050101,NA,90243.51615163585,2025-Wk03-15,NA,NA,NA,100,50,NA,NA,NA,NA,100,0,NA,NA,NA,NA,NA,NA,NA,NA,50,50,0,NA
Somali,Siti,Ayisha,ET050101,NA,90243.51615163585,2025-Wk16-27,NA,NA,NA,100,50,NA,NA,NA,NA,100,0,NA,NA,NA,NA,NA,NA,NA,NA,50,50,0,NA
Somali,Siti,Ayisha,ET050101,NA,90243.51615163585,2025-Wk28-52,NA,NA,NA,100,50,NA,NA,NA,NA,100,0,NA,NA,NA,NA,NA,NA,NA,NA,50,50,0,NA
Somali,Siti,Bike Hosp.,ET050198,NA,45861.11580836568,2025-Wk03-15,NA,NA,NA,50,50,NA,NA,NA,NA,100,0,NA,NA,NA,NA,NA,NA,NA,NA,50,50,0,NA
Somali,Siti,Bike Hosp.,ET050198,NA,45861.11580836568,2025-Wk16-27,NA,NA,NA,50,50,NA,NA,NA,NA,100,0,NA,NA,NA,NA,NA,NA,NA,NA,50,50,0,NA
Somali,Siti,Bike Hosp.,ET050198,NA,45861.11580836568,2025-Wk28-52,NA,NA,NA,50,50,NA,NA,NA,NA,100,0,NA,NA,NA,NA,NA,NA,NA,NA,50,50,0,NA
Somali,Siti,Daymeed,ET050105,NA,100531.7862871974,2025-Wk03-15,NA,NA,NA,50,50,NA,NA,NA,NA,100,0,NA,NA,NA,NA,NA,NA,NA,NA,50,50,0,NA
Somali,Siti,Daymeed,ET050105,NA,100531.7862871974,2025-Wk16-27,NA,NA,NA,50,50,NA,NA,NA,NA,100,0,NA,NA,NA,NA,NA,NA,NA,NA,50,50,0,NA
Somali,Siti,Daymeed,ET050105,NA,100531.7862871974,2025-Wk28-52,NA,NA,NA,50,50,NA,NA,NA,NA,100,0,NA,NA,NA,NA,NA,NA,NA,NA,50,50,0,NA
Somali,Siti,Dembel,ET050102,NA,127012.94521864805,2025-Wk03-15,NA,NA,NA,50,50,NA,NA,NA,NA,100,0,NA,NA,NA,NA,NA,NA,NA,NA,50,50,0,NA
Somali,Siti,Dembel,ET050102,NA,127012.94521864805,2025-Wk16-27,NA,NA,NA,50,50,NA,NA,NA,NA,100,0,NA,NA,NA,NA,NA,NA,NA,NA,50,50,0,NA
Somali,Siti,Dembel,ET050102,NA,127012.94521864805,2025-Wk28-52,NA,NA,NA,50,50,NA,NA,NA,NA,100,0,NA,NA,NA,NA,NA,NA,NA,NA,50,50,0,NA
Somali,Siti,Dhuunyar,ET050105,NA,100531.7862871974,2025-Wk03-15,NA,NA,NA,50,50,NA,NA,NA,NA,0,0,NA,NA,NA,NA,NA,NA,NA,NA,50,50,0,NA
Somali,Siti,Dhuunyar,ET050105,NA,100531.7862871974,2025-Wk16-27,NA,NA,NA,50,50,NA,NA,NA,NA,0,0,NA,NA,NA,NA,NA,NA,NA,NA,50,50,0,NA
Somali,Siti,Dhuunyar,ET050105,NA,100531.7862871974,2025-Wk28-52,NA,NA,NA,50,50,NA,NA,NA,NA,0,0,NA,NA,NA,NA,NA,NA,NA,NA,50,50,0,NA
Somali,Siti,Erer (SM),ET050104,NA,75872.93409206247,2025-Wk03-15,NA,NA,NA,100,50,NA,NA,NA,NA,100,0,NA,NA,NA,NA,NA,NA,NA,NA,50,50,0,NA
Somali,Siti,Erer (SM),ET050104,NA,75872.93409206247,2025-Wk16-27,NA,NA,NA,100,50,NA,NA,NA,NA,100,0,NA,NA,NA,NA,NA,NA,NA,NA,50,50,0,NA
Somali,Siti,Erer (SM),ET050104,NA,75872.93409206247,2025-Wk28-52,NA,NA,NA,100,50,NA,NA,NA,NA,100,0,NA,NA,NA,NA,NA,NA,NA,NA,50,50,0,NA
Somali,Siti,Gablaalu,ET050199,NA,20601.26605345327,2025-Wk03-15,NA,NA,NA,100,50,NA,NA,NA,NA,100,0,NA,NA,NA,NA,NA,NA,NA,NA,50,50,0,NA
Somali,Siti,Gablaalu,ET050199,NA,20601.26605345327,2025-Wk16-27,NA,NA,NA,100,50,NA,NA,NA,NA,100,0,NA,NA,NA,NA,NA,NA,NA,NA,50,50,0,NA
Somali,Siti,Gablaalu,ET050199,NA,20601.26605345327,2025-Wk28-52,NA,NA,NA,100,50,NA,NA,NA,NA,100,0,NA,NA,NA,NA,NA,NA,NA,NA,50,50,0,NA
Somali,Siti,Goota-biki,ET050198,NA,45861.11580836568,2025-Wk03-15,NA,NA,NA,50,50,NA,NA,NA,NA,100,0,NA,NA,NA,NA,NA,NA,NA,NA,50,50,0,NA
Somali,Siti,Goota-biki,ET050198,NA,45861.11580836568,2025-Wk16-27,NA,NA,NA,50,50,NA,NA,NA,NA,100,0,NA,NA,NA,NA,NA,NA,NA,NA,50,50,0,NA
Somali,Siti,Goota-biki,ET050198,NA,45861.11580836568,2025-Wk28-52,NA,NA,NA,50,50,NA,NA,NA,NA,100,0,NA,NA,NA,NA,NA,NA,NA,NA,50,50,0,NA
Somali,Siti,Hadhagala,ET050106,NA,86176,2025-Wk03-15,NA,NA,NA,100,50,NA,NA,NA,NA,100,0,NA,NA,NA,NA,NA,NA,NA,NA,50,50,0,NA
Somali,Siti,Hadhagala,ET050106,NA,86176,2025-Wk16-27,NA,NA,NA,100,50,NA,NA,NA,NA,100,0,NA,NA,NA,NA,NA,NA,NA,NA,50,50,0,NA
Somali,Siti,Hadhagala,ET050106,NA,86176,2025-Wk28-52,NA,NA,NA,100,50,NA,NA,NA,NA,100,0,NA,NA,NA,NA,NA,NA,NA,NA,50,50,0,NA
Somali,Siti,Miesso,ET050107,NA,152386,2025-Wk03-15,NA,NA,NA,50,50,NA,NA,NA,NA,100,0,NA,NA,NA,NA,NA,NA,NA,NA,50,50,0,NA
Somali,Siti,Miesso,ET050107,NA,152386,2025-Wk16-27,NA,NA,NA,50,50,NA,NA,NA,NA,100,0,NA,NA,NA,NA,NA,NA,NA,NA,50,50,0,NA
Somali,Siti,Miesso,ET050107,NA,152386,2025-Wk28-52,NA,NA,NA,50,50,NA,NA,NA,NA,100,0,NA,NA,NA,NA,NA,NA,NA,NA,50,50,0,NA
Somali,Siti,Shinile,ET050103,NA,73434.27091681157,2025-Wk03-15,NA,NA,NA,100,50,NA,NA,NA,NA,100,0,NA,NA,NA,NA,NA,NA,NA,NA,50,50,0,NA
Somali,Siti,Shinile,ET050103,NA,73434.27091681157,2025-Wk16-27,NA,NA,NA,100,50,NA,NA,NA,NA,100,0,NA,NA,NA,NA,NA,NA,NA,NA,50,50,0,NA
Somali,Siti,Shinile,ET050103,NA,73434.27091681157,2025-Wk28-52,NA,NA,NA,100,50,NA,NA,NA,NA,100,0,NA,NA,NA,NA,NA,NA,NA,NA,50,50,0,NA
Somali,Siti,Shinile Hospital,ET050103,NA,73434.27091681157,2025-Wk03-15,NA,NA,NA,100,50,NA,NA,NA,NA,100,0,NA,NA,NA,NA,NA,NA,NA,NA,50,50,0,NA
Somali,Siti,Shinile Hospital,ET050103,NA,73434.27091681157,2025-Wk16-27,NA,NA,NA,100,50,NA,NA,NA,NA,100,0,NA,NA,NA,NA,NA,NA,NA,NA,50,50,0,NA
Somali,Siti,Shinile Hospital,ET050103,NA,73434.27091681157,2025-Wk28-52,NA,NA,NA,100,50,NA,NA,NA,NA,100,0,NA,NA,NA,NA,NA,NA,NA,NA,50,50,0,NA
South Ethiopia,Alle,Kolango Zuria,ET071205,NA,92298.47558985336,2025-Wk03-15,NA,0,NA,92.3,100,NA,100,0,NA,100,0,NA,NA,NA,NA,100,100,0,0,0,100,100,NA
South Ethiopia,Alle,Kolango Zuria,ET071205,NA,92298.47558985336,2025-Wk16-27,NA,NA,NA,92.3,100,NA,NA,0,NA,100,0,NA,NA,NA,NA,0,100,0,0,0,100,0,NA
South Ethiopia,Alle,Kolango Zuria,ET071205,NA,92298.47558985336,2025-Wk28-52,NA,NA,NA,100,100,NA,100,0,NA,100,0,NA,NA,NA,NA,100,100,0,0,0,100,100,NA
South Ethiopia,Alle,Kolango town,ET071205,NA,92298.47558985336,2025-Wk03-15,NA,0,NA,84.6,100,NA,NA,0,NA,100,0,NA,NA,NA,NA,0,0,0,0,0,100,0,NA
South Ethiopia,Alle,Kolango town,ET071205,NA,92298.47558985336,2025-Wk16-27,NA,NA,NA,84.6,100,NA,NA,0,NA,100,0,NA,NA,NA,NA,0,0,0,0,0,100,0,NA
South Ethiopia,Alle,Kolango town,ET071205,NA,92298.47558985336,2025-Wk28-52,NA,NA,NA,100,100,NA,NA,0,NA,100,0,NA,NA,NA,NA,100,0,0,0,0,100,0,NA
South Ethiopia,Ari,Backa dawla,ET070710,NA,49623.100009387155,2025-Wk03-15,NA,0,NA,92.3,100,NA,NA,0,NA,0,0,NA,NA,NA,NA,0,0,0,0,0,100,0,NA
South Ethiopia,Ari,Backa dawla,ET070710,NA,49623.100009387155,2025-Wk16-27,NA,NA,NA,92.3,100,NA,NA,0,NA,0,0,NA,NA,NA,NA,0,0,0,0,0,100,0,NA
South Ethiopia,Ari,Backa dawla,ET070710,NA,49623.100009387155,2025-Wk28-52,NA,NA,NA,100,100,NA,NA,0,NA,0,0,NA,NA,NA,NA,100,0,0,0,0,100,0,NA
South Ethiopia,Ari,Gelila Town Admin.,ET070703,NA,88457.81439451309,2025-Wk03-15,NA,0,NA,92.3,100,NA,NA,0,NA,0,0,NA,NA,NA,NA,0,0,0,0,0,0,100,NA
South Ethiopia,Ari,Gelila Town Admin.,ET070703,NA,88457.81439451309,2025-Wk16-27,NA,NA,NA,92.3,100,NA,NA,0,NA,0,0,NA,NA,NA,NA,0,0,0,0,0,100,0,NA
South Ethiopia,Ari,Gelila Town Admin.,ET070703,NA,88457.81439451309,2025-Wk28-52,NA,NA,NA,100,100,NA,33.3,0,NA,0,0,NA,NA,NA,NA,100,0,0,0,0,100,0,NA
South Ethiopia,Ari,Jinka Town Administration,ET070709,NA,34723.29628189389,2025-Wk03-15,NA,0,NA,100,100,NA,54.7,0,NA,100,0,NA,NA,NA,NA,100,100,0,100,0,0,100,1
South Ethiopia,Ari,Jinka Town Administration,ET070709,NA,34723.29628189389,2025-Wk16-27,NA,NA,NA,100,100,NA,NA,0,NA,100,0,NA,NA,NA,NA,100,100,0,100,0,100,100,1
South Ethiopia,Ari,Jinka Town Administration,ET070709,NA,34723.29628189389,2025-Wk28-52,0,0,100,100,100,NA,77.1,50,100,100,100,0,100,NA,NA,100,100,0,100,0,100,100,100
South Ethiopia,Ari,North Ari  WoHO,ET070703,NA,88457.81439451309,2025-Wk03-15,NA,0,NA,92.3,100,NA,NA,0,NA,0,0,NA,NA,NA,NA,100,0,0,0,0,100,100,NA
South Ethiopia,Ari,North Ari  WoHO,ET070703,NA,88457.81439451309,2025-Wk16-27,NA,NA,NA,92.3,100,NA,NA,0,NA,0,0,NA,NA,NA,NA,0,0,0,0,0,100,0,NA
South Ethiopia,Ari,North Ari  WoHO,ET070703,NA,88457.81439451309,2025-Wk28-52,NA,NA,NA,100,100,NA,66.7,0,NA,0,0,NA,NA,NA,NA,100,0,0,0,0,100,0,NA
South Ethiopia,Ari,South Ari  WoHO,ET070702,NA,170963.0637121301,2025-Wk03-15,NA,0,NA,92.3,100,NA,NA,0,NA,100,0,NA,NA,NA,NA,100,0,0,0,0,0,100,NA
South Ethiopia,Ari,South Ari  WoHO,ET070702,NA,170963.0637121301,2025-Wk16-27,NA,NA,NA,92.3,100,NA,NA,0,NA,100,0,NA,NA,NA,NA,0,0,0,0,0,100,0,NA
South Ethiopia,Ari,South Ari  WoHO,ET070702,NA,170963.0637121301,2025-Wk28-52,NA,NA,NA,100,100,NA,50,0,NA,100,0,NA,NA,NA,NA,100,0,0,0,0,100,0,NA
South Ethiopia,Ari,Woba Ari,ET070711,NA,61483.27429922751,2025-Wk03-15,NA,0,NA,100,100,NA,NA,0,NA,0,0,NA,NA,NA,NA,100,0,0,0,0,0,100,NA
South Ethiopia,Ari,Woba Ari,ET070711,NA,61483.27429922751,2025-Wk16-27,NA,NA,NA,100,100,NA,NA,0,NA,0,0,NA,NA,NA,NA,0,0,0,0,0,100,0,NA
South Ethiopia,Ari,Woba Ari,ET070711,NA,61483.27429922751,2025-Wk28-52,NA,NA,NA,100,100,NA,42.9,0,NA,0,0,NA,NA,NA,NA,100,0,0,0,0,100,0,NA
South Ethiopia,Basketo,Laska Zuria,ET071601,NA,49977.63830009827,2025-Wk03-15,NA,0,NA,100,100,NA,NA,0,NA,100,0,NA,NA,NA,NA,100,0,0,100,0,0,100,1
South Ethiopia,Basketo,Laska Zuria,ET071601,NA,49977.63830009827,2025-Wk16-27,NA,NA,NA,100,100,NA,NA,0,NA,100,0,NA,NA,NA,NA,100,0,0,100,0,100,100,1
South Ethiopia,Basketo,Laska Zuria,ET071601,NA,49977.63830009827,2025-Wk28-52,0,0,50,100,100,NA,NA,50,NA,100,100,0,100,NA,NA,100,0,0,100,0,100,100,100
South Ethiopia,Basketo,Laska town,ET071601,NA,49977.63830009827,2025-Wk03-15,NA,0,NA,100,100,NA,NA,0,NA,0,0,NA,NA,NA,NA,0,0,0,0,0,0,0,NA
South Ethiopia,Basketo,Laska town,ET071601,NA,49977.63830009827,2025-Wk16-27,NA,NA,NA,100,100,NA,NA,0,NA,0,0,NA,NA,NA,NA,0,0,0,0,0,100,0,NA
South Ethiopia,Basketo,Laska town,ET071601,NA,49977.63830009827,2025-Wk28-52,NA,NA,NA,100,100,NA,NA,0,NA,0,0,NA,NA,NA,NA,100,0,0,0,0,100,0,NA
South Ethiopia,Burji,Soyama Zuria,ET072203,NA,85848.61,2025-Wk03-15,NA,0,NA,76.9,100,NA,NA,0,NA,0,0,NA,NA,NA,NA,100,0,0,0,0,100,0,NA
South Ethiopia,Burji,Soyama Zuria,ET072203,NA,85848.61,2025-Wk16-27,NA,NA,NA,76.9,100,NA,NA,0,NA,0,0,NA,NA,NA,NA,100,0,0,0,0,100,0,NA
South Ethiopia,Burji,Soyama Zuria,ET072203,NA,85848.61,2025-Wk28-52,NA,NA,NA,84.6,92.3,NA,NA,0,NA,0,0,NA,NA,NA,NA,100,0,0,0,0,100,0,NA
South Ethiopia,Burji,Soyama town,ET072203,NA,85848.61,2025-Wk03-15,NA,0,NA,76.9,100,NA,NA,0,NA,0,0,NA,NA,NA,NA,0,0,0,0,0,0,0,NA
South Ethiopia,Burji,Soyama town,ET072203,NA,85848.61,2025-Wk16-27,NA,NA,NA,76.9,100,NA,NA,0,NA,0,0,NA,NA,NA,NA,0,0,0,0,0,100,0,NA
South Ethiopia,Burji,Soyama town,ET072203,NA,85848.61,2025-Wk28-52,NA,NA,NA,100,100,NA,NA,0,NA,0,0,NA,NA,NA,NA,100,0,0,0,0,100,0,NA
South Ethiopia,Gamo,Arba Minch Town,ET071021,NA,128290.2399459248,2025-Wk03-15,NA,0,NA,100,100,NA,33.3,0,NA,0,0,NA,NA,NA,NA,100,0,0,0,0,0,100,NA
South Ethiopia,Gamo,Arba Minch Town,ET071021,NA,128290.2399459248,2025-Wk16-27,NA,NA,NA,100,100,NA,NA,0,NA,0,0,NA,NA,NA,NA,0,0,0,0,0,100,100,NA
South Ethiopia,Gamo,Arba Minch Town,ET071021,NA,128290.2399459248,2025-Wk28-52,NA,NA,NA,100,100,NA,73.7,0,NA,0,0,NA,NA,NA,NA,100,0,0,0,0,100,100,NA
South Ethiopia,Gamo,Arba Minch Zuria,ET071015,NA,134753.84259626144,2025-Wk03-15,NA,0,NA,100,100,NA,NA,0,NA,0,0,NA,NA,NA,NA,100,100,0,0,0,0,100,NA
South Ethiopia,Gamo,Arba Minch Zuria,ET071015,NA,134753.84259626144,2025-Wk16-27,NA,NA,NA,100,100,NA,NA,0,NA,0,0,NA,NA,NA,NA,100,100,0,0,0,100,100,NA
South Ethiopia,Gamo,Arba Minch Zuria,ET071015,NA,134753.84259626144,2025-Wk28-52,NA,NA,NA,100,100,NA,NA,0,NA,0,0,NA,NA,NA,NA,100,100,0,0,0,100,100,NA
South Ethiopia,Gamo,Birbir Town,ET071005,NA,76364.23968323147,2025-Wk03-15,NA,0,NA,100,100,NA,NA,0,NA,100,0,NA,NA,NA,NA,0,0,0,0,0,0,0,NA
South Ethiopia,Gamo,Birbir Town,ET071005,NA,76364.23968323147,2025-Wk16-27,NA,NA,NA,100,100,NA,NA,0,NA,100,0,NA,NA,NA,NA,0,0,0,0,0,100,0,NA
South Ethiopia,Gamo,Birbir Town,ET071005,NA,76364.23968323147,2025-Wk28-52,NA,NA,NA,100,100,NA,NA,0,NA,100,0,NA,NA,NA,NA,100,0,0,0,0,100,0,NA
South Ethiopia,Gamo,Bonke,ET071014,NA,65553.02290107291,2025-Wk03-15,NA,0,NA,100,100,NA,NA,0,NA,100,0,NA,NA,NA,NA,100,0,0,100,0,0,0,NA
South Ethiopia,Gamo,Bonke,ET071014,NA,65553.02290107291,2025-Wk16-27,NA,NA,NA,100,100,NA,NA,0,NA,100,0,NA,NA,NA,NA,0,0,0,100,0,100,0,NA
South Ethiopia,Gamo,Bonke,ET071014,NA,65553.02290107291,2025-Wk28-52,NA,NA,NA,100,100,NA,NA,0,NA,100,0,NA,NA,NA,NA,100,0,0,100,0,100,0,NA
South Ethiopia,Gamo,Boreda,ET071004,NA,100507.26797512823,2025-Wk03-15,NA,0,NA,100,100,NA,NA,0,NA,100,0,NA,NA,NA,NA,100,100,0,0,0,100,100,NA
South Ethiopia,Gamo,Boreda,ET071004,NA,100507.26797512823,2025-Wk16-27,NA,0,0,100,100,100,100,0,NA,100,100,NA,1,NA,NA,0,100,0,0,0,100,100,0
South Ethiopia,Gamo,Boreda,ET071004,NA,100507.26797512823,2025-Wk28-52,NA,NA,NA,100,100,100,NA,0,NA,100,0,NA,1,NA,NA,100,100,0,0,0,100,100,0
South Ethiopia,Gamo,Chencha Town,ET071010,NA,33554.84269192585,2025-Wk03-15,NA,0,NA,100,100,NA,NA,0,NA,0,0,NA,NA,NA,NA,100,0,0,0,0,100,0,NA
South Ethiopia,Gamo,Chencha Town,ET071010,NA,33554.84269192585,2025-Wk16-27,NA,NA,NA,100,100,NA,NA,0,NA,0,0,NA,NA,NA,NA,0,0,0,0,0,100,0,NA
South Ethiopia,Gamo,Chencha Town,ET071010,NA,33554.84269192585,2025-Wk28-52,NA,NA,NA,100,100,NA,NA,0,NA,0,0,NA,NA,NA,NA,100,0,0,0,0,100,0,NA
South Ethiopia,Gamo,Chencha Zuria,ET071006,NA,91438.2479816013,2025-Wk03-15,NA,0,NA,100,100,NA,NA,0,NA,0,0,NA,NA,NA,NA,100,0,0,0,0,100,0,NA
South Ethiopia,Gamo,Chencha Zuria,ET071006,NA,91438.2479816013,2025-Wk16-27,NA,NA,NA,100,100,NA,NA,0,NA,0,0,NA,NA,NA,NA,0,0,0,0,0,100,0,NA
South Ethiopia,Gamo,Chencha Zuria,ET071006,NA,91438.2479816013,2025-Wk28-52,NA,NA,NA,100,100,NA,NA,0,NA,0,0,NA,NA,NA,NA,100,0,0,0,0,100,0,NA
South Ethiopia,Gamo,Daramalo,ET071009,NA,119776.94314590865,2025-Wk03-15,NA,0,NA,100,100,NA,NA,0,NA,0,0,NA,NA,NA,NA,0,0,0,0,0,0,100,NA
South Ethiopia,Gamo,Daramalo,ET071009,NA,119776.94314590865,2025-Wk16-27,NA,NA,NA,100,100,NA,NA,0,NA,0,0,NA,NA,NA,NA,0,0,0,0,0,100,100,NA
South Ethiopia,Gamo,Daramalo,ET071009,NA,119776.94314590865,2025-Wk28-52,NA,NA,NA,100,100,NA,NA,0,NA,0,0,NA,NA,NA,NA,100,0,0,0,0,100,100,NA
South Ethiopia,Gamo,Dita,ET071008,NA,124064.40602509801,2025-Wk03-15,NA,0,NA,92.3,100,NA,NA,0,NA,100,0,NA,NA,NA,NA,100,0,0,0,0,0,0,NA
South Ethiopia,Gamo,Dita,ET071008,NA,124064.40602509801,2025-Wk16-27,NA,NA,NA,92.3,100,NA,NA,0,NA,100,0,NA,NA,NA,NA,0,0,0,0,0,100,0,NA
South Ethiopia,Gamo,Dita,ET071008,NA,124064.40602509801,2025-Wk28-52,NA,NA,NA,100,100,NA,NA,0,NA,100,0,NA,NA,NA,NA,100,0,0,0,0,100,0,NA
South Ethiopia,Gamo,Gacho Baba,ET071016,NA,106936.8684415408,2025-Wk03-15,NA,0,NA,92.3,100,NA,NA,0,NA,100,0,NA,NA,NA,NA,100,0,0,0,0,100,100,NA
South Ethiopia,Gamo,Gacho Baba,ET071016,NA,106936.8684415408,2025-Wk16-27,NA,NA,NA,92.3,100,NA,NA,0,NA,100,0,NA,NA,NA,NA,0,0,0,0,0,100,0,NA
South Ethiopia,Gamo,Gacho Baba,ET071016,NA,106936.8684415408,2025-Wk28-52,NA,NA,NA,100,100,NA,NA,0,NA,100,0,NA,NA,NA,NA,100,0,0,0,0,100,0,NA
South Ethiopia,Gamo,Garda Martha,ET071018,NA,55279.0505147329,2025-Wk03-15,NA,0,NA,100,100,NA,NA,0,NA,0,0,NA,NA,NA,NA,100,0,0,0,0,100,100,NA
South Ethiopia,Gamo,Garda Martha,ET071018,NA,55279.0505147329,2025-Wk16-27,NA,NA,NA,100,100,NA,NA,0,NA,0,0,NA,NA,NA,NA,0,0,0,0,0,100,0,NA
South Ethiopia,Gamo,Garda Martha,ET071018,NA,55279.0505147329,2025-Wk28-52,NA,NA,NA,100,100,NA,NA,0,NA,0,0,NA,NA,NA,NA,100,0,0,0,0,100,0,NA
South Ethiopia,Gamo,Gerese,ET071013,NA,133564.39055688254,2025-Wk03-15,NA,0,NA,100,100,NA,NA,0,NA,100,0,NA,NA,NA,NA,100,0,0,100,0,0,0,NA
South Ethiopia,Gamo,Gerese,ET071013,NA,133564.39055688254,2025-Wk16-27,NA,NA,NA,100,100,NA,NA,0,NA,100,0,NA,NA,NA,NA,0,0,0,100,0,100,0,NA
South Ethiopia,Gamo,Gerese,ET071013,NA,133564.39055688254,2025-Wk28-52,NA,NA,NA,100,100,NA,NA,0,NA,100,0,NA,NA,NA,NA,100,0,0,100,0,100,0,NA
South Ethiopia,Gamo,Gerese Town,ET071013,NA,133564.39055688254,2025-Wk03-15,NA,0,NA,100,100,NA,NA,0,NA,0,0,NA,NA,NA,NA,0,0,0,0,0,0,100,NA
South Ethiopia,Gamo,Gerese Town,ET071013,NA,133564.39055688254,2025-Wk16-27,NA,NA,NA,100,100,NA,NA,0,NA,0,0,NA,NA,NA,NA,0,0,0,0,0,100,100,NA
South Ethiopia,Gamo,Gerese Town,ET071013,NA,133564.39055688254,2025-Wk28-52,NA,NA,NA,100,100,NA,NA,0,NA,0,0,NA,NA,NA,NA,100,0,0,0,0,100,100,NA
South Ethiopia,Gamo,Kamba Tow,ET071012,NA,25093.6117360436,2025-Wk03-15,NA,0,NA,100,100,NA,NA,0,NA,0,0,NA,NA,NA,NA,0,100,0,0,0,0,100,NA
South Ethiopia,Gamo,Kamba Tow,ET071012,NA,25093.6117360436,2025-Wk16-27,NA,NA,NA,100,100,NA,NA,0,NA,0,0,NA,NA,NA,NA,0,100,0,0,0,100,0,NA
South Ethiopia,Gamo,Kamba Tow,ET071012,NA,25093.6117360436,2025-Wk28-52,NA,NA,NA,100,100,NA,40,0,NA,0,0,NA,NA,NA,NA,100,100,0,0,0,100,0,NA
South Ethiopia,Gamo,Kamba Zuria,ET071011,NA,149486.35134965947,2025-Wk03-15,NA,0,NA,100,100,NA,NA,0,NA,100,0,NA,NA,NA,NA,100,0,0,0,0,0,100,NA
South Ethiopia,Gamo,Kamba Zuria,ET071011,NA,149486.35134965947,2025-Wk16-27,NA,NA,NA,100,100,NA,NA,0,NA,100,0,NA,NA,NA,NA,100,0,0,0,0,100,100,NA
South Ethiopia,Gamo,Kamba Zuria,ET071011,NA,149486.35134965947,2025-Wk28-52,NA,NA,NA,100,100,NA,NA,0,NA,100,0,NA,NA,NA,NA,100,0,0,0,0,100,100,NA
South Ethiopia,Gamo,Kogota,ET071007,NA,42416.66187716482,2025-Wk03-15,NA,0,NA,100,100,NA,NA,0,NA,0,0,NA,NA,NA,NA,0,0,0,0,0,0,0,NA
South Ethiopia,Gamo,Kogota,ET071007,NA,42416.66187716482,2025-Wk16-27,NA,NA,NA,100,100,NA,NA,0,NA,0,0,NA,NA,NA,NA,0,0,0,0,0,100,0,NA
South Ethiopia,Gamo,Kogota,ET071007,NA,42416.66187716482,2025-Wk28-52,NA,NA,NA,100,100,NA,NA,0,NA,0,0,NA,NA,NA,NA,100,0,0,0,0,100,0,NA
South Ethiopia,Gamo,Mirab Abaya,ET071005,NA,76364.23968323147,2025-Wk03-15,NA,0,100,100,100,100,25,100,0,100,100,0,100,NA,NA,100,0,0,100,0,0,100,100
South Ethiopia,Gamo,Mirab Abaya,ET071005,NA,76364.23968323147,2025-Wk16-27,NA,NA,100,100,100,NA,NA,100,0,100,100,0,100,NA,NA,0,0,0,100,0,100,100,100
South Ethiopia,Gamo,Mirab Abaya,ET071005,NA,76364.23968323147,2025-Wk28-52,NA,NA,100,100,100,NA,NA,0,0,100,100,NA,1,NA,NA,100,0,0,100,0,100,100,0
South Ethiopia,Gamo,Selamber Tow,ET071003,NA,29751.91093365603,2025-Wk03-15,NA,0,NA,92.3,100,NA,NA,0,NA,100,0,NA,NA,NA,NA,100,0,0,0,0,0,100,NA
South Ethiopia,Gamo,Selamber Tow,ET071003,NA,29751.91093365603,2025-Wk16-27,NA,NA,NA,92.3,100,NA,NA,0,NA,100,0,NA,NA,NA,NA,0,0,0,0,0,100,0,NA
South Ethiopia,Gamo,Selamber Tow,ET071003,NA,29751.91093365603,2025-Wk28-52,NA,NA,NA,100,100,NA,NA,0,NA,100,0,NA,NA,NA,NA,100,0,0,0,0,100,0,NA
South Ethiopia,Gamo,kucha Alpha,ET071017,NA,61740.528028574416,2025-Wk03-15,NA,0,NA,100,100,NA,NA,0,NA,0,0,NA,NA,NA,NA,0,100,0,0,0,0,100,1
South Ethiopia,Gamo,kucha Alpha,ET071017,NA,61740.528028574416,2025-Wk16-27,NA,NA,NA,100,100,NA,NA,0,NA,0,0,NA,NA,NA,NA,0,100,0,0,0,100,100,1
South Ethiopia,Gamo,kucha Alpha,ET071017,NA,61740.528028574416,2025-Wk28-52,NA,NA,NA,100,100,NA,NA,0,NA,0,0,NA,NA,NA,NA,100,100,0,0,0,100,100,0
South Ethiopia,Gamo,kucha zuria,ET071019,NA,129036.16285576146,2025-Wk03-15,NA,0,NA,100,100,NA,NA,0,NA,0,0,NA,NA,NA,NA,100,100,0,0,0,100,100,1
South Ethiopia,Gamo,kucha zuria,ET071019,NA,129036.16285576146,2025-Wk16-27,0,NA,NA,100,100,NA,NA,0,NA,0,0,NA,NA,NA,NA,100,100,0,0,0,100,100,1
South Ethiopia,Gamo,kucha zuria,ET071019,NA,129036.16285576146,2025-Wk28-52,0,NA,NA,100,100,NA,NA,0,NA,0,0,NA,NA,NA,NA,100,100,0,0,0,100,100,0
South Ethiopia,Gardula,Derashe Woreda,ET072304,NA,110434.07979769849,2025-Wk03-15,NA,0,NA,84.6,100,NA,NA,0,NA,0,0,NA,NA,NA,NA,100,0,0,0,0,100,100,NA
South Ethiopia,Gardula,Derashe Woreda,ET072304,NA,110434.07979769849,2025-Wk16-27,NA,NA,NA,84.6,100,NA,NA,0,NA,0,0,NA,NA,NA,NA,0,0,0,0,0,100,100,NA
South Ethiopia,Gardula,Derashe Woreda,ET072304,NA,110434.07979769849,2025-Wk28-52,NA,NA,NA,100,100,NA,NA,0,NA,0,0,NA,NA,NA,NA,100,0,0,0,0,100,100,NA
South Ethiopia,Gardula,Gidole Twon,ET072304,NA,110434.07979769849,2025-Wk03-15,NA,0,NA,84.6,100,NA,20,0,NA,0,0,NA,NA,NA,NA,0,0,0,0,0,0,0,NA
South Ethiopia,Gardula,Gidole Twon,ET072304,NA,110434.07979769849,2025-Wk16-27,NA,NA,NA,84.6,100,NA,NA,0,NA,0,0,NA,NA,NA,NA,0,0,0,0,0,100,0,NA
South Ethiopia,Gardula,Gidole Twon,ET072304,NA,110434.07979769849,2025-Wk28-52,NA,NA,NA,100,100,NA,53.3,0,NA,0,0,NA,NA,NA,NA,100,0,0,0,0,100,0,NA
South Ethiopia,Gedio,Bulle  WoHO,ET070504,NA,81251.05308797139,2025-Wk03-15,NA,0,NA,100,100,NA,NA,0,NA,100,0,NA,NA,NA,NA,0,0,0,0,0,100,0,NA
South Ethiopia,Gedio,Bulle  WoHO,ET070504,NA,81251.05308797139,2025-Wk16-27,NA,NA,NA,100,100,NA,NA,0,NA,100,0,NA,NA,NA,NA,0,0,0,0,0,100,0,NA
South Ethiopia,Gedio,Bulle  WoHO,ET070504,NA,81251.05308797139,2025-Wk28-52,NA,NA,NA,100,100,NA,NA,0,NA,100,0,NA,NA,NA,NA,100,0,0,0,0,100,0,NA
South Ethiopia,Gedio,Chelelekitu taHo,ET070508,NA,30133.71898924671,2025-Wk03-15,NA,0,NA,100,100,NA,NA,0,NA,0,0,NA,NA,NA,NA,0,0,0,100,0,100,100,1
South Ethiopia,Gedio,Chelelekitu taHo,ET070508,NA,30133.71898924671,2025-Wk16-27,NA,NA,NA,100,100,NA,NA,0,NA,0,0,NA,NA,NA,NA,0,0,0,100,0,100,0,1
South Ethiopia,Gedio,Chelelekitu taHo,ET070508,NA,30133.71898924671,2025-Wk28-52,NA,NA,NA,100,100,NA,NA,0,NA,0,0,NA,NA,NA,NA,100,0,0,100,0,100,0,0
South Ethiopia,Gedio,Chorisso WoHo,ET070510,NA,122762.37,2025-Wk03-15,NA,0,NA,100,100,NA,NA,0,NA,0,0,NA,NA,NA,NA,0,0,0,0,0,0,100,NA
South Ethiopia,Gedio,Chorisso WoHo,ET070510,NA,122762.37,2025-Wk16-27,NA,NA,NA,100,100,NA,NA,0,NA,0,0,NA,NA,NA,NA,0,0,0,0,0,100,0,NA
South Ethiopia,Gedio,Chorisso WoHo,ET070510,NA,122762.37,2025-Wk28-52,NA,NA,NA,100,100,NA,NA,0,NA,0,0,NA,NA,NA,NA,100,0,0,0,0,100,0,NA
South Ethiopia,Gedio,Dilla  taHO,ET070507,NA,101342.37276030838,2025-Wk03-15,NA,0,NA,100,100,NA,50,0,NA,0,0,NA,NA,NA,NA,100,100,0,100,0,100,100,NA
South Ethiopia,Gedio,Dilla  taHO,ET070507,NA,101342.37276030838,2025-Wk16-27,NA,NA,NA,100,100,NA,100,100,0,100,100,0,100,NA,NA,100,100,0,100,0,100,100,0
South Ethiopia,Gedio,Dilla  taHO,ET070507,NA,101342.37276030838,2025-Wk28-52,NA,NA,NA,100,100,NA,NA,0,0,100,100,NA,1,NA,NA,100,100,0,100,0,100,100,NA
South Ethiopia,Gedio,Dilla Zuria  WoHO,ET070505,NA,144562.72921437223,2025-Wk03-15,NA,0,NA,100,100,NA,NA,0,NA,0,0,NA,NA,NA,NA,100,0,0,0,0,100,100,NA
South Ethiopia,Gedio,Dilla Zuria  WoHO,ET070505,NA,144562.72921437223,2025-Wk16-27,NA,NA,NA,100,100,NA,NA,0,NA,0,0,NA,NA,NA,NA,0,0,0,0,0,100,100,NA
South Ethiopia,Gedio,Dilla Zuria  WoHO,ET070505,NA,144562.72921437223,2025-Wk28-52,NA,NA,NA,100,100,NA,NA,0,NA,0,0,NA,NA,NA,NA,100,0,0,0,0,100,100,NA
South Ethiopia,Gedio,Gedeb taHo,ET070511,NA,21829.176437243754,2025-Wk03-15,NA,0,NA,100,100,NA,NA,0,NA,0,0,NA,NA,NA,NA,100,0,0,0,0,100,0,NA
South Ethiopia,Gedio,Gedeb taHo,ET070511,NA,21829.176437243754,2025-Wk16-27,NA,NA,NA,100,100,NA,NA,0,NA,0,0,NA,NA,NA,NA,0,0,0,0,0,100,0,NA
South Ethiopia,Gedio,Gedeb taHo,ET070511,NA,21829.176437243754,2025-Wk28-52,NA,NA,NA,100,100,NA,NA,0,NA,0,0,NA,NA,NA,NA,100,0,0,0,0,100,0,NA
South Ethiopia,Gedio,Gedeb woreda,ET070506,NA,122815.06575859687,2025-Wk03-15,NA,0,NA,100,100,NA,NA,0,NA,100,0,NA,NA,NA,NA,100,0,0,0,0,100,100,NA
South Ethiopia,Gedio,Gedeb woreda,ET070506,NA,122815.06575859687,2025-Wk16-27,NA,NA,NA,100,100,NA,NA,0,NA,100,0,NA,NA,NA,NA,0,0,0,0,0,100,0,NA
South Ethiopia,Gedio,Gedeb woreda,ET070506,NA,122815.06575859687,2025-Wk28-52,NA,NA,NA,100,100,NA,NA,0,NA,100,0,NA,NA,NA,NA,100,0,0,0,0,100,0,NA
South Ethiopia,Gedio,Kochore  WoHO,ET070503,NA,131969.51699737727,2025-Wk03-15,NA,0,NA,100,100,NA,NA,0,NA,0,0,NA,NA,NA,NA,100,0,0,0,0,100,0,NA
South Ethiopia,Gedio,Kochore  WoHO,ET070503,NA,131969.51699737727,2025-Wk16-27,NA,NA,NA,100,100,NA,NA,0,NA,0,0,NA,NA,NA,NA,100,0,0,0,0,100,0,NA
South Ethiopia,Gedio,Kochore  WoHO,ET070503,NA,131969.51699737727,2025-Wk28-52,NA,NA,NA,100,100,NA,NA,0,NA,0,0,NA,NA,NA,NA,100,0,0,0,0,100,0,NA
South Ethiopia,Gedio,Rappe WoHo,ET070509,NA,90482.66973284351,2025-Wk03-15,NA,0,NA,100,100,NA,NA,0,NA,0,0,NA,NA,NA,NA,0,0,0,0,0,100,0,NA
South Ethiopia,Gedio,Rappe WoHo,ET070509,NA,90482.66973284351,2025-Wk16-27,NA,NA,NA,100,100,NA,NA,0,NA,0,0,NA,NA,NA,NA,0,0,0,0,0,100,0,NA
South Ethiopia,Gedio,Rappe WoHo,ET070509,NA,90482.66973284351,2025-Wk28-52,NA,NA,NA,100,100,NA,NA,0,NA,0,0,NA,NA,NA,NA,100,0,0,0,0,100,0,NA
South Ethiopia,Gedio,Wenago  Town,ET070501,NA,16198.415161193048,2025-Wk03-15,NA,0,NA,100,100,NA,NA,0,NA,0,0,NA,NA,NA,NA,0,0,0,0,0,100,100,NA
South Ethiopia,Gedio,Wenago  Town,ET070501,NA,16198.415161193048,2025-Wk16-27,NA,NA,NA,100,100,NA,NA,0,NA,0,0,NA,NA,NA,NA,0,0,0,0,0,100,0,NA
South Ethiopia,Gedio,Wenago  Town,ET070501,NA,16198.415161193048,2025-Wk28-52,NA,NA,NA,100,100,NA,NA,0,NA,0,0,NA,NA,NA,NA,100,0,0,0,0,100,0,NA
South Ethiopia,Gedio,Wenago  WoHO,ET070501,NA,16198.415161193048,2025-Wk03-15,NA,0,NA,100,100,NA,NA,0,NA,100,0,NA,NA,NA,NA,100,100,0,100,0,100,100,NA
South Ethiopia,Gedio,Wenago  WoHO,ET070501,NA,16198.415161193048,2025-Wk16-27,NA,NA,NA,100,100,NA,NA,0,NA,100,0,NA,NA,NA,NA,0,100,0,100,0,100,100,NA
South Ethiopia,Gedio,Wenago  WoHO,ET070501,NA,16198.415161193048,2025-Wk28-52,NA,NA,NA,100,100,NA,NA,0,NA,100,0,NA,NA,NA,NA,100,100,0,100,0,100,100,NA
South Ethiopia,Gedio,Yirga Chefe  taHO,ET070512,NA,25901.56499140618,2025-Wk03-15,NA,0,NA,100,100,NA,NA,0,NA,0,0,NA,NA,NA,NA,100,100,0,0,0,100,0,NA
South Ethiopia,Gedio,Yirga Chefe  taHO,ET070512,NA,25901.56499140618,2025-Wk16-27,NA,NA,NA,100,100,NA,NA,0,NA,0,0,NA,NA,NA,NA,0,100,0,0,0,100,0,NA
South Ethiopia,Gedio,Yirga Chefe  taHO,ET070512,NA,25901.56499140618,2025-Wk28-52,NA,NA,NA,100,100,NA,NA,0,NA,0,0,NA,NA,NA,NA,100,100,0,0,0,100,0,NA
South Ethiopia,Gedio,Yirgachefe,ET070502,NA,259392.7833083223,2025-Wk03-15,50,100,0,100,100,100,16.7,0,0,100,100,0,100,NA,NA,100,0,0,0,0,100,100,100
South Ethiopia,Gedio,Yirgachefe,ET070502,NA,259392.7833083223,2025-Wk16-27,NA,NA,0,100,100,NA,16.7,0,0,100,100,0,100,NA,NA,0,0,0,0,0,100,0,100
South Ethiopia,Gedio,Yirgachefe,ET070502,NA,259392.7833083223,2025-Wk28-52,NA,NA,0,100,100,NA,NA,0,0,100,100,NA,1,NA,NA,100,0,0,0,0,100,0,0
South Ethiopia,Gofa,Beto Town,ET071504,NA,14831.348207384779,2025-Wk03-15,NA,0,NA,100,100,NA,NA,0,NA,0,0,NA,NA,NA,NA,100,0,0,0,0,100,100,NA
South Ethiopia,Gofa,Beto Town,ET071504,NA,14831.348207384779,2025-Wk16-27,NA,NA,NA,100,100,NA,NA,0,NA,0,0,NA,NA,NA,NA,100,0,0,0,0,100,0,NA
South Ethiopia,Gofa,Beto Town,ET071504,NA,14831.348207384779,2025-Wk28-52,NA,NA,NA,100,100,NA,NA,0,NA,0,0,NA,NA,NA,NA,100,0,0,0,0,100,0,NA
South Ethiopia,Gofa,Bulki town,ET071508,NA,13600.875559297458,2025-Wk03-15,NA,0,NA,100,100,NA,NA,0,NA,0,0,NA,NA,NA,NA,0,0,0,0,0,0,100,NA
South Ethiopia,Gofa,Bulki town,ET071508,NA,13600.875559297458,2025-Wk16-27,NA,NA,NA,100,100,NA,NA,0,NA,0,0,NA,NA,NA,NA,0,0,0,0,0,100,0,NA
South Ethiopia,Gofa,Bulki town,ET071508,NA,13600.875559297458,2025-Wk28-52,NA,NA,NA,100,100,NA,NA,0,NA,0,0,NA,NA,NA,NA,100,0,0,0,0,100,0,NA
South Ethiopia,Gofa,Denba Gofa,ET071502,NA,107226.8875944069,2025-Wk03-15,NA,0,NA,100,100,NA,NA,0,NA,0,0,NA,NA,NA,NA,100,0,0,100,0,0,100,NA
South Ethiopia,Gofa,Denba Gofa,ET071502,NA,107226.8875944069,2025-Wk16-27,NA,NA,NA,100,100,NA,NA,0,NA,0,0,NA,NA,NA,NA,100,0,0,100,0,100,0,NA
South Ethiopia,Gofa,Denba Gofa,ET071502,NA,107226.8875944069,2025-Wk28-52,NA,NA,NA,100,100,NA,NA,0,NA,0,0,NA,NA,NA,NA,100,0,0,100,0,100,0,NA
South Ethiopia,Gofa,Geze Gofa,ET071505,NA,88623.33371179033,2025-Wk03-15,NA,0,100,100,100,100,13.2,100,100,100,100,0,100,NA,NA,0,100,0,0,0,0,100,100
South Ethiopia,Gofa,Geze Gofa,ET071505,NA,88623.33371179033,2025-Wk16-27,NA,NA,100,100,100,NA,13.2,100,100,100,100,0,100,NA,NA,0,100,0,0,0,100,0,100
South Ethiopia,Gofa,Geze Gofa,ET071505,NA,88623.33371179033,2025-Wk28-52,NA,NA,100,100,100,NA,NA,0,100,100,100,NA,1,NA,NA,100,100,0,0,0,100,0,0
South Ethiopia,Gofa,Laha Town,ET071501,NA,21745.35573834185,2025-Wk03-15,NA,0,NA,100,100,NA,NA,0,NA,0,0,NA,NA,NA,NA,0,0,0,0,0,0,0,NA
South Ethiopia,Gofa,Laha Town,ET071501,NA,21745.35573834185,2025-Wk16-27,NA,NA,NA,100,100,NA,NA,0,NA,0,0,NA,NA,NA,NA,0,0,0,0,0,100,100,NA
South Ethiopia,Gofa,Laha Town,ET071501,NA,21745.35573834185,2025-Wk28-52,NA,NA,NA,100,100,NA,NA,0,NA,0,0,NA,NA,NA,NA,100,0,0,0,0,100,100,NA
South Ethiopia,Gofa,Melo Gada,ET071509,NA,34963.40146436395,2025-Wk03-15,NA,0,NA,100,100,NA,NA,0,NA,100,0,NA,NA,NA,NA,0,0,0,0,0,0,100,NA
South Ethiopia,Gofa,Melo Gada,ET071509,NA,34963.40146436395,2025-Wk16-27,NA,NA,NA,100,100,NA,NA,0,NA,100,0,NA,NA,NA,NA,0,0,0,0,0,100,0,NA
South Ethiopia,Gofa,Melo Gada,ET071509,NA,34963.40146436395,2025-Wk28-52,NA,NA,NA,100,100,NA,NA,0,NA,100,0,NA,NA,NA,NA,100,0,0,0,0,100,0,NA
South Ethiopia,Gofa,Melokoza,ET071501,NA,21745.35573834185,2025-Wk03-15,50,100,100,100,100,100,21.8,0,0,100,100,0,100,NA,NA,100,0,0,0,0,100,100,100
South Ethiopia,Gofa,Melokoza,ET071501,NA,21745.35573834185,2025-Wk16-27,NA,NA,100,100,100,NA,21.8,0,0,100,100,0,100,NA,NA,0,0,0,0,0,100,100,100
South Ethiopia,Gofa,Melokoza,ET071501,NA,21745.35573834185,2025-Wk28-52,NA,NA,100,100,100,NA,NA,0,0,100,100,NA,1,NA,NA,100,0,0,0,0,100,100,0
South Ethiopia,Gofa,Oyda,ET071506,NA,48917.0886005071,2025-Wk03-15,50,100,100,100,100,100,8.8,100,50,0,100,0,100,NA,NA,100,100,0,100,0,0,100,100
South Ethiopia,Gofa,Oyda,ET071506,NA,48917.0886005071,2025-Wk16-27,NA,NA,100,100,100,NA,8.8,100,50,0,100,0,100,NA,NA,0,100,0,100,0,100,0,100
South Ethiopia,Gofa,Oyda,ET071506,NA,48917.0886005071,2025-Wk28-52,NA,NA,100,100,100,NA,NA,0,50,0,100,NA,1,NA,NA,100,100,0,100,0,100,0,0
South Ethiopia,Gofa,Sawla Town,ET071507,NA,50860.40799224352,2025-Wk03-15,NA,0,NA,100,100,NA,33.3,0,NA,0,0,NA,NA,NA,NA,100,0,0,0,0,0,100,NA
South Ethiopia,Gofa,Sawla Town,ET071507,NA,50860.40799224352,2025-Wk16-27,NA,NA,NA,100,100,NA,33.3,0,NA,0,0,NA,NA,NA,NA,100,0,0,0,0,100,0,NA
South Ethiopia,Gofa,Sawla Town,ET071507,NA,50860.40799224352,2025-Wk28-52,NA,NA,NA,100,100,NA,50,0,NA,0,0,NA,NA,NA,NA,100,0,0,0,0,100,0,NA
South Ethiopia,Gofa,Uba Debretsahay  WoHO,ET071504,NA,14831.348207384779,2025-Wk03-15,NA,0,NA,100,100,NA,NA,0,NA,0,0,NA,NA,NA,NA,100,100,0,0,0,0,100,NA
South Ethiopia,Gofa,Uba Debretsahay  WoHO,ET071504,NA,14831.348207384779,2025-Wk16-27,NA,NA,NA,100,100,NA,NA,0,NA,0,0,NA,NA,NA,NA,0,100,0,0,0,100,0,NA
South Ethiopia,Gofa,Uba Debretsahay  WoHO,ET071504,NA,14831.348207384779,2025-Wk28-52,NA,NA,NA,100,100,NA,NA,0,NA,0,0,NA,NA,NA,NA,100,100,0,0,0,100,0,NA
South Ethiopia,Gofa,Zalla WoHO,ET071503,NA,109736.24218226422,2025-Wk03-15,NA,0,NA,100,100,NA,NA,0,NA,0,0,NA,NA,NA,NA,100,0,0,0,0,0,100,NA
South Ethiopia,Gofa,Zalla WoHO,ET071503,NA,109736.24218226422,2025-Wk16-27,NA,NA,NA,100,100,NA,NA,0,NA,0,0,NA,NA,NA,NA,100,0,0,0,0,100,0,NA
South Ethiopia,Gofa,Zalla WoHO,ET071503,NA,109736.24218226422,2025-Wk28-52,NA,NA,NA,100,100,NA,NA,0,NA,0,0,NA,NA,NA,NA,100,0,0,0,0,100,0,NA
South Ethiopia,Konso,Karat Town,ET071301,NA,42515.98660827331,2025-Wk03-15,NA,0,NA,100,100,NA,56.7,0,NA,0,0,NA,NA,NA,NA,100,0,0,0,0,100,0,NA
South Ethiopia,Konso,Karat Town,ET071301,NA,42515.98660827331,2025-Wk16-27,NA,NA,NA,100,100,NA,56.7,0,NA,0,0,NA,NA,NA,NA,0,0,0,0,0,100,100,NA
South Ethiopia,Konso,Karat Town,ET071301,NA,42515.98660827331,2025-Wk28-52,NA,NA,NA,100,100,NA,31.3,0,NA,0,0,NA,NA,NA,NA,100,0,0,0,0,100,100,NA
South Ethiopia,Konso,Karat Zuria,ET071303,NA,137574.13921026132,2025-Wk03-15,NA,0,100,100,100,100,0,100,0,100,100,0,100,NA,NA,100,100,0,100,0,100,100,100
South Ethiopia,Konso,Karat Zuria,ET071303,NA,137574.13921026132,2025-Wk16-27,NA,NA,100,100,100,NA,0,100,0,100,100,0,100,NA,NA,0,100,0,100,0,100,100,100
South Ethiopia,Konso,Karat Zuria,ET071303,NA,137574.13921026132,2025-Wk28-52,NA,NA,100,100,100,NA,0,0,0,100,100,NA,1,NA,NA,100,100,0,100,0,100,100,0
South Ethiopia,Konso,Kenna WoHO,ET071304,NA,82437.81552168923,2025-Wk03-15,NA,0,NA,92.3,100,NA,25,0,NA,0,0,NA,NA,NA,NA,100,0,0,0,0,0,100,NA
South Ethiopia,Konso,Kenna WoHO,ET071304,NA,82437.81552168923,2025-Wk16-27,0,NA,NA,92.3,100,NA,25,0,NA,0,0,NA,NA,NA,NA,0,0,0,0,0,100,0,NA
South Ethiopia,Konso,Kenna WoHO,ET071304,NA,82437.81552168923,2025-Wk28-52,0,NA,NA,100,100,NA,50,0,NA,0,0,NA,NA,NA,NA,100,0,0,0,0,100,0,NA
South Ethiopia,Konso,Kolme WoHO,ET071303,NA,137574.13921026132,2025-Wk03-15,NA,0,NA,84.6,100,NA,NA,0,NA,100,0,NA,NA,NA,NA,0,0,0,0,0,100,0,NA
South Ethiopia,Konso,Kolme WoHO,ET071303,NA,137574.13921026132,2025-Wk16-27,NA,NA,NA,84.6,100,NA,NA,0,NA,100,0,NA,NA,NA,NA,0,0,0,0,0,100,0,NA
South Ethiopia,Konso,Kolme WoHO,ET071303,NA,137574.13921026132,2025-Wk28-52,NA,NA,NA,96.2,100,NA,NA,0,NA,100,0,NA,NA,NA,NA,100,0,0,0,0,100,0,NA
South Ethiopia,Konso,Segen Zuria WoHO,ET071302,NA,51069.86144929187,2025-Wk03-15,NA,0,NA,100,100,NA,0,0,NA,100,0,NA,NA,NA,NA,100,0,0,0,0,100,100,1
South Ethiopia,Konso,Segen Zuria WoHO,ET071302,NA,51069.86144929187,2025-Wk16-27,NA,NA,NA,100,100,NA,0,0,NA,100,0,NA,NA,NA,NA,0,0,0,0,0,100,0,1
South Ethiopia,Konso,Segen Zuria WoHO,ET071302,NA,51069.86144929187,2025-Wk28-52,NA,NA,NA,88.5,100,NA,0,0,NA,100,0,NA,NA,NA,NA,100,0,0,0,0,100,0,0
South Ethiopia,Koore,Gorka,ET041705,NA,158508.20903637694,2025-Wk03-15,NA,0,NA,100,100,NA,NA,0,NA,100,0,NA,NA,NA,NA,100,100,0,0,0,0,100,NA
South Ethiopia,Koore,Gorka,ET041705,NA,158508.20903637694,2025-Wk16-27,0,NA,NA,100,100,NA,NA,0,NA,100,0,NA,NA,NA,NA,100,100,0,0,0,100,0,NA
South Ethiopia,Koore,Gorka,ET041705,NA,158508.20903637694,2025-Wk28-52,0,NA,NA,100,100,NA,NA,0,NA,100,0,NA,NA,NA,NA,100,100,0,0,0,100,0,NA
South Ethiopia,Koore,Kele Town,ET041705,NA,158508.20903637694,2025-Wk03-15,NA,0,NA,100,100,NA,NA,0,NA,0,0,NA,NA,NA,NA,0,0,0,100,0,100,100,NA
South Ethiopia,Koore,Kele Town,ET041705,NA,158508.20903637694,2025-Wk16-27,NA,NA,NA,100,100,NA,NA,0,NA,0,0,NA,NA,NA,NA,0,0,0,100,0,100,0,NA
South Ethiopia,Koore,Kele Town,ET041705,NA,158508.20903637694,2025-Wk28-52,NA,NA,NA,100,100,NA,NA,0,NA,0,0,NA,NA,NA,NA,100,0,0,100,0,100,0,NA
South Ethiopia,Koore,Sarmale,ET041705,NA,158508.20903637694,2025-Wk03-15,NA,0,NA,100,100,NA,50,0,NA,0,0,NA,NA,NA,NA,100,0,0,0,0,0,100,NA
South Ethiopia,Koore,Sarmale,ET041705,NA,158508.20903637694,2025-Wk16-27,0,NA,NA,100,100,NA,50,0,NA,0,0,NA,NA,NA,NA,100,0,0,0,0,100,0,NA
South Ethiopia,Koore,Sarmale,ET041705,NA,158508.20903637694,2025-Wk28-52,0,NA,NA,100,100,NA,50,0,NA,0,0,NA,NA,NA,NA,100,0,0,0,0,100,0,NA
South Ethiopia,South Omo,Bena Tsemay,ET070705,NA,78312.09327992707,2025-Wk03-15,NA,0,NA,100,100,NA,0,0,NA,0,0,NA,NA,NA,NA,100,100,0,0,0,0,100,NA
South Ethiopia,South Omo,Bena Tsemay,ET070705,NA,78312.09327992707,2025-Wk16-27,NA,NA,NA,100,100,NA,0,0,NA,0,0,NA,NA,NA,NA,0,100,0,0,0,100,100,NA
South Ethiopia,South Omo,Bena Tsemay,ET070705,NA,78312.09327992707,2025-Wk28-52,NA,NA,NA,100,100,NA,0,0,NA,0,0,NA,NA,NA,NA,100,100,0,0,0,100,100,NA
South Ethiopia,South Omo,Dasench,ET070706,NA,77981.05464537258,2025-Wk03-15,NA,0,NA,100,100,NA,50,0,NA,100,0,NA,NA,NA,NA,100,100,0,0,0,0,100,NA
South Ethiopia,South Omo,Dasench,ET070706,NA,77981.05464537258,2025-Wk16-27,NA,NA,NA,100,100,NA,50,0,NA,100,0,NA,NA,NA,NA,0,100,0,0,0,100,100,NA
South Ethiopia,South Omo,Dasench,ET070706,NA,77981.05464537258,2025-Wk28-52,NA,NA,NA,100,100,NA,50,0,NA,100,0,NA,NA,NA,NA,100,100,0,0,0,100,100,NA
South Ethiopia,South Omo,Hamer,ET070704,NA,76552.6842407209,2025-Wk03-15,NA,0,NA,100,100,NA,NA,0,NA,100,0,NA,NA,NA,NA,100,0,0,0,0,100,100,NA
South Ethiopia,South Omo,Hamer,ET070704,NA,76552.6842407209,2025-Wk16-27,NA,NA,NA,100,100,NA,NA,0,NA,100,0,NA,NA,NA,NA,0,0,0,0,0,100,100,NA
South Ethiopia,South Omo,Hamer,ET070704,NA,76552.6842407209,2025-Wk28-52,NA,NA,NA,100,100,NA,NA,0,NA,100,0,NA,NA,NA,NA,100,0,0,0,0,100,100,NA
South Ethiopia,South Omo,Malie  WoHO,ET070707,NA,124598.24211507071,2025-Wk03-15,NA,0,NA,100,100,NA,NA,0,NA,0,0,NA,NA,NA,NA,100,0,0,0,0,100,100,NA
South Ethiopia,South Omo,Malie  WoHO,ET070707,NA,124598.24211507071,2025-Wk16-27,NA,NA,NA,100,100,NA,NA,0,NA,0,0,NA,NA,NA,NA,0,0,0,0,0,100,100,NA
South Ethiopia,South Omo,Malie  WoHO,ET070707,NA,124598.24211507071,2025-Wk28-52,NA,NA,NA,100,100,NA,66.7,0,NA,0,0,NA,NA,NA,NA,100,0,0,0,0,100,100,NA
South Ethiopia,South Omo,Nyangatom  WoHO,ET070708,NA,25904.794878067903,2025-Wk03-15,NA,0,NA,92.3,100,NA,0,0,NA,0,0,NA,NA,NA,NA,100,0,0,0,0,100,100,NA
South Ethiopia,South Omo,Nyangatom  WoHO,ET070708,NA,25904.794878067903,2025-Wk16-27,NA,NA,NA,92.3,100,NA,0,0,NA,0,0,NA,NA,NA,NA,0,0,0,0,0,100,0,NA
South Ethiopia,South Omo,Nyangatom  WoHO,ET070708,NA,25904.794878067903,2025-Wk28-52,NA,NA,NA,100,100,NA,0,0,NA,0,0,NA,NA,NA,NA,100,0,0,0,0,100,0,NA
South Ethiopia,South Omo,Salamago  WoHO,ET070701,NA,41214.31000203136,2025-Wk03-15,NA,0,NA,100,100,NA,NA,0,NA,0,0,NA,NA,NA,NA,100,0,0,0,0,100,100,NA
South Ethiopia,South Omo,Salamago  WoHO,ET070701,NA,41214.31000203136,2025-Wk16-27,NA,NA,NA,100,100,NA,NA,0,NA,0,0,NA,NA,NA,NA,0,0,0,0,0,100,0,NA
South Ethiopia,South Omo,Salamago  WoHO,ET070701,NA,41214.31000203136,2025-Wk28-52,50,100,100,100,100,NA,NA,50,NA,0,100,0,100,NA,NA,100,0,0,0,0,100,0,0
South Ethiopia,South Omo,Turmi Town Admin.,ET070704,NA,76552.6842407209,2025-Wk03-15,NA,0,NA,100,100,NA,NA,0,NA,0,0,NA,NA,NA,NA,0,0,0,100,0,100,100,NA
South Ethiopia,South Omo,Turmi Town Admin.,ET070704,NA,76552.6842407209,2025-Wk16-27,NA,NA,NA,100,100,NA,NA,0,NA,0,0,NA,NA,NA,NA,0,0,0,100,0,100,0,NA
South Ethiopia,South Omo,Turmi Town Admin.,ET070704,NA,76552.6842407209,2025-Wk28-52,NA,NA,NA,100,100,NA,NA,0,NA,0,0,NA,NA,NA,NA,100,0,0,100,0,100,0,NA
South Ethiopia,Wolaiyta,Abala abaya,ET070621,NA,53752.909147872226,2025-Wk03-15,NA,0,NA,100,100,NA,NA,0,NA,0,0,NA,NA,NA,NA,100,0,0,0,0,0,100,NA
South Ethiopia,Wolaiyta,Abala abaya,ET070621,NA,53752.909147872226,2025-Wk16-27,NA,NA,NA,100,100,NA,NA,0,NA,0,0,NA,NA,NA,NA,0,0,0,0,0,100,0,NA
South Ethiopia,Wolaiyta,Abala abaya,ET070621,NA,53752.909147872226,2025-Wk28-52,NA,NA,NA,100,100,NA,NA,0,NA,0,0,NA,NA,NA,NA,100,0,0,0,0,100,0,NA
South Ethiopia,Wolaiyta,Areka   taHO,ET070614,NA,71211.11022389756,2025-Wk03-15,NA,0,NA,100,100,NA,NA,0,NA,100,0,NA,NA,NA,NA,100,100,0,0,0,0,100,1
South Ethiopia,Wolaiyta,Areka   taHO,ET070614,NA,71211.11022389756,2025-Wk16-27,NA,NA,NA,100,100,NA,NA,0,NA,100,0,NA,NA,NA,NA,100,100,0,0,0,100,100,1
South Ethiopia,Wolaiyta,Areka   taHO,ET070614,NA,71211.11022389756,2025-Wk28-52,NA,NA,NA,100,100,NA,NA,0,NA,100,0,NA,NA,NA,NA,100,100,0,0,0,100,100,0
South Ethiopia,Wolaiyta,Bele Town,ET040823,NA,113512.86808733379,2025-Wk03-15,NA,0,NA,100,100,NA,NA,0,NA,0,0,NA,NA,NA,NA,0,0,0,0,0,0,100,NA
South Ethiopia,Wolaiyta,Bele Town,ET040823,NA,113512.86808733379,2025-Wk16-27,0,NA,NA,100,100,NA,NA,0,NA,0,0,NA,NA,NA,NA,0,0,0,0,0,100,100,NA
South Ethiopia,Wolaiyta,Bele Town,ET040823,NA,113512.86808733379,2025-Wk28-52,0,NA,NA,100,100,NA,NA,0,NA,0,0,NA,NA,NA,NA,100,0,0,0,0,100,100,NA
South Ethiopia,Wolaiyta,Beyra Koysha WoHO,ET070622,NA,59120.02626921366,2025-Wk03-15,NA,0,NA,100,100,NA,NA,0,NA,0,0,NA,NA,NA,NA,0,0,0,0,0,0,100,NA
South Ethiopia,Wolaiyta,Beyra Koysha WoHO,ET070622,NA,59120.02626921366,2025-Wk16-27,NA,NA,NA,100,100,NA,NA,0,NA,0,0,NA,NA,NA,NA,0,0,0,0,0,100,100,NA
South Ethiopia,Wolaiyta,Beyra Koysha WoHO,ET070622,NA,59120.02626921366,2025-Wk28-52,NA,NA,NA,100,100,NA,NA,0,NA,0,0,NA,NA,NA,NA,100,0,0,0,0,100,100,NA
South Ethiopia,Wolaiyta,Boditi   taHO,ET070615,NA,73254.5585853449,2025-Wk03-15,NA,0,NA,100,100,NA,NA,0,NA,0,0,NA,NA,NA,NA,0,0,0,0,0,0,100,NA
South Ethiopia,Wolaiyta,Boditi   taHO,ET070615,NA,73254.5585853449,2025-Wk16-27,0,NA,NA,100,100,NA,NA,0,NA,0,0,NA,NA,NA,NA,0,0,0,0,0,100,0,NA
South Ethiopia,Wolaiyta,Boditi   taHO,ET070615,NA,73254.5585853449,2025-Wk28-52,0,NA,NA,100,100,NA,NA,0,NA,0,0,NA,NA,NA,NA,100,0,0,0,0,100,0,NA
South Ethiopia,Wolaiyta,Bolossa Bonibe  WoHO,ET070608,NA,121496.28750239365,2025-Wk03-15,NA,0,NA,100,100,NA,NA,0,NA,0,0,NA,NA,NA,NA,100,100,0,0,0,0,100,1
South Ethiopia,Wolaiyta,Bolossa Bonibe  WoHO,ET070608,NA,121496.28750239365,2025-Wk16-27,0,NA,NA,100,100,NA,NA,0,NA,0,0,NA,NA,NA,NA,100,100,0,0,0,100,100,1
South Ethiopia,Wolaiyta,Bolossa Bonibe  WoHO,ET070608,NA,121496.28750239365,2025-Wk28-52,0,NA,NA,100,100,NA,NA,0,NA,0,0,NA,NA,NA,NA,100,100,0,0,0,100,100,0
South Ethiopia,Wolaiyta,Bolosso Sore   WoHO,ET070601,NA,214688.77175038023,2025-Wk03-15,NA,0,NA,100,100,NA,NA,0,NA,100,0,NA,NA,NA,NA,0,0,0,100,0,100,100,NA
South Ethiopia,Wolaiyta,Bolosso Sore   WoHO,ET070601,NA,214688.77175038023,2025-Wk16-27,0,NA,NA,100,100,NA,NA,0,NA,100,0,NA,NA,NA,NA,0,0,0,100,0,100,0,NA
South Ethiopia,Wolaiyta,Bolosso Sore   WoHO,ET070601,NA,214688.77175038023,2025-Wk28-52,0,NA,NA,100,100,NA,NA,0,NA,100,0,NA,NA,NA,NA,100,0,0,100,0,100,0,NA
South Ethiopia,Wolaiyta,Damot Gale  WoHO,ET070602,NA,146842.1992536057,2025-Wk03-15,NA,0,NA,100,100,NA,NA,0,NA,0,0,NA,NA,NA,NA,100,0,0,0,0,100,100,NA
South Ethiopia,Wolaiyta,Damot Gale  WoHO,ET070602,NA,146842.1992536057,2025-Wk16-27,NA,NA,NA,100,100,NA,NA,0,NA,0,0,NA,NA,NA,NA,0,0,0,0,0,100,0,NA
South Ethiopia,Wolaiyta,Damot Gale  WoHO,ET070602,NA,146842.1992536057,2025-Wk28-52,NA,NA,NA,100,100,NA,NA,0,NA,0,0,NA,NA,NA,NA,100,0,0,0,0,100,0,NA
South Ethiopia,Wolaiyta,Damot Pulussa  WoHO,ET070611,NA,146718.57062773814,2025-Wk03-15,NA,0,NA,100,100,NA,NA,0,NA,0,0,NA,NA,NA,NA,100,0,0,0,0,0,100,NA
South Ethiopia,Wolaiyta,Damot Pulussa  WoHO,ET070611,NA,146718.57062773814,2025-Wk16-27,NA,NA,NA,100,100,NA,NA,0,NA,0,0,NA,NA,NA,NA,100,0,0,0,0,100,0,NA
South Ethiopia,Wolaiyta,Damot Pulussa  WoHO,ET070611,NA,146718.57062773814,2025-Wk28-52,NA,NA,NA,100,100,NA,NA,0,NA,0,0,NA,NA,NA,NA,100,0,0,0,0,100,0,NA
South Ethiopia,Wolaiyta,Damot Sore  WoHO,ET070609,NA,77585.63007737864,2025-Wk03-15,NA,0,NA,100,100,NA,NA,0,NA,100,0,NA,NA,NA,NA,100,0,0,0,0,0,0,NA
South Ethiopia,Wolaiyta,Damot Sore  WoHO,ET070609,NA,77585.63007737864,2025-Wk16-27,NA,NA,NA,100,100,NA,NA,0,NA,100,0,NA,NA,NA,NA,0,0,0,0,0,100,0,NA
South Ethiopia,Wolaiyta,Damot Sore  WoHO,ET070609,NA,77585.63007737864,2025-Wk28-52,NA,NA,NA,100,100,NA,NA,0,NA,100,0,NA,NA,NA,NA,100,0,0,0,0,100,0,NA
South Ethiopia,Wolaiyta,Damot Woyde  WoHO,ET070603,NA,119465.099831115,2025-Wk03-15,NA,0,NA,100,100,NA,NA,0,NA,0,0,NA,NA,NA,NA,100,0,0,0,0,100,100,NA
South Ethiopia,Wolaiyta,Damot Woyde  WoHO,ET070603,NA,119465.099831115,2025-Wk16-27,NA,NA,NA,100,100,NA,NA,0,NA,0,0,NA,NA,NA,NA,0,0,0,0,0,100,0,NA
South Ethiopia,Wolaiyta,Damot Woyde  WoHO,ET070603,NA,119465.099831115,2025-Wk28-52,NA,NA,NA,100,100,NA,NA,0,NA,0,0,NA,NA,NA,NA,100,0,0,0,0,100,0,NA
South Ethiopia,Wolaiyta,Duguna Fango  WoHO,ET070612,NA,134074.73389128275,2025-Wk03-15,NA,0,NA,100,100,NA,NA,0,NA,0,0,NA,NA,NA,NA,100,100,0,0,0,0,100,NA
South Ethiopia,Wolaiyta,Duguna Fango  WoHO,ET070612,NA,134074.73389128275,2025-Wk16-27,NA,NA,NA,100,100,NA,NA,0,NA,0,0,NA,NA,NA,NA,0,100,0,0,0,100,0,NA
South Ethiopia,Wolaiyta,Duguna Fango  WoHO,ET070612,NA,134074.73389128275,2025-Wk28-52,NA,NA,NA,100,100,NA,NA,0,NA,0,0,NA,NA,NA,NA,100,100,0,0,0,100,0,NA
South Ethiopia,Wolaiyta,Gesuba taHO,ET070617,NA,28803.426378780954,2025-Wk03-15,NA,0,NA,100,100,NA,NA,0,NA,100,0,NA,NA,NA,NA,0,0,0,0,0,0,100,NA
South Ethiopia,Wolaiyta,Gesuba taHO,ET070617,NA,28803.426378780954,2025-Wk16-27,NA,NA,NA,100,100,NA,NA,0,NA,100,0,NA,NA,NA,NA,0,0,0,0,0,100,0,NA
South Ethiopia,Wolaiyta,Gesuba taHO,ET070617,NA,28803.426378780954,2025-Wk28-52,NA,NA,NA,100,100,NA,NA,0,NA,100,0,NA,NA,NA,NA,100,0,0,0,0,100,0,NA
South Ethiopia,Wolaiyta,Gununo Hamus taHO,ET070618,NA,66160.72759858046,2025-Wk03-15,NA,0,NA,100,100,NA,NA,0,NA,0,0,NA,NA,NA,NA,100,0,0,0,0,0,100,NA
South Ethiopia,Wolaiyta,Gununo Hamus taHO,ET070618,NA,66160.72759858046,2025-Wk16-27,NA,NA,NA,100,100,NA,NA,0,NA,0,0,NA,NA,NA,NA,100,0,0,0,0,100,0,NA
South Ethiopia,Wolaiyta,Gununo Hamus taHO,ET070618,NA,66160.72759858046,2025-Wk28-52,NA,NA,NA,100,100,NA,NA,0,NA,0,0,NA,NA,NA,NA,100,0,0,0,0,100,0,NA
South Ethiopia,Wolaiyta,Hobicha WoHO,ET070619,NA,52811.90117742573,2025-Wk03-15,NA,0,NA,100,100,NA,NA,0,NA,0,0,NA,NA,NA,NA,100,0,0,0,0,0,100,NA
South Ethiopia,Wolaiyta,Hobicha WoHO,ET070619,NA,52811.90117742573,2025-Wk16-27,NA,NA,NA,100,100,NA,NA,0,NA,0,0,NA,NA,NA,NA,100,0,0,0,0,100,100,NA
South Ethiopia,Wolaiyta,Hobicha WoHO,ET070619,NA,52811.90117742573,2025-Wk28-52,NA,NA,NA,100,100,NA,NA,0,NA,0,0,NA,NA,NA,NA,100,0,0,0,0,100,100,NA
South Ethiopia,Wolaiyta,Humbo  WoHO,ET070604,NA,72469.87441454912,2025-Wk03-15,NA,0,NA,100,100,NA,NA,0,NA,0,0,NA,NA,NA,NA,100,0,0,0,0,0,0,NA
South Ethiopia,Wolaiyta,Humbo  WoHO,ET070604,NA,72469.87441454912,2025-Wk16-27,NA,NA,NA,100,100,NA,NA,0,NA,0,0,NA,NA,NA,NA,0,0,0,0,0,100,0,NA
South Ethiopia,Wolaiyta,Humbo  WoHO,ET070604,NA,72469.87441454912,2025-Wk28-52,NA,NA,NA,100,100,NA,NA,0,NA,0,0,NA,NA,NA,NA,100,0,0,0,0,100,0,NA
South Ethiopia,Wolaiyta,Kawo Koysha WoHO,ET070620,NA,73808.33309129713,2025-Wk03-15,NA,0,NA,100,100,NA,NA,0,NA,100,0,NA,NA,NA,NA,100,0,0,0,0,0,100,NA
South Ethiopia,Wolaiyta,Kawo Koysha WoHO,ET070620,NA,73808.33309129713,2025-Wk16-27,NA,NA,NA,100,100,NA,NA,0,NA,100,0,NA,NA,NA,NA,0,0,0,0,0,100,100,NA
South Ethiopia,Wolaiyta,Kawo Koysha WoHO,ET070620,NA,73808.33309129713,2025-Wk28-52,NA,NA,NA,100,100,NA,NA,0,NA,100,0,NA,NA,NA,NA,100,0,0,0,0,100,100,NA
South Ethiopia,Wolaiyta,Kindo Didaye  WoHO,ET070610,NA,99891.92970099168,2025-Wk03-15,NA,0,NA,100,100,NA,NA,0,NA,100,0,NA,NA,NA,NA,100,100,0,100,0,0,100,NA
South Ethiopia,Wolaiyta,Kindo Didaye  WoHO,ET070610,NA,99891.92970099168,2025-Wk16-27,NA,NA,NA,100,100,NA,NA,0,NA,100,0,NA,NA,NA,NA,0,100,0,100,0,100,0,NA
South Ethiopia,Wolaiyta,Kindo Didaye  WoHO,ET070610,NA,99891.92970099168,2025-Wk28-52,NA,NA,NA,100,100,NA,NA,0,NA,100,0,NA,NA,NA,NA,100,100,0,100,0,100,0,NA
South Ethiopia,Wolaiyta,Kindo Koysha  WoHO,ET070606,NA,83166.3048625452,2025-Wk03-15,NA,0,NA,100,100,NA,NA,0,NA,100,0,NA,NA,NA,NA,100,0,0,0,0,100,100,NA
South Ethiopia,Wolaiyta,Kindo Koysha  WoHO,ET070606,NA,83166.3048625452,2025-Wk16-27,NA,NA,NA,100,100,NA,NA,0,NA,100,0,NA,NA,NA,NA,0,0,0,0,0,100,0,NA
South Ethiopia,Wolaiyta,Kindo Koysha  WoHO,ET070606,NA,83166.3048625452,2025-Wk28-52,NA,NA,NA,100,100,NA,NA,0,NA,100,0,NA,NA,NA,NA,100,0,0,0,0,100,0,NA
South Ethiopia,Wolaiyta,Offa  WoHO,ET070607,NA,103067.44845468084,2025-Wk03-15,NA,0,NA,100,100,NA,NA,0,NA,0,0,NA,NA,NA,NA,100,0,0,0,0,100,100,NA
South Ethiopia,Wolaiyta,Offa  WoHO,ET070607,NA,103067.44845468084,2025-Wk16-27,0,NA,NA,100,100,NA,NA,0,NA,0,0,NA,NA,NA,NA,0,0,0,0,0,100,0,NA
South Ethiopia,Wolaiyta,Offa  WoHO,ET070607,NA,103067.44845468084,2025-Wk28-52,0,NA,NA,100,100,NA,NA,0,NA,0,0,NA,NA,NA,NA,100,0,0,0,0,100,0,NA
South Ethiopia,Wolaiyta,Soddo  taHO,ET070613,NA,260135.06330896902,2025-Wk03-15,NA,0,NA,100,100,NA,0,0,NA,0,0,NA,NA,NA,NA,100,0,0,0,0,0,100,NA
South Ethiopia,Wolaiyta,Soddo  taHO,ET070613,NA,260135.06330896902,2025-Wk16-27,NA,NA,NA,100,100,NA,0,0,NA,0,0,NA,NA,NA,NA,100,0,0,0,0,100,100,NA
South Ethiopia,Wolaiyta,Soddo  taHO,ET070613,NA,260135.06330896902,2025-Wk28-52,NA,NA,NA,100,100,NA,67.7,0,NA,0,0,NA,NA,NA,NA,100,0,0,0,0,100,100,NA
South Ethiopia,Wolaiyta,Sodo Zuria  WoHO,ET070605,NA,113256.08198485726,2025-Wk03-15,NA,0,NA,100,100,NA,NA,0,NA,100,0,NA,NA,NA,NA,100,0,0,0,0,100,100,NA
South Ethiopia,Wolaiyta,Sodo Zuria  WoHO,ET070605,NA,113256.08198485726,2025-Wk16-27,NA,NA,NA,100,100,NA,NA,0,NA,100,0,NA,NA,NA,NA,100,0,0,0,0,100,100,NA
South Ethiopia,Wolaiyta,Sodo Zuria  WoHO,ET070605,NA,113256.08198485726,2025-Wk28-52,NA,NA,NA,100,100,NA,NA,0,NA,100,0,NA,NA,NA,NA,100,0,0,0,0,100,100,NA
South Ethiopia,Wolaiyta,Tebela taHO,ET070616,NA,43609.23148164764,2025-Wk03-15,NA,0,NA,100,100,NA,NA,0,NA,0,0,NA,NA,NA,NA,0,0,0,0,0,0,0,NA
South Ethiopia,Wolaiyta,Tebela taHO,ET070616,NA,43609.23148164764,2025-Wk16-27,NA,NA,NA,100,100,NA,NA,0,NA,0,0,NA,NA,NA,NA,0,0,0,0,0,100,0,NA
South Ethiopia,Wolaiyta,Tebela taHO,ET070616,NA,43609.23148164764,2025-Wk28-52,NA,NA,NA,100,100,NA,NA,0,NA,0,0,NA,NA,NA,NA,100,0,0,0,0,100,0,NA
Tigray,Central,Chilla,ET010201,NA,72455.18157782625,2025-Wk03-15,0,0,NA,NA,NA,NA,NA,NA,NA,NA,NA,NA,NA,NA,NA,0,0,0,0,0,75,0,NA
Tigray,East,Bizet,ET010310,NA,31616.060188206484,2025-Wk03-15,0,0,NA,NA,NA,NA,NA,NA,NA,NA,NA,NA,NA,NA,NA,100,0,0,0,0,100,0,NA
Tigray,Mekelle,Semen,ET010701,NA,50302.51543990978,2025-Wk03-15,0,0,NA,NA,NA,NA,NA,NA,NA,NA,NA,NA,NA,NA,NA,100,0,0,0,0,50,0,NA
Tigray,Northwest,Shire Town,NA,NA,NA,2025-Wk03-15,0,0,0,100,100,67,NA,NA,NA,60,20,NA,NA,NA,NA,0,100,0,0,0,60,0,NA
Tigray,South,Emba Alaje,ET010404,NA,64765.61349183681,2025-Wk03-15,0,0,NA,NA,NA,NA,NA,NA,NA,NA,NA,NA,NA,NA,NA,100,0,0,0,0,100,0,NA
Tigray,South East,Deguae Tembien,ET010604,NA,74380.20485037958,2025-Wk03-15,0,0,NA,NA,NA,NA,NA,NA,NA,NA,NA,NA,NA,NA,NA,100,0,0,0,0,66.7,0,NA
Tigray,NA,Abergele Yechila,ET010210,NA,88239.53041242568,2025-Wk03-15,0,0,NA,NA,NA,NA,NA,NA,NA,NA,NA,NA,NA,NA,NA,0,0,0,0,0,75,0,NA
Tigray,NA,Abiadi Town,ET010211,NA,35759.75435116028,2025-Wk03-15,0,0,NA,NA,NA,NA,NA,NA,NA,NA,NA,NA,NA,NA,NA,0,0,0,0,0,100,0,NA
Tigray,NA,Adet,ET010207,NA,100566.41535947035,2025-Wk03-15,0,0,NA,NA,NA,NA,NA,NA,NA,NA,NA,NA,NA,NA,NA,0,0,0,0,0,100,0,NA
Tigray,NA,Adidaero,ET010111,NA,22243.54392681367,2025-Wk03-15,0,0,NA,100,100,57.7,NA,NA,NA,66.7,NA,NA,NA,NA,NA,0,0,0,0,0,66.7,0,NA
Tigray,NA,Adigrat Town,ET010308,NA,80100.54464607526,2025-Wk03-15,0,0,NA,NA,NA,NA,NA,NA,NA,NA,NA,NA,NA,NA,NA,100,0,0,0,0,100,0,NA
Tigray,NA,Adigudom Town,NA,NA,NA,2025-Wk03-15,0,0,NA,NA,NA,NA,NA,NA,NA,NA,NA,NA,NA,NA,NA,100,0,0,0,0,100,0,NA
Tigray,NA,Adihaki,ET010701,NA,50302.51543990978,2025-Wk03-15,0,0,NA,NA,NA,NA,NA,NA,NA,NA,NA,NA,NA,NA,NA,100,0,0,0,0,50,0,NA
Tigray,NA,Adwa,ET041492,NA,40433.97786275085,2025-Wk03-15,0,0,NA,NA,NA,NA,NA,NA,NA,NA,NA,NA,NA,NA,NA,0,0,0,0,0,71.4,0,NA
Tigray,NA,Adwa Town,ET010212,NA,87120.72246342394,2025-Wk03-15,0,0,NA,NA,NA,NA,NA,NA,NA,NA,NA,NA,NA,NA,NA,0,0,0,0,0,75,0,NA
Tigray,NA,Ahferom,ET010202,NA,107710.7882266612,2025-Wk03-15,0,0,NA,NA,NA,NA,NA,NA,NA,NA,NA,NA,NA,NA,NA,0,0,0,0,0,66.7,0,NA
Tigray,NA,Ahsea,ET010215,NA,47004.66886398687,2025-Wk03-15,0,0,NA,NA,NA,NA,NA,NA,NA,NA,NA,NA,NA,NA,NA,0,0,0,0,0,50,0,NA
Tigray,NA,Alamata Town,ET010411,NA,74181.28227054767,2025-Wk03-15,0,0,NA,NA,NA,NA,NA,NA,NA,NA,NA,NA,NA,NA,NA,100,0,0,0,0,50,0,NA
Tigray,NA,Asgede,ET010105,NA,96011.19353136163,2025-Wk03-15,0,0,0,75,100,63.9,NA,NA,NA,75,25,NA,NA,NA,NA,0,100,0,0,0,50,0,NA
Tigray,NA,Atsbi,ET010307,NA,94210.36530865043,2025-Wk03-15,0,0,NA,NA,NA,NA,NA,NA,NA,NA,NA,NA,NA,NA,NA,100,0,0,0,0,50,0,NA
Tigray,NA,Axum Town,ET010213,NA,83850.60365105477,2025-Wk03-15,0,0,NA,NA,NA,NA,NA,NA,NA,NA,NA,NA,NA,NA,NA,0,0,0,0,0,75,0,NA
Tigray,NA,Ayder,ET010701,NA,50302.51543990978,2025-Wk03-15,0,0,NA,NA,NA,NA,NA,NA,NA,NA,NA,NA,NA,NA,NA,100,0,0,0,0,33.3,0,NA
Tigray,NA,Bora,ET040710,NA,35208.24412982733,2025-Wk03-15,0,0,NA,NA,NA,NA,NA,NA,NA,NA,NA,NA,NA,NA,NA,100,0,0,0,0,100,0,NA
Tigray,NA,E/selassie Town,NA,NA,NA,2025-Wk03-15,0,0,NA,NA,NA,NA,NA,NA,NA,NA,NA,NA,NA,NA,NA,100,0,0,0,0,100,0,NA
Tigray,NA,Edagahamus Town,ET010311,NA,15578.058751810786,2025-Wk03-15,0,0,NA,NA,NA,NA,NA,NA,NA,NA,NA,NA,NA,NA,NA,100,0,0,0,0,50,0,NA
Tigray,NA,Egela,ET010216,NA,45702.725841489075,2025-Wk03-15,0,0,NA,NA,NA,NA,NA,NA,NA,NA,NA,NA,NA,NA,NA,0,0,0,0,0,100,0,NA
Tigray,NA,Embasneyti,ET010219,NA,48431.85943674922,2025-Wk03-15,0,0,NA,NA,NA,NA,NA,NA,NA,NA,NA,NA,NA,NA,NA,0,0,0,0,0,50,0,NA
Tigray,NA,Endabaguna Town,ET010114,NA,22697.17160886424,2025-Wk03-15,0,0,100,100,100,61.9,NA,NA,NA,100,100,NA,NA,NA,NA,0,0,0,0,0,100,0,NA
Tigray,NA,Endabatshama,NA,NA,NA,2025-Wk03-15,0,0,NA,NA,NA,NA,NA,NA,NA,NA,NA,NA,NA,NA,NA,0,0,0,0,0,100,0,NA
Tigray,NA,Endamakhoni,ET010405,NA,79318.53683223866,2025-Wk03-15,0,0,NA,NA,NA,NA,NA,NA,NA,NA,NA,NA,NA,NA,NA,100,0,0,0,0,60,0,NA
Tigray,NA,Enderta,ET010602,NA,167129.69957275118,2025-Wk03-15,0,0,NA,NA,NA,NA,NA,NA,NA,NA,NA,NA,NA,NA,NA,100,0,0,0,77.8,66.7,0,NA
Tigray,NA,Enticho Town,ET010220,NA,15794.873838823354,2025-Wk03-15,0,0,NA,NA,NA,NA,NA,NA,NA,NA,NA,NA,NA,NA,NA,0,0,0,0,0,100,0,NA
Tigray,NA,Erob,ET010302,NA,33280.06335600682,2025-Wk03-15,0,0,NA,NA,NA,NA,NA,NA,NA,NA,NA,NA,NA,NA,NA,100,0,0,0,0,83.3,0,NA
Tigray,NA,Freweini Town,ET010313,NA,30522.512249342122,2025-Wk03-15,0,0,NA,NA,NA,NA,NA,NA,NA,NA,NA,NA,NA,NA,NA,100,0,0,0,0,100,0,NA
Tigray,NA,Gantaafeshum,ET010304,NA,89543.57843576827,2025-Wk03-15,0,0,NA,NA,NA,NA,NA,NA,NA,NA,NA,NA,NA,NA,NA,100,0,0,0,0,80,0,NA
Tigray,NA,Gerealta,ET010317,NA,36837.51478368877,2025-Wk03-15,0,0,NA,NA,NA,NA,NA,NA,NA,NA,NA,NA,NA,NA,NA,100,0,0,0,0,50,0,NA
Tigray,NA,Gulomekeda,ET010301,NA,108191.78091969392,2025-Wk03-15,0,0,NA,NA,NA,NA,NA,NA,NA,NA,NA,NA,NA,NA,NA,100,0,0,0,0,60,0,NA
Tigray,NA,Hadnet,ET010701,NA,50302.51543990978,2025-Wk03-15,0,0,NA,NA,NA,NA,NA,NA,NA,NA,NA,NA,NA,NA,NA,100,0,0,0,0,66.7,0,NA
Tigray,NA,Hagereselam Town,ET010605,NA,24193.827209504398,2025-Wk03-15,0,0,NA,NA,NA,NA,NA,NA,NA,NA,NA,NA,NA,NA,NA,100,0,0,0,0,100,0,NA
Tigray,NA,Hahaile,ET010217,NA,71751.05879524662,2025-Wk03-15,0,0,NA,NA,NA,NA,NA,NA,NA,NA,NA,NA,NA,NA,NA,0,0,0,0,0,50,0,NA
Tigray,NA,Hawelti,ET010701,NA,50302.51543990978,2025-Wk03-15,0,0,NA,NA,NA,NA,NA,NA,NA,NA,NA,NA,NA,NA,NA,100,0,0,0,0,100,0,NA
Tigray,NA,Hawzen,ET010305,NA,112806.99527187894,2025-Wk03-15,0,0,NA,NA,NA,NA,NA,NA,NA,NA,NA,NA,NA,NA,NA,100,0,0,0,0,75,0,NA
Tigray,NA,Hawzen Town,ET010312,NA,NA,2025-Wk03-15,0,0,NA,NA,NA,NA,NA,NA,NA,NA,NA,NA,NA,NA,NA,100,0,0,0,0,100,0,NA
Tigray,NA,Hntalo,ET010603,NA,115100.39369226915,2025-Wk03-15,0,0,NA,NA,NA,NA,NA,NA,NA,NA,NA,NA,NA,NA,NA,100,0,0,0,0,50,0,NA
Tigray,NA,Kedamay Woyane,NA,NA,NA,2025-Wk03-15,0,0,NA,NA,NA,NA,NA,NA,NA,NA,NA,NA,NA,NA,NA,100,0,0,0,0,100,0,NA
Tigray,NA,Keyih Tekli,ET010221,NA,80474.18229602408,2025-Wk03-15,0,0,NA,NA,NA,NA,NA,NA,NA,NA,NA,NA,NA,NA,NA,0,0,0,0,0,75,0,NA
Tigray,NA,Kleate Awlaelo,NA,NA,NA,2025-Wk03-15,0,0,NA,NA,NA,NA,NA,NA,NA,NA,NA,NA,NA,NA,NA,100,0,0,0,0,100,0,NA
Tigray,NA,Kola Tembien,ET010208,NA,90405.5762817066,2025-Wk03-15,0,0,NA,NA,NA,NA,NA,NA,NA,NA,NA,NA,NA,NA,NA,0,0,0,0,0,75,0,NA
Tigray,NA,Korem Town,ET010410,NA,31610.797686094527,2025-Wk03-15,0,0,NA,NA,NA,NA,NA,NA,NA,NA,NA,NA,NA,NA,NA,100,0,0,0,0,50,0,NA
Tigray,NA,Laealay Maichew,ET010205,NA,88920.49818571273,2025-Wk03-15,0,0,NA,NA,NA,NA,NA,NA,NA,NA,NA,NA,NA,NA,NA,0,0,0,0,0,100,0,NA
Tigray,NA,Laelay Koraro,ET010109,NA,81842.43284513254,2025-Wk03-15,0,0,NA,66.7,100,53.8,NA,NA,NA,66.7,NA,NA,NA,NA,NA,0,0,0,0,0,66.7,0,NA
Tigray,NA,Laelay Tselemti,NA,NA,NA,2025-Wk03-15,NA,NA,NA,NA,NA,NA,NA,NA,NA,NA,NA,NA,NA,NA,NA,NA,NA,NA,NA,NA,NA,NA,NA
Tigray,NA,Maekel Adiyabo,NA,NA,NA,2025-Wk03-15,0,0,NA,100,100,52.9,NA,NA,NA,50,NA,NA,NA,NA,NA,0,0,0,0,0,50,0,NA
Tigray,NA,Maichew Town,ET010409,NA,43945.05013609593,2025-Wk03-15,0,0,NA,NA,NA,NA,NA,NA,NA,NA,NA,NA,NA,NA,NA,100,0,0,0,0,33.3,0,NA
Tigray,NA,Maiknetal,NA,NA,NA,2025-Wk03-15,0,0,NA,NA,NA,NA,NA,NA,NA,NA,NA,NA,NA,NA,NA,0,0,0,0,0,100,0,NA
Tigray,NA,Mekhoni Town,ET010412,NA,19217.605212439237,2025-Wk03-15,0,0,NA,NA,NA,NA,NA,NA,NA,NA,NA,NA,NA,NA,NA,100,0,0,0,0,100,0,NA
Tigray,NA,Mytsebri,NA,NA,NA,2025-Wk03-15,NA,NA,NA,NA,NA,NA,NA,NA,NA,NA,NA,NA,NA,NA,NA,NA,NA,NA,NA,NA,NA,NA,NA
Tigray,NA,Naeder,ET010209,NA,61662.84224662783,2025-Wk03-15,0,0,NA,NA,NA,NA,NA,NA,NA,NA,NA,NA,NA,NA,NA,0,0,0,0,0,50,0,NA
Tigray,NA,Neksege,ET010403,NA,29103.74167995891,2025-Wk03-15,0,0,NA,NA,NA,NA,NA,NA,NA,NA,NA,NA,NA,NA,NA,100,0,0,0,0,100,0,NA
Tigray,NA,Ofla,ET010408,NA,109761.05904947905,2025-Wk03-15,0,0,NA,NA,NA,NA,NA,NA,NA,NA,NA,NA,NA,NA,NA,100,0,0,0,0,66.7,0,NA
Tigray,NA,Quiha,ET010701,NA,50302.51543990978,2025-Wk03-15,0,0,NA,NA,NA,NA,NA,NA,NA,NA,NA,NA,NA,NA,NA,100,0,0,0,0,66.7,0,NA
Tigray,NA,Rama adi-4,NA,NA,NA,2025-Wk03-15,0,0,NA,NA,NA,NA,NA,NA,NA,NA,NA,NA,NA,NA,NA,0,0,0,0,0,66.7,0,NA
Tigray,NA,Raya Alamata,ET010407,NA,121401.71372112472,2025-Wk03-15,0,0,NA,NA,NA,NA,NA,NA,NA,NA,NA,NA,NA,NA,NA,100,0,0,0,0,40,0,NA
Tigray,NA,Raya Azebo,ET010406,NA,110465.18183205872,2025-Wk03-15,0,0,NA,NA,NA,NA,NA,NA,NA,NA,NA,NA,NA,NA,NA,100,0,0,0,0,75,0,NA
Tigray,NA,Raya Chercher,ET010414,NA,110465.18183205872,2025-Wk03-15,0,0,NA,NA,NA,NA,NA,NA,NA,NA,NA,NA,NA,NA,NA,100,0,0,0,0,75,0,NA
Tigray,NA,Samre,ET010606,NA,77093.55093930387,2025-Wk03-15,0,0,NA,NA,NA,NA,NA,NA,NA,NA,NA,NA,NA,NA,NA,100,0,0,0,0,100,0,NA
Tigray,NA,Seharti,ET010601,NA,90908.67148360955,2025-Wk03-15,0,0,NA,NA,NA,NA,NA,NA,NA,NA,NA,NA,NA,NA,NA,100,0,0,0,0,50,0,NA
Tigray,NA,Selewa,ET010401,NA,32305.447964872663,2025-Wk03-15,0,0,NA,NA,NA,NA,NA,NA,NA,NA,NA,NA,NA,NA,NA,100,0,0,0,0,100,0,NA
Tigray,NA,Seyemti Adiyabo,ET010110,NA,117044.36197242553,2025-Wk03-15,0,0,100,100,100,65.2,NA,NA,NA,100,100,NA,NA,NA,NA,0,100,0,0,0,100,0,NA
Tigray,NA,Sheraro Town,ET010107,NA,32048.63786180923,2025-Wk03-15,0,0,NA,0,100,72,NA,NA,NA,50,NA,NA,NA,NA,NA,0,0,0,0,0,50,0,NA
Tigray,NA,Subha Sasea,NA,NA,NA,2025-Wk03-15,0,0,NA,NA,NA,NA,NA,NA,NA,NA,NA,NA,NA,NA,NA,100,0,0,0,0,66.7,0,NA
Tigray,NA,Tahatay Adiyabo,ET010101,NA,76870.42084975695,2025-Wk03-15,0,0,NA,60,60,41.7,NA,NA,NA,40,20,NA,NA,NA,NA,0,0,0,0,0,80,0,NA
Tigray,NA,Tahatay Koraro,ET010104,NA,92971.57231149611,2025-Wk03-15,0,0,NA,100,100,50,NA,NA,NA,80,NA,NA,NA,NA,NA,0,0,0,0,0,80,0,NA
Tigray,NA,Tahatay Maichew,ET010206,NA,90446.62379817985,2025-Wk03-15,0,0,NA,NA,NA,NA,NA,NA,NA,NA,NA,NA,NA,NA,NA,0,0,0,0,0,75,0,NA
Tigray,NA,Tanqua Mlash,ET010222,NA,57766.485682935956,2025-Wk03-15,0,0,NA,NA,NA,NA,NA,NA,NA,NA,NA,NA,NA,NA,NA,0,0,0,0,0,100,0,NA
Tigray,NA,Tsaeda Emba,ET010314,NA,85090.4491486315,2025-Wk03-15,0,0,NA,NA,NA,NA,NA,NA,NA,NA,NA,NA,NA,NA,NA,100,0,0,0,0,66.7,0,NA
Tigray,NA,Tselemti,ET010106,NA,81498.26520701064,2025-Wk03-15,NA,NA,NA,NA,NA,NA,NA,NA,NA,NA,NA,NA,NA,NA,NA,NA,NA,NA,NA,NA,NA,NA,NA
Tigray,NA,Tsmbla,ET010113,NA,90590.81635604742,2025-Wk03-15,0,0,NA,100,100,58.1,NA,NA,NA,66.7,NA,NA,NA,NA,NA,0,0,0,0,0,66.7,0,NA
Tigray,NA,Tsrea Wenberta,NA,NA,NA,2025-Wk03-15,0,0,NA,NA,NA,NA,NA,NA,NA,NA,NA,NA,NA,NA,NA,100,0,0,0,0,66.7,0,NA
Tigray,NA,Wejirat,ET010608,NA,59068.42870543375,2025-Wk03-15,0,0,NA,NA,NA,NA,NA,NA,NA,NA,NA,NA,NA,NA,NA,100,0,0,0,0,33.3,0,NA
Tigray,NA,Wukro Town,ET010309,NA,42029.499367344106,2025-Wk03-15,0,0,NA,NA,NA,NA,NA,NA,NA,NA,NA,NA,NA,NA,NA,100,0,0,0,0,66.7,0,NA
Tigray,NA,Zalanbesa,ET010318,NA,9874.558962873374,2025-Wk03-15,0,0,NA,NA,NA,NA,NA,NA,NA,NA,NA,NA,NA,NA,NA,100,0,0,0,0,0,0,NA
Tigray,NA,Zana,ET010103,NA,74901.19255946318,2025-Wk03-15,0,0,NA,75,100,40,NA,NA,NA,75,NA,NA,NA,NA,NA,0,0,0,0,0,75,0,NA
Tigray,NA,Zata,ET010413,NA,49506.46236801054,2025-Wk03-15,0,0,NA,NA,NA,NA,NA,NA,NA,NA,NA,NA,NA,NA,NA,100,0,0,0,0,50,0,NA
